0.000000000000000000e+00|0.000000000000000000e+00|0.000000000000000000e+00|0.000000000000000000e+00|0.000000000000000000e+00|0.000000000000000000e+00|0.000000000000000000e+00|0.000000000000000000e+00|0.000000000000000000e+00|0.000000000000000000e+00|0.000000000000000000e+00|0.000000000000000000e+00|0.000000000000000000e+00|0.000000000000000000e+00|0.000000000000000000e+00|0.000000000000000000e+00|0.000000000000000000e+00|0.000000000000000000e+00|0.000000000000000000e+00|0.000000000000000000e+00|0.000000000000000000e+00|0.000000000000000000e+00|0.000000000000000000e+00|0.000000000000000000e+00|0.000000000000000000e+00|0.000000000000000000e+00|0.000000000000000000e+00|0.000000000000000000e+00|0.000000000000000000e+00|0.000000000000000000e+00|0.000000000000000000e+00|0.000000000000000000e+00|0.000000000000000000e+00|0.000000000000000000e+00|0.000000000000000000e+00|0.000000000000000000e+00|0.000000000000000000e+00|0.000000000000000000e+00|0.000000000000000000e+00|0.000000000000000000e+00|0.000000000000000000e+00|0.000000000000000000e+00|0.000000000000000000e+00|0.000000000000000000e+00|0.000000000000000000e+00|0.000000000000000000e+00|0.000000000000000000e+00|0.000000000000000000e+00|0.000000000000000000e+00|0.000000000000000000e+00|0.000000000000000000e+00|0.000000000000000000e+00|0.000000000000000000e+00|0.000000000000000000e+00|0.000000000000000000e+00|0.000000000000000000e+00|0.000000000000000000e+00
0.000000000000000000e+00|0.000000000000000000e+00|0.000000000000000000e+00|0.000000000000000000e+00|0.000000000000000000e+00|0.000000000000000000e+00|0.000000000000000000e+00|0.000000000000000000e+00|0.000000000000000000e+00|0.000000000000000000e+00|0.000000000000000000e+00|0.000000000000000000e+00|0.000000000000000000e+00|0.000000000000000000e+00|0.000000000000000000e+00|0.000000000000000000e+00|0.000000000000000000e+00|0.000000000000000000e+00|0.000000000000000000e+00|0.000000000000000000e+00|0.000000000000000000e+00|0.000000000000000000e+00|0.000000000000000000e+00|0.000000000000000000e+00|0.000000000000000000e+00|0.000000000000000000e+00|0.000000000000000000e+00|0.000000000000000000e+00|0.000000000000000000e+00|0.000000000000000000e+00|0.000000000000000000e+00|0.000000000000000000e+00|0.000000000000000000e+00|0.000000000000000000e+00|0.000000000000000000e+00|0.000000000000000000e+00|0.000000000000000000e+00|0.000000000000000000e+00|0.000000000000000000e+00|0.000000000000000000e+00|0.000000000000000000e+00|0.000000000000000000e+00|0.000000000000000000e+00|0.000000000000000000e+00|0.000000000000000000e+00|0.000000000000000000e+00|0.000000000000000000e+00|0.000000000000000000e+00|0.000000000000000000e+00|0.000000000000000000e+00|0.000000000000000000e+00|0.000000000000000000e+00|0.000000000000000000e+00|0.000000000000000000e+00|0.000000000000000000e+00|0.000000000000000000e+00|0.000000000000000000e+00
0.000000000000000000e+00|0.000000000000000000e+00|0.000000000000000000e+00|0.000000000000000000e+00|0.000000000000000000e+00|0.000000000000000000e+00|0.000000000000000000e+00|0.000000000000000000e+00|0.000000000000000000e+00|0.000000000000000000e+00|0.000000000000000000e+00|0.000000000000000000e+00|0.000000000000000000e+00|0.000000000000000000e+00|0.000000000000000000e+00|0.000000000000000000e+00|0.000000000000000000e+00|0.000000000000000000e+00|0.000000000000000000e+00|0.000000000000000000e+00|0.000000000000000000e+00|0.000000000000000000e+00|0.000000000000000000e+00|0.000000000000000000e+00|0.000000000000000000e+00|0.000000000000000000e+00|0.000000000000000000e+00|0.000000000000000000e+00|0.000000000000000000e+00|0.000000000000000000e+00|0.000000000000000000e+00|0.000000000000000000e+00|0.000000000000000000e+00|0.000000000000000000e+00|0.000000000000000000e+00|0.000000000000000000e+00|0.000000000000000000e+00|0.000000000000000000e+00|0.000000000000000000e+00|0.000000000000000000e+00|0.000000000000000000e+00|0.000000000000000000e+00|0.000000000000000000e+00|0.000000000000000000e+00|0.000000000000000000e+00|0.000000000000000000e+00|0.000000000000000000e+00|0.000000000000000000e+00|0.000000000000000000e+00|0.000000000000000000e+00|0.000000000000000000e+00|0.000000000000000000e+00|0.000000000000000000e+00|0.000000000000000000e+00|0.000000000000000000e+00|0.000000000000000000e+00|0.000000000000000000e+00
0.000000000000000000e+00|0.000000000000000000e+00|0.000000000000000000e+00|0.000000000000000000e+00|0.000000000000000000e+00|0.000000000000000000e+00|0.000000000000000000e+00|0.000000000000000000e+00|0.000000000000000000e+00|0.000000000000000000e+00|0.000000000000000000e+00|0.000000000000000000e+00|0.000000000000000000e+00|0.000000000000000000e+00|0.000000000000000000e+00|0.000000000000000000e+00|0.000000000000000000e+00|0.000000000000000000e+00|0.000000000000000000e+00|0.000000000000000000e+00|0.000000000000000000e+00|0.000000000000000000e+00|0.000000000000000000e+00|0.000000000000000000e+00|0.000000000000000000e+00|0.000000000000000000e+00|0.000000000000000000e+00|0.000000000000000000e+00|0.000000000000000000e+00|0.000000000000000000e+00|0.000000000000000000e+00|0.000000000000000000e+00|0.000000000000000000e+00|0.000000000000000000e+00|0.000000000000000000e+00|0.000000000000000000e+00|0.000000000000000000e+00|0.000000000000000000e+00|0.000000000000000000e+00|0.000000000000000000e+00|0.000000000000000000e+00|0.000000000000000000e+00|0.000000000000000000e+00|0.000000000000000000e+00|0.000000000000000000e+00|0.000000000000000000e+00|0.000000000000000000e+00|0.000000000000000000e+00|0.000000000000000000e+00|0.000000000000000000e+00|0.000000000000000000e+00|0.000000000000000000e+00|0.000000000000000000e+00|0.000000000000000000e+00|0.000000000000000000e+00|0.000000000000000000e+00|0.000000000000000000e+00
0.000000000000000000e+00|0.000000000000000000e+00|0.000000000000000000e+00|0.000000000000000000e+00|0.000000000000000000e+00|0.000000000000000000e+00|0.000000000000000000e+00|0.000000000000000000e+00|0.000000000000000000e+00|0.000000000000000000e+00|0.000000000000000000e+00|0.000000000000000000e+00|0.000000000000000000e+00|0.000000000000000000e+00|0.000000000000000000e+00|0.000000000000000000e+00|0.000000000000000000e+00|0.000000000000000000e+00|0.000000000000000000e+00|0.000000000000000000e+00|0.000000000000000000e+00|0.000000000000000000e+00|0.000000000000000000e+00|0.000000000000000000e+00|0.000000000000000000e+00|0.000000000000000000e+00|0.000000000000000000e+00|0.000000000000000000e+00|0.000000000000000000e+00|0.000000000000000000e+00|0.000000000000000000e+00|0.000000000000000000e+00|0.000000000000000000e+00|0.000000000000000000e+00|0.000000000000000000e+00|0.000000000000000000e+00|0.000000000000000000e+00|0.000000000000000000e+00|0.000000000000000000e+00|0.000000000000000000e+00|0.000000000000000000e+00|0.000000000000000000e+00|0.000000000000000000e+00|0.000000000000000000e+00|0.000000000000000000e+00|0.000000000000000000e+00|0.000000000000000000e+00|0.000000000000000000e+00|0.000000000000000000e+00|0.000000000000000000e+00|0.000000000000000000e+00|0.000000000000000000e+00|0.000000000000000000e+00|0.000000000000000000e+00|0.000000000000000000e+00|0.000000000000000000e+00|0.000000000000000000e+00
0.000000000000000000e+00|0.000000000000000000e+00|0.000000000000000000e+00|0.000000000000000000e+00|0.000000000000000000e+00|0.000000000000000000e+00|0.000000000000000000e+00|0.000000000000000000e+00|0.000000000000000000e+00|0.000000000000000000e+00|0.000000000000000000e+00|0.000000000000000000e+00|0.000000000000000000e+00|0.000000000000000000e+00|0.000000000000000000e+00|0.000000000000000000e+00|0.000000000000000000e+00|0.000000000000000000e+00|0.000000000000000000e+00|0.000000000000000000e+00|0.000000000000000000e+00|0.000000000000000000e+00|0.000000000000000000e+00|0.000000000000000000e+00|0.000000000000000000e+00|0.000000000000000000e+00|0.000000000000000000e+00|0.000000000000000000e+00|0.000000000000000000e+00|0.000000000000000000e+00|0.000000000000000000e+00|0.000000000000000000e+00|0.000000000000000000e+00|0.000000000000000000e+00|0.000000000000000000e+00|0.000000000000000000e+00|0.000000000000000000e+00|0.000000000000000000e+00|0.000000000000000000e+00|0.000000000000000000e+00|0.000000000000000000e+00|0.000000000000000000e+00|0.000000000000000000e+00|0.000000000000000000e+00|0.000000000000000000e+00|0.000000000000000000e+00|0.000000000000000000e+00|0.000000000000000000e+00|0.000000000000000000e+00|0.000000000000000000e+00|0.000000000000000000e+00|0.000000000000000000e+00|0.000000000000000000e+00|0.000000000000000000e+00|0.000000000000000000e+00|0.000000000000000000e+00|0.000000000000000000e+00
0.000000000000000000e+00|0.000000000000000000e+00|0.000000000000000000e+00|0.000000000000000000e+00|0.000000000000000000e+00|0.000000000000000000e+00|0.000000000000000000e+00|0.000000000000000000e+00|0.000000000000000000e+00|0.000000000000000000e+00|0.000000000000000000e+00|0.000000000000000000e+00|0.000000000000000000e+00|0.000000000000000000e+00|0.000000000000000000e+00|0.000000000000000000e+00|0.000000000000000000e+00|0.000000000000000000e+00|0.000000000000000000e+00|0.000000000000000000e+00|0.000000000000000000e+00|0.000000000000000000e+00|0.000000000000000000e+00|0.000000000000000000e+00|0.000000000000000000e+00|0.000000000000000000e+00|0.000000000000000000e+00|0.000000000000000000e+00|0.000000000000000000e+00|0.000000000000000000e+00|0.000000000000000000e+00|0.000000000000000000e+00|0.000000000000000000e+00|0.000000000000000000e+00|0.000000000000000000e+00|0.000000000000000000e+00|0.000000000000000000e+00|0.000000000000000000e+00|0.000000000000000000e+00|0.000000000000000000e+00|0.000000000000000000e+00|0.000000000000000000e+00|0.000000000000000000e+00|0.000000000000000000e+00|0.000000000000000000e+00|0.000000000000000000e+00|0.000000000000000000e+00|0.000000000000000000e+00|0.000000000000000000e+00|0.000000000000000000e+00|0.000000000000000000e+00|0.000000000000000000e+00|0.000000000000000000e+00|0.000000000000000000e+00|0.000000000000000000e+00|0.000000000000000000e+00|0.000000000000000000e+00
0.000000000000000000e+00|0.000000000000000000e+00|0.000000000000000000e+00|0.000000000000000000e+00|0.000000000000000000e+00|0.000000000000000000e+00|0.000000000000000000e+00|0.000000000000000000e+00|0.000000000000000000e+00|0.000000000000000000e+00|0.000000000000000000e+00|0.000000000000000000e+00|0.000000000000000000e+00|0.000000000000000000e+00|0.000000000000000000e+00|0.000000000000000000e+00|0.000000000000000000e+00|0.000000000000000000e+00|0.000000000000000000e+00|0.000000000000000000e+00|0.000000000000000000e+00|0.000000000000000000e+00|0.000000000000000000e+00|0.000000000000000000e+00|0.000000000000000000e+00|0.000000000000000000e+00|0.000000000000000000e+00|0.000000000000000000e+00|0.000000000000000000e+00|0.000000000000000000e+00|0.000000000000000000e+00|0.000000000000000000e+00|0.000000000000000000e+00|0.000000000000000000e+00|0.000000000000000000e+00|0.000000000000000000e+00|0.000000000000000000e+00|0.000000000000000000e+00|0.000000000000000000e+00|0.000000000000000000e+00|0.000000000000000000e+00|0.000000000000000000e+00|0.000000000000000000e+00|0.000000000000000000e+00|0.000000000000000000e+00|0.000000000000000000e+00|0.000000000000000000e+00|0.000000000000000000e+00|0.000000000000000000e+00|0.000000000000000000e+00|0.000000000000000000e+00|0.000000000000000000e+00|0.000000000000000000e+00|0.000000000000000000e+00|0.000000000000000000e+00|0.000000000000000000e+00|0.000000000000000000e+00
0.000000000000000000e+00|0.000000000000000000e+00|0.000000000000000000e+00|0.000000000000000000e+00|0.000000000000000000e+00|0.000000000000000000e+00|0.000000000000000000e+00|1.270000040531158447e-01|1.270000040531158447e-01|0.000000000000000000e+00|0.000000000000000000e+00|1.134375035762786865e-01|1.134375035762786865e-01|0.000000000000000000e+00|0.000000000000000000e+00|1.103999987244606018e-01|1.103999987244606018e-01|0.000000000000000000e+00|0.000000000000000000e+00|1.169999986886978149e-01|1.169999986886978149e-01|0.000000000000000000e+00|1.107460334897041321e-01|1.107460334897041321e-01|0.000000000000000000e+00|0.000000000000000000e+00|9.669230878353118896e-02|9.669230878353118896e-02|0.000000000000000000e+00|0.000000000000000000e+00|1.068666651844978333e-01|1.068666651844978333e-01|0.000000000000000000e+00|0.000000000000000000e+00|1.034523844718933105e-01|1.034523844718933105e-01|0.000000000000000000e+00|0.000000000000000000e+00|1.111666634678840637e-01|1.111666634678840637e-01|0.000000000000000000e+00|0.000000000000000000e+00|1.127500012516975403e-01|1.127500012516975403e-01|0.000000000000000000e+00|0.000000000000000000e+00|0.000000000000000000e+00|0.000000000000000000e+00|0.000000000000000000e+00|0.000000000000000000e+00|0.000000000000000000e+00|0.000000000000000000e+00|0.000000000000000000e+00|0.000000000000000000e+00|0.000000000000000000e+00|0.000000000000000000e+00|0.000000000000000000e+00
0.000000000000000000e+00|0.000000000000000000e+00|0.000000000000000000e+00|0.000000000000000000e+00|0.000000000000000000e+00|0.000000000000000000e+00|0.000000000000000000e+00|1.270000040531158447e-01|1.270000040531158447e-01|0.000000000000000000e+00|0.000000000000000000e+00|1.134375035762786865e-01|1.134375035762786865e-01|0.000000000000000000e+00|0.000000000000000000e+00|1.103999987244606018e-01|1.103999987244606018e-01|0.000000000000000000e+00|0.000000000000000000e+00|1.169999986886978149e-01|1.169999986886978149e-01|0.000000000000000000e+00|1.107460334897041321e-01|1.107460334897041321e-01|0.000000000000000000e+00|0.000000000000000000e+00|9.669230878353118896e-02|9.669230878353118896e-02|0.000000000000000000e+00|0.000000000000000000e+00|1.068666651844978333e-01|1.068666651844978333e-01|0.000000000000000000e+00|0.000000000000000000e+00|1.034523844718933105e-01|1.034523844718933105e-01|0.000000000000000000e+00|0.000000000000000000e+00|1.111666634678840637e-01|1.111666634678840637e-01|0.000000000000000000e+00|0.000000000000000000e+00|1.127500012516975403e-01|1.127500012516975403e-01|0.000000000000000000e+00|0.000000000000000000e+00|0.000000000000000000e+00|0.000000000000000000e+00|0.000000000000000000e+00|0.000000000000000000e+00|0.000000000000000000e+00|0.000000000000000000e+00|0.000000000000000000e+00|0.000000000000000000e+00|0.000000000000000000e+00|0.000000000000000000e+00|0.000000000000000000e+00
0.000000000000000000e+00|0.000000000000000000e+00|0.000000000000000000e+00|0.000000000000000000e+00|0.000000000000000000e+00|0.000000000000000000e+00|0.000000000000000000e+00|0.000000000000000000e+00|0.000000000000000000e+00|0.000000000000000000e+00|0.000000000000000000e+00|0.000000000000000000e+00|0.000000000000000000e+00|0.000000000000000000e+00|0.000000000000000000e+00|0.000000000000000000e+00|0.000000000000000000e+00|0.000000000000000000e+00|0.000000000000000000e+00|0.000000000000000000e+00|0.000000000000000000e+00|0.000000000000000000e+00|0.000000000000000000e+00|0.000000000000000000e+00|0.000000000000000000e+00|0.000000000000000000e+00|0.000000000000000000e+00|0.000000000000000000e+00|0.000000000000000000e+00|0.000000000000000000e+00|0.000000000000000000e+00|0.000000000000000000e+00|0.000000000000000000e+00|0.000000000000000000e+00|0.000000000000000000e+00|0.000000000000000000e+00|0.000000000000000000e+00|0.000000000000000000e+00|0.000000000000000000e+00|0.000000000000000000e+00|0.000000000000000000e+00|0.000000000000000000e+00|0.000000000000000000e+00|0.000000000000000000e+00|0.000000000000000000e+00|0.000000000000000000e+00|0.000000000000000000e+00|0.000000000000000000e+00|0.000000000000000000e+00|0.000000000000000000e+00|0.000000000000000000e+00|0.000000000000000000e+00|0.000000000000000000e+00|0.000000000000000000e+00|0.000000000000000000e+00|0.000000000000000000e+00|0.000000000000000000e+00
0.000000000000000000e+00|0.000000000000000000e+00|0.000000000000000000e+00|0.000000000000000000e+00|0.000000000000000000e+00|0.000000000000000000e+00|0.000000000000000000e+00|0.000000000000000000e+00|1.151333302259445190e-01|1.151333302259445190e-01|0.000000000000000000e+00|0.000000000000000000e+00|1.114000007510185242e-01|1.114000007510185242e-01|0.000000000000000000e+00|0.000000000000000000e+00|1.268214285373687744e-01|1.268214285373687744e-01|0.000000000000000000e+00|0.000000000000000000e+00|1.069374978542327881e-01|1.069374978542327881e-01|0.000000000000000000e+00|1.050666645169258118e-01|1.050666645169258118e-01|0.000000000000000000e+00|0.000000000000000000e+00|9.334693849086761475e-02|9.334693849086761475e-02|0.000000000000000000e+00|0.000000000000000000e+00|8.200000226497650146e-02|8.200000226497650146e-02|0.000000000000000000e+00|0.000000000000000000e+00|8.500000089406967163e-02|8.500000089406967163e-02|0.000000000000000000e+00|0.000000000000000000e+00|9.431249648332595825e-02|9.431249648332595825e-02|0.000000000000000000e+00|0.000000000000000000e+00|0.000000000000000000e+00|0.000000000000000000e+00|0.000000000000000000e+00|0.000000000000000000e+00|0.000000000000000000e+00|0.000000000000000000e+00|0.000000000000000000e+00|0.000000000000000000e+00|0.000000000000000000e+00|0.000000000000000000e+00|0.000000000000000000e+00|0.000000000000000000e+00|0.000000000000000000e+00|0.000000000000000000e+00
0.000000000000000000e+00|0.000000000000000000e+00|0.000000000000000000e+00|0.000000000000000000e+00|0.000000000000000000e+00|0.000000000000000000e+00|0.000000000000000000e+00|0.000000000000000000e+00|1.151333302259445190e-01|1.151333302259445190e-01|0.000000000000000000e+00|0.000000000000000000e+00|1.114000007510185242e-01|1.114000007510185242e-01|0.000000000000000000e+00|0.000000000000000000e+00|1.268214285373687744e-01|1.268214285373687744e-01|0.000000000000000000e+00|0.000000000000000000e+00|1.069374978542327881e-01|1.069374978542327881e-01|0.000000000000000000e+00|1.050666645169258118e-01|1.050666645169258118e-01|0.000000000000000000e+00|0.000000000000000000e+00|9.334693849086761475e-02|9.334693849086761475e-02|0.000000000000000000e+00|0.000000000000000000e+00|8.200000226497650146e-02|8.200000226497650146e-02|0.000000000000000000e+00|0.000000000000000000e+00|8.500000089406967163e-02|8.500000089406967163e-02|0.000000000000000000e+00|0.000000000000000000e+00|9.431249648332595825e-02|9.431249648332595825e-02|0.000000000000000000e+00|0.000000000000000000e+00|0.000000000000000000e+00|0.000000000000000000e+00|0.000000000000000000e+00|0.000000000000000000e+00|0.000000000000000000e+00|0.000000000000000000e+00|0.000000000000000000e+00|0.000000000000000000e+00|0.000000000000000000e+00|0.000000000000000000e+00|0.000000000000000000e+00|0.000000000000000000e+00|0.000000000000000000e+00|0.000000000000000000e+00
0.000000000000000000e+00|0.000000000000000000e+00|0.000000000000000000e+00|0.000000000000000000e+00|0.000000000000000000e+00|0.000000000000000000e+00|0.000000000000000000e+00|0.000000000000000000e+00|0.000000000000000000e+00|0.000000000000000000e+00|0.000000000000000000e+00|0.000000000000000000e+00|0.000000000000000000e+00|0.000000000000000000e+00|0.000000000000000000e+00|0.000000000000000000e+00|0.000000000000000000e+00|0.000000000000000000e+00|0.000000000000000000e+00|0.000000000000000000e+00|0.000000000000000000e+00|0.000000000000000000e+00|0.000000000000000000e+00|0.000000000000000000e+00|0.000000000000000000e+00|0.000000000000000000e+00|0.000000000000000000e+00|0.000000000000000000e+00|0.000000000000000000e+00|0.000000000000000000e+00|0.000000000000000000e+00|0.000000000000000000e+00|0.000000000000000000e+00|0.000000000000000000e+00|0.000000000000000000e+00|0.000000000000000000e+00|0.000000000000000000e+00|0.000000000000000000e+00|0.000000000000000000e+00|0.000000000000000000e+00|0.000000000000000000e+00|0.000000000000000000e+00|0.000000000000000000e+00|0.000000000000000000e+00|0.000000000000000000e+00|0.000000000000000000e+00|0.000000000000000000e+00|0.000000000000000000e+00|0.000000000000000000e+00|0.000000000000000000e+00|0.000000000000000000e+00|0.000000000000000000e+00|0.000000000000000000e+00|0.000000000000000000e+00|0.000000000000000000e+00|0.000000000000000000e+00|0.000000000000000000e+00
0.000000000000000000e+00|0.000000000000000000e+00|0.000000000000000000e+00|0.000000000000000000e+00|0.000000000000000000e+00|0.000000000000000000e+00|0.000000000000000000e+00|0.000000000000000000e+00|0.000000000000000000e+00|0.000000000000000000e+00|0.000000000000000000e+00|0.000000000000000000e+00|0.000000000000000000e+00|0.000000000000000000e+00|0.000000000000000000e+00|0.000000000000000000e+00|0.000000000000000000e+00|0.000000000000000000e+00|0.000000000000000000e+00|0.000000000000000000e+00|0.000000000000000000e+00|0.000000000000000000e+00|0.000000000000000000e+00|0.000000000000000000e+00|0.000000000000000000e+00|0.000000000000000000e+00|0.000000000000000000e+00|0.000000000000000000e+00|0.000000000000000000e+00|0.000000000000000000e+00|0.000000000000000000e+00|0.000000000000000000e+00|0.000000000000000000e+00|0.000000000000000000e+00|0.000000000000000000e+00|0.000000000000000000e+00|0.000000000000000000e+00|0.000000000000000000e+00|0.000000000000000000e+00|0.000000000000000000e+00|0.000000000000000000e+00|0.000000000000000000e+00|0.000000000000000000e+00|0.000000000000000000e+00|0.000000000000000000e+00|0.000000000000000000e+00|0.000000000000000000e+00|0.000000000000000000e+00|0.000000000000000000e+00|0.000000000000000000e+00|0.000000000000000000e+00|0.000000000000000000e+00|0.000000000000000000e+00|0.000000000000000000e+00|0.000000000000000000e+00|0.000000000000000000e+00|0.000000000000000000e+00
0.000000000000000000e+00|0.000000000000000000e+00|0.000000000000000000e+00|0.000000000000000000e+00|0.000000000000000000e+00|0.000000000000000000e+00|0.000000000000000000e+00|0.000000000000000000e+00|0.000000000000000000e+00|0.000000000000000000e+00|1.089999973773956299e-01|1.089999973773956299e-01|0.000000000000000000e+00|0.000000000000000000e+00|1.049999967217445374e-01|1.049999967217445374e-01|0.000000000000000000e+00|0.000000000000000000e+00|1.128695681691169739e-01|1.128695681691169739e-01|0.000000000000000000e+00|0.000000000000000000e+00|1.055714264512062073e-01|1.055714264512062073e-01|0.000000000000000000e+00|8.919999748468399048e-02|8.919999748468399048e-02|0.000000000000000000e+00|0.000000000000000000e+00|1.055454537272453308e-01|1.055454537272453308e-01|0.000000000000000000e+00|0.000000000000000000e+00|9.480000287294387817e-02|9.480000287294387817e-02|0.000000000000000000e+00|0.000000000000000000e+00|0.000000000000000000e+00|0.000000000000000000e+00|0.000000000000000000e+00|0.000000000000000000e+00|0.000000000000000000e+00|0.000000000000000000e+00|0.000000000000000000e+00|0.000000000000000000e+00|0.000000000000000000e+00|0.000000000000000000e+00|0.000000000000000000e+00|0.000000000000000000e+00|0.000000000000000000e+00|0.000000000000000000e+00|0.000000000000000000e+00|0.000000000000000000e+00|0.000000000000000000e+00|0.000000000000000000e+00|0.000000000000000000e+00|0.000000000000000000e+00
0.000000000000000000e+00|0.000000000000000000e+00|0.000000000000000000e+00|0.000000000000000000e+00|0.000000000000000000e+00|0.000000000000000000e+00|0.000000000000000000e+00|0.000000000000000000e+00|0.000000000000000000e+00|0.000000000000000000e+00|1.089999973773956299e-01|1.089999973773956299e-01|0.000000000000000000e+00|0.000000000000000000e+00|1.049999967217445374e-01|1.049999967217445374e-01|0.000000000000000000e+00|0.000000000000000000e+00|1.128695681691169739e-01|1.128695681691169739e-01|0.000000000000000000e+00|0.000000000000000000e+00|1.055714264512062073e-01|1.055714264512062073e-01|0.000000000000000000e+00|8.919999748468399048e-02|8.919999748468399048e-02|0.000000000000000000e+00|0.000000000000000000e+00|1.055454537272453308e-01|1.055454537272453308e-01|0.000000000000000000e+00|0.000000000000000000e+00|9.480000287294387817e-02|9.480000287294387817e-02|0.000000000000000000e+00|0.000000000000000000e+00|0.000000000000000000e+00|0.000000000000000000e+00|0.000000000000000000e+00|0.000000000000000000e+00|0.000000000000000000e+00|0.000000000000000000e+00|0.000000000000000000e+00|0.000000000000000000e+00|0.000000000000000000e+00|0.000000000000000000e+00|0.000000000000000000e+00|0.000000000000000000e+00|0.000000000000000000e+00|0.000000000000000000e+00|0.000000000000000000e+00|0.000000000000000000e+00|0.000000000000000000e+00|0.000000000000000000e+00|0.000000000000000000e+00|0.000000000000000000e+00
0.000000000000000000e+00|0.000000000000000000e+00|0.000000000000000000e+00|0.000000000000000000e+00|0.000000000000000000e+00|0.000000000000000000e+00|0.000000000000000000e+00|0.000000000000000000e+00|0.000000000000000000e+00|0.000000000000000000e+00|0.000000000000000000e+00|0.000000000000000000e+00|0.000000000000000000e+00|0.000000000000000000e+00|0.000000000000000000e+00|0.000000000000000000e+00|0.000000000000000000e+00|0.000000000000000000e+00|0.000000000000000000e+00|0.000000000000000000e+00|0.000000000000000000e+00|0.000000000000000000e+00|0.000000000000000000e+00|0.000000000000000000e+00|0.000000000000000000e+00|0.000000000000000000e+00|0.000000000000000000e+00|0.000000000000000000e+00|0.000000000000000000e+00|0.000000000000000000e+00|0.000000000000000000e+00|0.000000000000000000e+00|0.000000000000000000e+00|0.000000000000000000e+00|0.000000000000000000e+00|0.000000000000000000e+00|0.000000000000000000e+00|0.000000000000000000e+00|0.000000000000000000e+00|0.000000000000000000e+00|0.000000000000000000e+00|0.000000000000000000e+00|0.000000000000000000e+00|0.000000000000000000e+00|0.000000000000000000e+00|0.000000000000000000e+00|0.000000000000000000e+00|0.000000000000000000e+00|0.000000000000000000e+00|0.000000000000000000e+00|0.000000000000000000e+00|0.000000000000000000e+00|0.000000000000000000e+00|0.000000000000000000e+00|0.000000000000000000e+00|0.000000000000000000e+00|0.000000000000000000e+00
0.000000000000000000e+00|0.000000000000000000e+00|0.000000000000000000e+00|0.000000000000000000e+00|0.000000000000000000e+00|0.000000000000000000e+00|0.000000000000000000e+00|0.000000000000000000e+00|0.000000000000000000e+00|0.000000000000000000e+00|0.000000000000000000e+00|0.000000000000000000e+00|0.000000000000000000e+00|0.000000000000000000e+00|0.000000000000000000e+00|0.000000000000000000e+00|0.000000000000000000e+00|0.000000000000000000e+00|0.000000000000000000e+00|0.000000000000000000e+00|0.000000000000000000e+00|0.000000000000000000e+00|0.000000000000000000e+00|0.000000000000000000e+00|0.000000000000000000e+00|0.000000000000000000e+00|0.000000000000000000e+00|0.000000000000000000e+00|0.000000000000000000e+00|0.000000000000000000e+00|0.000000000000000000e+00|0.000000000000000000e+00|0.000000000000000000e+00|0.000000000000000000e+00|0.000000000000000000e+00|0.000000000000000000e+00|0.000000000000000000e+00|0.000000000000000000e+00|0.000000000000000000e+00|0.000000000000000000e+00|0.000000000000000000e+00|0.000000000000000000e+00|0.000000000000000000e+00|0.000000000000000000e+00|0.000000000000000000e+00|0.000000000000000000e+00|0.000000000000000000e+00|0.000000000000000000e+00|0.000000000000000000e+00|0.000000000000000000e+00|0.000000000000000000e+00|0.000000000000000000e+00|0.000000000000000000e+00|0.000000000000000000e+00|0.000000000000000000e+00|0.000000000000000000e+00|0.000000000000000000e+00
0.000000000000000000e+00|0.000000000000000000e+00|0.000000000000000000e+00|0.000000000000000000e+00|0.000000000000000000e+00|0.000000000000000000e+00|0.000000000000000000e+00|0.000000000000000000e+00|0.000000000000000000e+00|0.000000000000000000e+00|0.000000000000000000e+00|0.000000000000000000e+00|0.000000000000000000e+00|0.000000000000000000e+00|0.000000000000000000e+00|0.000000000000000000e+00|0.000000000000000000e+00|0.000000000000000000e+00|0.000000000000000000e+00|0.000000000000000000e+00|0.000000000000000000e+00|0.000000000000000000e+00|0.000000000000000000e+00|0.000000000000000000e+00|0.000000000000000000e+00|0.000000000000000000e+00|0.000000000000000000e+00|0.000000000000000000e+00|0.000000000000000000e+00|0.000000000000000000e+00|0.000000000000000000e+00|0.000000000000000000e+00|0.000000000000000000e+00|0.000000000000000000e+00|0.000000000000000000e+00|0.000000000000000000e+00|0.000000000000000000e+00|0.000000000000000000e+00|0.000000000000000000e+00|0.000000000000000000e+00|0.000000000000000000e+00|0.000000000000000000e+00|0.000000000000000000e+00|0.000000000000000000e+00|0.000000000000000000e+00|0.000000000000000000e+00|0.000000000000000000e+00|0.000000000000000000e+00|0.000000000000000000e+00|0.000000000000000000e+00|0.000000000000000000e+00|0.000000000000000000e+00|0.000000000000000000e+00|0.000000000000000000e+00|0.000000000000000000e+00|0.000000000000000000e+00|0.000000000000000000e+00
0.000000000000000000e+00|0.000000000000000000e+00|0.000000000000000000e+00|0.000000000000000000e+00|0.000000000000000000e+00|0.000000000000000000e+00|0.000000000000000000e+00|0.000000000000000000e+00|0.000000000000000000e+00|0.000000000000000000e+00|0.000000000000000000e+00|0.000000000000000000e+00|0.000000000000000000e+00|0.000000000000000000e+00|0.000000000000000000e+00|0.000000000000000000e+00|0.000000000000000000e+00|0.000000000000000000e+00|0.000000000000000000e+00|0.000000000000000000e+00|0.000000000000000000e+00|0.000000000000000000e+00|0.000000000000000000e+00|0.000000000000000000e+00|0.000000000000000000e+00|0.000000000000000000e+00|0.000000000000000000e+00|0.000000000000000000e+00|0.000000000000000000e+00|0.000000000000000000e+00|0.000000000000000000e+00|0.000000000000000000e+00|0.000000000000000000e+00|0.000000000000000000e+00|0.000000000000000000e+00|0.000000000000000000e+00|0.000000000000000000e+00|0.000000000000000000e+00|0.000000000000000000e+00|0.000000000000000000e+00|0.000000000000000000e+00|0.000000000000000000e+00|0.000000000000000000e+00|0.000000000000000000e+00|0.000000000000000000e+00|0.000000000000000000e+00|0.000000000000000000e+00|0.000000000000000000e+00|0.000000000000000000e+00|0.000000000000000000e+00|0.000000000000000000e+00|0.000000000000000000e+00|0.000000000000000000e+00|0.000000000000000000e+00|0.000000000000000000e+00|0.000000000000000000e+00|0.000000000000000000e+00
