2021-11-25 10:16:08,336|Key.enter|release
2021-11-25 10:16:10,684|'e'|press
2021-11-25 10:16:10,763|'e'|release
2021-11-25 10:16:11,083|Key.backspace|press
2021-11-25 10:16:11,191|Key.backspace|release
2021-11-25 10:16:11,287|Key.space|press
2021-11-25 10:16:11,392|'e'|press
2021-11-25 10:16:11,405|Key.space|release
2021-11-25 10:16:11,472|'e'|release
2021-11-25 10:16:11,598|'t'|press
2021-11-25 10:16:11,637|Key.space|press
2021-11-25 10:16:11,667|'t'|release
2021-11-25 10:16:11,730|Key.space|release
2021-11-25 10:16:11,751|'j'|press
2021-11-25 10:16:11,832|'e'|press
2021-11-25 10:16:11,858|'j'|release
2021-11-25 10:16:11,910|Key.space|press
2021-11-25 10:16:11,930|'e'|release
2021-11-25 10:16:11,987|Key.space|release
2021-11-25 10:16:12,046|'d'|press
2021-11-25 10:16:12,116|'d'|release
2021-11-25 10:16:12,126|'o'|press
2021-11-25 10:16:12,226|'o'|release
2021-11-25 10:16:12,294|'i'|press
2021-11-25 10:16:12,331|'s'|press
2021-11-25 10:16:12,380|'i'|release
2021-11-25 10:16:12,441|'s'|release
2021-11-25 10:16:12,442|Key.space|press
2021-11-25 10:16:12,522|Key.space|release
2021-11-25 10:16:12,564|'p'|press
2021-11-25 10:16:12,649|'a'|press
2021-11-25 10:16:12,669|'p'|release
2021-11-25 10:16:12,739|'a'|release
2021-11-25 10:16:12,775|'r'|press
2021-11-25 10:16:12,858|'r'|release
2021-11-25 10:16:12,860|Key.space|press
2021-11-25 10:16:12,923|Key.space|release
2021-11-25 10:16:12,985|'c'|press
2021-11-25 10:16:13,068|'c'|release
2021-11-25 10:16:13,082|'o'|press
2021-11-25 10:16:13,156|'o'|release
2021-11-25 10:16:13,230|'n'|press
2021-11-25 10:16:13,280|'s'|press
2021-11-25 10:16:13,322|'n'|release
2021-11-25 10:16:13,358|'é'|press
2021-11-25 10:16:13,387|'s'|release
2021-11-25 10:16:13,442|'é'|release
2021-11-25 10:16:13,538|'q'|press
2021-11-25 10:16:13,598|'u'|press
2021-11-25 10:16:13,624|'q'|release
2021-11-25 10:16:13,679|'e'|press
2021-11-25 10:16:13,686|'u'|release
2021-11-25 10:16:13,768|'e'|release
2021-11-25 10:16:13,856|'n'|press
2021-11-25 10:16:13,867|'t'|press
2021-11-25 10:16:13,922|'n'|release
2021-11-25 10:16:13,931|'t'|release
2021-11-25 10:16:14,171|Key.backspace|press
2021-11-25 10:16:14,270|Key.backspace|release
2021-11-25 10:16:14,691|'t'|press
2021-11-25 10:16:14,777|'t'|release
2021-11-25 10:16:14,785|Key.space|press
2021-11-25 10:16:14,858|Key.space|release
2021-11-25 10:16:14,946|'e'|press
2021-11-25 10:16:15,021|'n'|press
2021-11-25 10:16:15,030|'e'|release
2021-11-25 10:16:15,089|Key.space|press
2021-11-25 10:16:15,096|'n'|release
2021-11-25 10:16:15,182|Key.space|release
2021-11-25 10:16:15,215|'a'|press
2021-11-25 10:16:15,279|'a'|release
2021-11-25 10:16:15,462|Key.backspace|press
2021-11-25 10:16:15,558|Key.backspace|release
2021-11-25 10:16:15,565|'s'|press
2021-11-25 10:16:15,589|'a'|press
2021-11-25 10:16:15,657|'s'|release
2021-11-25 10:16:15,702|'a'|release
2021-11-25 10:16:15,809|'v'|press
2021-11-25 10:16:15,907|'v'|release
2021-11-25 10:16:15,984|'o'|press
2021-11-25 10:16:16,064|'o'|release
2021-11-25 10:16:16,148|'i'|press
2021-11-25 10:16:16,185|'r'|press
2021-11-25 10:16:16,238|'i'|release
2021-11-25 10:16:16,260|Key.space|press
2021-11-25 10:16:16,271|'r'|release
2021-11-25 10:16:16,337|Key.space|release
2021-11-25 10:16:16,476|'p'|press
2021-11-25 10:16:16,543|'p'|release
2021-11-25 10:16:16,633|'l'|press
2021-11-25 10:16:16,710|'l'|release
2021-11-25 10:16:16,794|'u'|press
2021-11-25 10:16:16,856|'s'|press
2021-11-25 10:16:16,899|'u'|release
2021-11-25 10:16:16,916|Key.space|press
2021-11-25 10:16:16,954|'s'|release
2021-11-25 10:16:17,002|Key.space|release
2021-11-25 10:16:17,106|'l'|press
2021-11-25 10:16:17,195|'l'|release
2021-11-25 10:16:17,272|'o'|press
2021-11-25 10:16:17,350|'o'|release
2021-11-25 10:16:17,427|'n'|press
2021-11-25 10:16:17,489|'g'|press
2021-11-25 10:16:17,515|'n'|release
2021-11-25 10:16:17,559|'g'|release
2021-11-25 10:16:17,628|Key.shift|press
2021-11-25 10:16:17,668|'.'|press
2021-11-25 10:16:17,749|'.'|release
2021-11-25 10:16:17,780|Key.shift|release
2021-11-25 10:16:18,042|'"'|press
2021-11-25 10:16:18,132|'"'|release
2021-11-25 10:16:18,597|Key.space|press
2021-11-25 10:16:18,677|Key.space|release
2021-11-25 10:16:18,722|Key.shift|press
2021-11-25 10:16:18,773|'A'|press
2021-11-25 10:16:18,854|'A'|release
2021-11-25 10:16:18,876|Key.shift|release
2021-11-25 10:16:19,004|'l'|press
2021-11-25 10:16:19,077|'l'|release
2021-11-25 10:16:19,161|'i'|press
2021-11-25 10:16:19,199|'c'|press
2021-11-25 10:16:19,260|'i'|release
2021-11-25 10:16:19,272|'c'|release
2021-11-25 10:16:19,359|'e'|press
2021-11-25 10:16:19,428|Key.space|press
2021-11-25 10:16:19,454|'e'|release
2021-11-25 10:16:19,499|Key.space|release
2021-11-25 10:16:19,512|'n'|press
2021-11-25 10:16:19,597|'e'|press
2021-11-25 10:16:19,607|'n'|release
2021-11-25 10:16:19,684|Key.space|press
2021-11-25 10:16:19,695|'e'|release
2021-11-25 10:16:19,758|Key.space|release
2021-11-25 10:16:19,893|'v'|press
2021-11-25 10:16:19,950|'o'|press
2021-11-25 10:16:19,978|'v'|release
2021-11-25 10:16:20,023|'o'|release
2021-11-25 10:16:20,087|'u'|press
2021-11-25 10:16:20,159|'u'|release
2021-11-25 10:16:20,271|'l'|press
2021-11-25 10:16:20,361|'l'|release
2021-11-25 10:16:20,428|'u'|press
2021-11-25 10:16:20,478|'t'|press
2021-11-25 10:16:20,517|'u'|release
2021-11-25 10:16:20,547|Key.space|press
2021-11-25 10:16:20,564|'t'|release
2021-11-25 10:16:20,630|Key.space|release
2021-11-25 10:16:20,651|'p'|press
2021-11-25 10:16:20,691|'a'|press
2021-11-25 10:16:20,740|'p'|release
2021-11-25 10:16:20,789|'s'|press
2021-11-25 10:16:20,811|'a'|release
2021-11-25 10:16:20,854|Key.space|press
2021-11-25 10:16:20,880|'s'|release
2021-11-25 10:16:20,960|Key.space|release
2021-11-25 10:16:21,164|'a'|press
2021-11-25 10:16:21,241|'a'|release
2021-11-25 10:16:21,354|'c'|press
2021-11-25 10:16:21,440|'c'|release
2021-11-25 10:16:21,505|'c'|press
2021-11-25 10:16:21,572|'c'|release
2021-11-25 10:16:21,659|'e'|press
2021-11-25 10:16:21,718|'p'|press
2021-11-25 10:16:21,738|'e'|release
2021-11-25 10:16:21,799|'p'|release
2021-11-25 10:16:21,819|'t'|press
2021-11-25 10:16:21,889|'t'|release
2021-11-25 10:16:21,980|'e'|press
2021-11-25 10:16:22,056|'e'|release
2021-11-25 10:16:22,105|'r'|press
2021-11-25 10:16:22,168|Key.space|press
2021-11-25 10:16:22,200|'r'|release
2021-11-25 10:16:22,235|Key.space|release
2021-11-25 10:16:22,316|'c'|press
2021-11-25 10:16:22,402|'c'|release
2021-11-25 10:16:22,493|'e'|press
2021-11-25 10:16:22,551|'e'|release
2021-11-25 10:16:22,644|'t'|press
2021-11-25 10:16:22,708|'t'|release
2021-11-25 10:16:22,773|'t'|press
2021-11-25 10:16:22,837|'t'|release
2021-11-25 10:16:22,924|'e'|press
2021-11-25 10:16:22,967|Key.space|press
2021-11-25 10:16:23,003|'e'|release
2021-11-25 10:16:23,041|Key.space|release
2021-11-25 10:16:23,102|'c'|press
2021-11-25 10:16:23,152|'o'|press
2021-11-25 10:16:23,194|'c'|release
2021-11-25 10:16:23,223|'o'|release
2021-11-25 10:16:23,300|'n'|press
2021-11-25 10:16:23,371|'n'|release
2021-11-25 10:16:23,378|'c'|press
2021-11-25 10:16:23,455|'c'|release
2021-11-25 10:16:23,498|'l'|press
2021-11-25 10:16:23,575|'l'|release
2021-11-25 10:16:23,681|'u'|press
2021-11-25 10:16:23,727|'s'|press
2021-11-25 10:16:23,734|'u'|release
2021-11-25 10:16:23,814|'s'|release
2021-11-25 10:16:23,866|'i'|press
2021-11-25 10:16:23,984|'i'|release
2021-11-25 10:16:24,084|'o'|press
2021-11-25 10:16:24,161|'o'|release
2021-11-25 10:16:24,276|'n'|press
2021-11-25 10:16:24,366|'n'|release
2021-11-25 10:16:24,433|Key.space|press
2021-11-25 10:16:24,525|'a'|press
2021-11-25 10:16:24,532|Key.space|release
2021-11-25 10:16:24,624|'a'|release
2021-11-25 10:16:24,714|'v'|press
2021-11-25 10:16:24,801|'v'|release
2021-11-25 10:16:24,847|'a'|press
2021-11-25 10:16:24,887|'n'|press
2021-11-25 10:16:24,945|'a'|release
2021-11-25 10:16:24,974|'n'|release
2021-11-25 10:16:24,996|'t'|press
2021-11-25 10:16:25,069|Key.space|press
2021-11-25 10:16:25,082|'t'|release
2021-11-25 10:16:25,142|Key.space|release
2021-11-25 10:16:25,204|'d'|press
2021-11-25 10:16:25,278|'d'|release
2021-11-25 10:16:25,342|'e'|press
2021-11-25 10:16:25,396|Key.space|press
2021-11-25 10:16:25,428|'e'|release
2021-11-25 10:16:25,472|Key.space|release
2021-11-25 10:16:25,515|'s'|press
2021-11-25 10:16:25,578|'a'|press
2021-11-25 10:16:25,630|'s'|release
2021-11-25 10:16:25,687|'a'|release
2021-11-25 10:16:25,777|'v'|press
2021-11-25 10:16:25,860|'v'|release
2021-11-25 10:16:26,242|'o'|press
2021-11-25 10:16:26,348|'o'|release
2021-11-25 10:16:26,419|'i'|press
2021-11-25 10:16:26,494|'r'|press
2021-11-25 10:16:26,511|'i'|release
2021-11-25 10:16:26,586|Key.space|press
2021-11-25 10:16:26,606|'r'|release
2021-11-25 10:16:26,671|Key.space|release
2021-11-25 10:16:26,679|'l'|press
2021-11-25 10:16:26,763|'l'|release
2021-11-25 10:16:26,786|"'"|press
2021-11-25 10:16:26,860|"'"|release
2021-11-25 10:16:27,573|['^']|press
2021-11-25 10:16:27,645|'a'|press
2021-11-25 10:16:27,662|['^']|release
2021-11-25 10:16:27,741|'a'|release
2021-11-25 10:16:27,848|'g'|press
2021-11-25 10:16:27,927|'g'|release
2021-11-25 10:16:28,037|'e'|press
2021-11-25 10:16:28,125|Key.space|press
2021-11-25 10:16:28,154|'e'|release
2021-11-25 10:16:28,218|Key.space|release
2021-11-25 10:16:28,362|'d'|press
2021-11-25 10:16:28,404|'d'|release
2021-11-25 10:16:28,630|'u'|press
2021-11-25 10:16:28,695|'u'|release
2021-11-25 10:16:28,725|Key.space|press
2021-11-25 10:16:28,798|Key.space|release
2021-11-25 10:16:28,822|Key.shift|press
2021-11-25 10:16:28,884|'L'|press
2021-11-25 10:16:28,971|'L'|release
2021-11-25 10:16:29,006|Key.shift|release
2021-11-25 10:16:29,071|'o'|press
2021-11-25 10:16:29,105|'r'|press
2021-11-25 10:16:29,150|'o'|release
2021-11-25 10:16:29,188|'r'|release
2021-11-25 10:16:29,303|'t'|press
2021-11-25 10:16:29,339|'t'|release
2021-11-25 10:16:29,385|','|press
2021-11-25 10:16:29,477|','|release
2021-11-25 10:16:29,737|Key.backspace|press
2021-11-25 10:16:29,807|Key.backspace|release
2021-11-25 10:16:29,865|Key.backspace|press
2021-11-25 10:16:29,937|'y'|press
2021-11-25 10:16:29,947|Key.backspace|release
2021-11-25 10:16:30,014|'y'|release
2021-11-25 10:16:30,158|','|press
2021-11-25 10:16:30,248|','|release
2021-11-25 10:16:30,360|Key.space|press
2021-11-25 10:16:30,421|Key.space|release
2021-11-25 10:16:30,489|'e'|press
2021-11-25 10:16:30,569|'e'|release
2021-11-25 10:16:30,659|'t'|press
2021-11-25 10:16:30,718|Key.space|press
2021-11-25 10:16:30,745|'t'|release
2021-11-25 10:16:30,799|Key.space|release
2021-11-25 10:16:30,892|'c'|press
2021-11-25 10:16:30,936|'o'|press
2021-11-25 10:16:30,978|'c'|release
2021-11-25 10:16:31,000|'o'|release
2021-11-25 10:16:31,122|'m'|press
2021-11-25 10:16:31,173|'m'|release
2021-11-25 10:16:31,234|'m'|press
2021-11-25 10:16:31,272|'e'|press
2021-11-25 10:16:31,298|'m'|release
2021-11-25 10:16:31,331|Key.space|press
2021-11-25 10:16:31,350|'e'|release
2021-11-25 10:16:31,408|Key.space|release
2021-11-25 10:16:31,482|'c'|press
2021-11-25 10:16:31,564|'l'|press
2021-11-25 10:16:31,573|'c'|release
2021-11-25 10:16:31,637|'l'|release
2021-11-25 10:16:31,680|'e'|press
2021-11-25 10:16:31,747|'e'|release
2021-11-25 10:16:31,770|'u'|press
2021-11-25 10:16:31,818|'u'|release
2021-11-25 10:16:32,083|Key.backspace|press
2021-11-25 10:16:32,144|Key.backspace|release
2021-11-25 10:16:32,212|Key.backspace|press
2021-11-25 10:16:32,273|Key.backspace|release
2021-11-25 10:16:32,328|Key.backspace|press
2021-11-25 10:16:32,408|Key.backspace|release
2021-11-25 10:16:32,426|'e'|press
2021-11-25 10:16:32,499|'e'|release
2021-11-25 10:16:32,535|'l'|press
2021-11-25 10:16:32,628|'l'|release
2021-11-25 10:16:33,071|'u'|press
2021-11-25 10:16:33,168|'u'|release
2021-11-25 10:16:33,280|'i'|press
2021-11-25 10:16:33,344|'i'|release
2021-11-25 10:16:33,511|'è'|press
2021-11-25 10:16:33,532|'-'|press
2021-11-25 10:16:33,552|'è'|release
2021-11-25 10:16:33,577|'-'|release
2021-11-25 10:16:33,584|'-'|press
2021-11-25 10:16:33,670|'-'|release
2021-11-25 10:16:33,894|Key.backspace|press
2021-11-25 10:16:33,964|Key.backspace|release
2021-11-25 10:16:34,026|Key.backspace|press
2021-11-25 10:16:34,099|Key.backspace|release
2021-11-25 10:16:34,181|Key.backspace|press
2021-11-25 10:16:34,235|Key.backspace|release
2021-11-25 10:16:34,265|'-'|press
2021-11-25 10:16:34,329|'-'|release
2021-11-25 10:16:34,632|'c'|press
2021-11-25 10:16:34,689|'i'|press
2021-11-25 10:16:34,711|'c'|release
2021-11-25 10:16:34,764|'i'|release
2021-11-25 10:16:34,839|Key.space|press
2021-11-25 10:16:34,904|Key.space|release
2021-11-25 10:16:35,088|'r'|press
2021-11-25 10:16:35,150|'r'|release
2021-11-25 10:16:35,240|'e'|press
2021-11-25 10:16:35,320|'e'|release
2021-11-25 10:16:35,417|'f'|press
2021-11-25 10:16:35,485|'u'|press
2021-11-25 10:16:35,492|'f'|release
2021-11-25 10:16:35,568|'u'|release
2021-11-25 10:16:35,601|'s'|press
2021-11-25 10:16:35,720|'s'|release
2021-11-25 10:16:35,725|'a'|press
2021-11-25 10:16:35,803|Key.space|press
2021-11-25 10:16:35,851|'a'|release
2021-11-25 10:16:35,883|Key.space|release
2021-11-25 10:16:35,974|'t'|press
2021-11-25 10:16:36,013|'o'|press
2021-11-25 10:16:36,039|'t'|release
2021-11-25 10:16:36,097|'o'|release
2021-11-25 10:16:36,190|'u'|press
2021-11-25 10:16:36,271|'u'|release
2021-11-25 10:16:36,291|'t'|press
2021-11-25 10:16:36,365|'t'|release
2021-11-25 10:16:36,404|Key.space|press
2021-11-25 10:16:36,474|Key.space|release
2021-11-25 10:16:36,567|'n'|press
2021-11-25 10:16:36,655|'e'|press
2021-11-25 10:16:36,669|'n'|release
2021-11-25 10:16:36,729|'e'|release
2021-11-25 10:16:36,826|'t'|press
2021-11-25 10:16:36,906|'t'|release
2021-11-25 10:16:37,409|Key.space|press
2021-11-25 10:16:37,476|Key.space|release
2021-11-25 10:16:37,627|'e'|press
2021-11-25 10:16:37,700|'e'|release
2021-11-25 10:16:37,816|Key.backspace|press
2021-11-25 10:16:37,919|Key.backspace|release
2021-11-25 10:16:37,921|'d'|press
2021-11-25 10:16:37,971|'d'|release
2021-11-25 10:16:38,039|'e'|press
2021-11-25 10:16:38,095|Key.space|press
2021-11-25 10:16:38,131|'e'|release
2021-11-25 10:16:38,139|'l'|press
2021-11-25 10:16:38,162|Key.space|release
2021-11-25 10:16:38,209|'l'|release
2021-11-25 10:16:38,341|'u'|press
2021-11-25 10:16:38,411|'u'|release
2021-11-25 10:16:38,648|Key.backspace|press
2021-11-25 10:16:38,721|Key.backspace|release
2021-11-25 10:16:38,728|'e'|press
2021-11-25 10:16:38,816|'e'|release
2021-11-25 10:16:38,820|Key.space|press
2021-11-25 10:16:38,897|Key.space|release
2021-11-25 10:16:38,913|'l'|press
2021-11-25 10:16:38,994|'l'|release
2021-11-25 10:16:39,065|'u'|press
2021-11-25 10:16:39,142|'u'|release
2021-11-25 10:16:39,241|'i'|press
2021-11-25 10:16:39,310|Key.space|press
2021-11-25 10:16:39,336|'i'|release
2021-11-25 10:16:39,388|Key.space|release
2021-11-25 10:16:39,446|'d'|press
2021-11-25 10:16:39,505|'i'|press
2021-11-25 10:16:39,535|'d'|release
2021-11-25 10:16:39,604|'i'|release
2021-11-25 10:16:39,622|'r'|press
2021-11-25 10:16:39,679|'r'|release
2021-11-25 10:16:39,757|'e'|press
2021-11-25 10:16:39,840|'e'|release
2021-11-25 10:16:39,853|','|press
2021-11-25 10:16:39,956|','|release
2021-11-25 10:16:39,960|Key.space|press
2021-11-25 10:16:40,041|Key.space|release
2021-11-25 10:16:40,112|'c'|press
2021-11-25 10:16:40,183|'c'|release
2021-11-25 10:16:40,279|'e'|press
2021-11-25 10:16:40,346|'e'|release
2021-11-25 10:16:40,411|'l'|press
2021-11-25 10:16:40,482|'l'|release
2021-11-25 10:16:40,518|'a'|press
2021-11-25 10:16:40,583|Key.space|press
2021-11-25 10:16:40,609|'a'|release
2021-11-25 10:16:40,650|Key.space|release
2021-11-25 10:16:40,683|'m'|press
2021-11-25 10:16:40,757|'m'|release
2021-11-25 10:16:40,860|'i'|press
2021-11-25 10:16:40,926|'t'|press
2021-11-25 10:16:40,946|'i'|release
2021-11-25 10:16:40,994|Key.space|press
2021-11-25 10:16:41,011|'t'|release
2021-11-25 10:16:41,067|'u'|press
2021-11-25 10:16:41,076|Key.space|release
2021-11-25 10:16:41,153|'u'|release
2021-11-25 10:16:41,240|'n'|press
2021-11-25 10:16:41,299|Key.space|press
2021-11-25 10:16:41,319|'n'|release
2021-11-25 10:16:41,373|Key.space|release
2021-11-25 10:16:41,453|'t'|press
2021-11-25 10:16:41,521|'t'|release
2021-11-25 10:16:41,627|'e'|press
2021-11-25 10:16:41,698|'e'|release
2021-11-25 10:16:41,765|'r'|press
2021-11-25 10:16:41,830|'r'|release
2021-11-25 10:16:41,840|'m'|press
2021-11-25 10:16:41,911|'m'|release
2021-11-25 10:16:41,922|'e'|press
2021-11-25 10:16:41,978|Key.space|press
2021-11-25 10:16:42,007|'e'|release
2021-11-25 10:16:42,057|Key.space|release
2021-11-25 10:16:42,084|'a'|press
2021-11-25 10:16:42,141|'u'|press
2021-11-25 10:16:42,193|'a'|release
2021-11-25 10:16:42,206|Key.space|press
2021-11-25 10:16:42,239|'u'|release
2021-11-25 10:16:42,280|Key.space|release
2021-11-25 10:16:42,383|'d'|press
2021-11-25 10:16:42,439|'é'|press
2021-11-25 10:16:42,456|'d'|release
2021-11-25 10:16:42,522|'é'|release
2021-11-25 10:16:42,638|'b'|press
2021-11-25 10:16:42,682|'b'|release
2021-11-25 10:16:42,757|'a'|press
2021-11-25 10:16:42,850|'a'|release
2021-11-25 10:16:43,127|'t'|press
2021-11-25 10:16:43,218|'t'|release
2021-11-25 10:16:43,320|Key.shift|press
2021-11-25 10:16:43,389|'.'|press
2021-11-25 10:16:43,438|'.'|release
2021-11-25 10:16:43,466|Key.shift|release
2021-11-25 10:16:43,788|Key.enter|press
2021-11-25 10:16:43,862|Key.enter|release
2021-11-25 10:16:43,955|Key.enter|press
2021-11-25 10:16:44,013|Key.enter|release
2021-11-25 10:16:44,247|Key.shift|press
2021-11-25 10:16:44,305|'E'|press
2021-11-25 10:16:44,386|'E'|release
2021-11-25 10:16:44,418|Key.shift|release
2021-11-25 10:16:44,505|'n'|press
2021-11-25 10:16:44,572|'n'|release
2021-11-25 10:16:44,595|'f'|press
2021-11-25 10:16:44,676|'f'|release
2021-11-25 10:16:44,706|'i'|press
2021-11-25 10:16:44,708|'u'|press
2021-11-25 10:16:44,756|'u'|release
2021-11-25 10:16:44,762|'i'|release
2021-11-25 10:16:45,125|Key.backspace|press
2021-11-25 10:16:45,231|Key.backspace|release
2021-11-25 10:16:45,630|'n'|press
2021-11-25 10:16:45,710|'n'|release
2021-11-25 10:16:45,772|Key.space|press
2021-11-25 10:16:45,855|Key.space|release
2021-11-25 10:16:45,894|'l'|press
2021-11-25 10:16:45,990|'l'|release
2021-11-25 10:16:46,058|'a'|press
2021-11-25 10:16:46,157|'a'|release
2021-11-25 10:16:46,232|Key.space|press
2021-11-25 10:16:46,302|Key.space|release
2021-11-25 10:16:46,602|Key.shift|press
2021-11-25 10:16:46,646|'S'|press
2021-11-25 10:16:46,743|'S'|release
2021-11-25 10:16:46,768|Key.shift|release
2021-11-25 10:16:46,838|'o'|press
2021-11-25 10:16:46,919|'o'|release
2021-11-25 10:16:46,990|'u'|press
2021-11-25 10:16:47,002|'r'|press
2021-11-25 10:16:47,098|'r'|release
2021-11-25 10:16:47,111|'u'|release
2021-11-25 10:16:47,211|'i'|press
2021-11-25 10:16:47,283|'s'|press
2021-11-25 10:16:47,293|'i'|release
2021-11-25 10:16:47,362|'s'|release
2021-11-25 10:16:47,405|','|press
2021-11-25 10:16:47,488|','|release
2021-11-25 10:16:47,582|Key.space|press
2021-11-25 10:16:47,671|Key.space|release
2021-11-25 10:16:47,787|'q'|press
2021-11-25 10:16:47,844|'u'|press
2021-11-25 10:16:47,873|'q'|release
2021-11-25 10:16:47,920|'u'|release
2021-11-25 10:16:48,007|'i'|press
2021-11-25 10:16:48,070|Key.space|press
2021-11-25 10:16:48,092|'i'|release
2021-11-25 10:16:48,143|Key.space|release
2021-11-25 10:16:48,204|'p'|press
2021-11-25 10:16:48,274|'a'|press
2021-11-25 10:16:48,297|'p'|release
2021-11-25 10:16:48,350|'a'|release
2021-11-25 10:16:48,425|'r'|press
2021-11-25 10:16:48,521|'r'|release
2021-11-25 10:16:48,525|'a'|press
2021-11-25 10:16:48,595|'i'|press
2021-11-25 10:16:48,613|'a'|release
2021-11-25 10:16:48,690|'i'|release
2021-11-25 10:16:48,720|'s'|press
2021-11-25 10:16:48,800|'s'|release
2021-11-25 10:16:48,881|'s'|press
2021-11-25 10:16:48,909|'a'|press
2021-11-25 10:16:48,970|'s'|release
2021-11-25 10:16:49,044|'i'|press
2021-11-25 10:16:49,051|'a'|release
2021-11-25 10:16:49,144|'i'|release
2021-11-25 10:16:49,154|'t'|press
2021-11-25 10:16:49,211|Key.space|press
2021-11-25 10:16:49,240|'t'|release
2021-11-25 10:16:49,316|Key.space|release
2021-11-25 10:16:49,330|'a'|press
2021-11-25 10:16:49,429|'a'|release
2021-11-25 10:16:49,516|'v'|press
2021-11-25 10:16:49,613|'v'|release
2021-11-25 10:16:49,630|'o'|press
2021-11-25 10:16:49,700|'o'|release
2021-11-25 10:16:49,784|'i'|press
2021-11-25 10:16:49,877|'i'|release
2021-11-25 10:16:50,024|'r'|press
2021-11-25 10:16:50,130|'r'|release
2021-11-25 10:16:50,227|Key.space|press
2021-11-25 10:16:50,328|Key.space|release
2021-11-25 10:16:50,480|'u'|press
2021-11-25 10:16:50,550|'u'|release
2021-11-25 10:16:50,653|'n'|press
2021-11-25 10:16:50,700|Key.space|press
2021-11-25 10:16:50,726|'n'|release
2021-11-25 10:16:50,770|Key.space|release
2021-11-25 10:16:50,895|'c'|press
2021-11-25 10:16:50,933|'c'|release
2021-11-25 10:16:51,030|'e'|press
2021-11-25 10:16:51,116|'e'|release
2021-11-25 10:16:51,474|'r'|press
2021-11-25 10:16:51,548|'r'|release
2021-11-25 10:16:51,663|'t'|press
2021-11-25 10:16:51,734|'t'|release
2021-11-25 10:16:51,900|'a'|press
2021-11-25 10:16:51,974|'a'|release
2021-11-25 10:16:52,080|'i'|press
2021-11-25 10:16:52,163|'i'|release
2021-11-25 10:16:52,254|'n'|press
2021-11-25 10:16:52,319|Key.space|press
2021-11-25 10:16:52,332|'n'|release
2021-11-25 10:16:52,405|Key.space|release
2021-11-25 10:16:52,531|'a'|press
2021-11-25 10:16:52,614|'a'|release
2021-11-25 10:16:52,694|'s'|press
2021-11-25 10:16:52,771|'s'|release
2021-11-25 10:16:52,874|'c'|press
2021-11-25 10:16:52,951|'c'|release
2021-11-25 10:16:53,038|'e'|press
2021-11-25 10:16:53,082|'n'|press
2021-11-25 10:16:53,111|'e'|release
2021-11-25 10:16:53,149|'n'|release
2021-11-25 10:16:53,204|'d'|press
2021-11-25 10:16:53,250|'a'|press
2021-11-25 10:16:53,312|'d'|release
2021-11-25 10:16:53,342|'n'|press
2021-11-25 10:16:53,371|'a'|release
2021-11-25 10:16:53,428|'n'|release
2021-11-25 10:16:53,458|'t'|press
2021-11-25 10:16:53,553|Key.space|press
2021-11-25 10:16:53,559|'t'|release
2021-11-25 10:16:53,616|Key.space|release
2021-11-25 10:16:53,694|'s'|press
2021-11-25 10:16:53,747|'u'|press
2021-11-25 10:16:53,786|'s'|release
2021-11-25 10:16:53,831|'u'|release
2021-11-25 10:16:53,869|'r'|press
2021-11-25 10:16:53,945|Key.space|press
2021-11-25 10:16:53,971|'r'|release
2021-11-25 10:16:54,028|Key.space|release
2021-11-25 10:16:54,035|'l'|press
2021-11-25 10:16:54,088|'e'|press
2021-11-25 10:16:54,127|'l'|release
2021-11-25 10:16:54,172|'e'|release
2021-11-25 10:16:54,259|'s'|press
2021-11-25 10:16:54,338|Key.space|press
2021-11-25 10:16:54,390|'s'|release
2021-11-25 10:16:54,415|Key.space|release
2021-11-25 10:16:54,432|'a'|press
2021-11-25 10:16:54,504|'u'|press
2021-11-25 10:16:54,537|'a'|release
2021-11-25 10:16:54,597|'u'|release
2021-11-25 10:16:54,624|'t'|press
2021-11-25 10:16:54,707|'t'|release
2021-11-25 10:16:54,777|'r'|press
2021-11-25 10:16:54,871|'r'|release
2021-11-25 10:16:55,313|'e'|press
2021-11-25 10:16:55,388|'e'|release
2021-11-25 10:16:55,497|'s'|press
2021-11-25 10:16:55,565|'s'|release
2021-11-25 10:16:55,566|','|press
2021-11-25 10:16:55,642|','|release
2021-11-25 10:16:55,815|Key.space|press
2021-11-25 10:16:55,892|Key.space|release
2021-11-25 10:16:55,922|'l'|press
2021-11-25 10:16:56,022|'l'|release
2021-11-25 10:16:56,023|'e'|press
2021-11-25 10:16:56,096|'e'|release
2021-11-25 10:16:56,148|'u'|press
2021-11-25 10:16:56,217|'r'|press
2021-11-25 10:16:56,247|'u'|release
2021-11-25 10:16:56,294|'r'|release
2021-11-25 10:16:56,296|Key.space|press
2021-11-25 10:16:56,359|Key.space|release
2021-11-25 10:16:56,481|'c'|press
2021-11-25 10:16:56,558|'c'|release
2021-11-25 10:16:56,683|'r'|press
2021-11-25 10:16:56,757|'r'|release
2021-11-25 10:16:56,797|'i'|press
2021-11-25 10:16:56,870|'i'|release
2021-11-25 10:16:56,877|'a'|press
2021-11-25 10:16:56,952|'a'|release
2021-11-25 10:16:57,124|':'|press
2021-11-25 10:16:57,227|':'|release
2021-11-25 10:16:57,409|Key.space|press
2021-11-25 10:16:57,466|Key.space|release
2021-11-25 10:16:57,589|'"'|press
2021-11-25 10:16:57,672|'"'|release
2021-11-25 10:16:57,883|Key.shift|press
2021-11-25 10:16:58,128|'A'|press
2021-11-25 10:16:58,241|'A'|release
2021-11-25 10:16:58,266|Key.shift|release
2021-11-25 10:16:58,614|'s'|press
2021-11-25 10:16:58,675|'s'|release
2021-11-25 10:16:58,755|'s'|press
2021-11-25 10:16:58,833|'s'|release
2021-11-25 10:16:58,932|'e'|press
2021-11-25 10:16:59,018|'z'|press
2021-11-25 10:16:59,059|'e'|release
2021-11-25 10:16:59,094|'z'|release
2021-11-25 10:16:59,334|Key.backspace|press
2021-11-25 10:16:59,408|Key.backspace|release
2021-11-25 10:16:59,965|'y'|press
2021-11-25 10:17:00,061|'y'|release
2021-11-25 10:17:00,082|'e'|press
2021-11-25 10:17:00,185|'z'|press
2021-11-25 10:17:00,227|'e'|release
2021-11-25 10:17:00,252|'z'|release
2021-11-25 10:17:00,479|'-'|press
2021-11-25 10:17:00,579|'-'|release
2021-11-25 10:17:00,786|'v'|press
2021-11-25 10:17:00,873|'v'|release
2021-11-25 10:17:00,919|'o'|press
2021-11-25 10:17:00,990|'o'|release
2021-11-25 10:17:01,079|'u'|press
2021-11-25 10:17:01,107|'s'|press
2021-11-25 10:17:01,158|'u'|release
2021-11-25 10:17:01,195|Key.space|press
2021-11-25 10:17:01,231|'s'|release
2021-11-25 10:17:01,266|Key.space|release
2021-11-25 10:17:01,320|'t'|press
2021-11-25 10:17:01,387|'o'|press
2021-11-25 10:17:01,413|'t'|release
2021-11-25 10:17:01,467|'o'|release
2021-11-25 10:17:01,544|'u'|press
2021-11-25 10:17:01,594|'s'|press
2021-11-25 10:17:01,623|'u'|release
2021-11-25 10:17:01,678|'s'|release
2021-11-25 10:17:01,770|','|press
2021-11-25 10:17:01,834|','|release
2021-11-25 10:17:01,874|Key.space|press
2021-11-25 10:17:01,947|Key.space|release
2021-11-25 10:17:02,006|'e'|press
2021-11-25 10:17:02,102|'e'|release
2021-11-25 10:17:02,228|'t'|press
2021-11-25 10:17:02,310|'t'|release
2021-11-25 10:17:02,318|Key.space|press
2021-11-25 10:17:02,411|Key.space|release
2021-11-25 10:17:02,571|'é'|press
2021-11-25 10:17:02,645|'é'|release
2021-11-25 10:17:02,761|'c'|press
2021-11-25 10:17:02,841|'c'|release
2021-11-25 10:17:02,843|'o'|press
2021-11-25 10:17:02,897|'o'|release
2021-11-25 10:17:02,987|'u'|press
2021-11-25 10:17:03,005|'t'|press
2021-11-25 10:17:03,063|'u'|release
2021-11-25 10:17:03,088|'t'|release
2021-11-25 10:17:03,187|'e'|press
2021-11-25 10:17:03,250|'z'|press
2021-11-25 10:17:03,308|'e'|release
2021-11-25 10:17:03,362|'z'|release
2021-11-25 10:17:03,475|'-'|press
2021-11-25 10:17:03,543|'-'|release
2021-11-25 10:17:03,674|'m'|press
2021-11-25 10:17:03,764|'m'|release
2021-11-25 10:17:03,876|'o'|press
2021-11-25 10:17:03,928|'o'|release
2021-11-25 10:17:04,151|'i'|press
2021-11-25 10:17:04,222|'i'|release
2021-11-25 10:17:04,397|'!'|press
2021-11-25 10:17:04,487|'!'|release
2021-11-25 10:17:04,962|Key.space|press
2021-11-25 10:17:05,026|Key.space|release
2021-11-25 10:17:05,046|Key.shift|press
2021-11-25 10:17:05,131|'J'|press
2021-11-25 10:17:05,216|'J'|release
2021-11-25 10:17:05,230|Key.shift|release
2021-11-25 10:17:05,289|'e'|press
2021-11-25 10:17:05,330|Key.space|press
2021-11-25 10:17:05,366|'e'|release
2021-11-25 10:17:05,409|Key.space|release
2021-11-25 10:17:05,496|'v'|press
2021-11-25 10:17:05,587|'v'|release
2021-11-25 10:17:05,654|'a'|press
2021-11-25 10:17:05,697|'i'|press
2021-11-25 10:17:05,770|'s'|press
2021-11-25 10:17:05,780|'i'|release
2021-11-25 10:17:05,786|'a'|release
2021-11-25 10:17:05,839|Key.space|press
2021-11-25 10:17:05,878|'s'|release
2021-11-25 10:17:05,906|Key.space|release
2021-11-25 10:17:06,006|'b'|press
2021-11-25 10:17:06,093|'b'|release
2021-11-25 10:17:06,106|'i'|press
2021-11-25 10:17:06,174|'i'|release
2021-11-25 10:17:06,206|'e'|press
2021-11-25 10:17:06,285|'n'|press
2021-11-25 10:17:06,291|'e'|release
2021-11-25 10:17:06,355|'n'|release
2021-11-25 10:17:06,395|'t'|press
2021-11-25 10:17:06,468|'t'|release
2021-11-25 10:17:07,303|['^']|press
2021-11-25 10:17:07,383|['^']|release
2021-11-25 10:17:07,508|'o'|press
2021-11-25 10:17:07,589|'t'|press
2021-11-25 10:17:07,606|'o'|release
2021-11-25 10:17:07,650|'t'|release
2021-11-25 10:17:08,100|Key.space|press
2021-11-25 10:17:08,173|Key.space|release
2021-11-25 10:17:08,263|'v'|press
2021-11-25 10:17:08,350|'v'|release
2021-11-25 10:17:08,363|'o'|press
2021-11-25 10:17:08,447|'o'|release
2021-11-25 10:17:08,557|'u'|press
2021-11-25 10:17:08,619|'s'|press
2021-11-25 10:17:08,635|'u'|release
2021-11-25 10:17:08,725|Key.space|press
2021-11-25 10:17:08,739|'s'|release
2021-11-25 10:17:08,774|Key.space|release
2021-11-25 10:17:08,851|'f'|press
2021-11-25 10:17:08,925|'f'|release
2021-11-25 10:17:08,977|'a'|press
2021-11-25 10:17:09,049|'i'|press
2021-11-25 10:17:09,082|'a'|release
2021-11-25 10:17:09,125|'i'|release
2021-11-25 10:17:09,134|'r'|press
2021-11-25 10:17:09,198|'r'|release
2021-11-25 10:17:09,282|'e'|press
2021-11-25 10:17:09,353|Key.space|press
2021-11-25 10:17:09,380|'e'|release
2021-11-25 10:17:09,430|Key.space|release
2021-11-25 10:17:09,504|'s'|press
2021-11-25 10:17:09,577|'é'|press
2021-11-25 10:17:09,613|'s'|release
2021-11-25 10:17:09,673|'é'|release
2021-11-25 10:17:09,757|'c'|press
2021-11-25 10:17:09,846|'c'|release
2021-11-25 10:17:09,854|'h'|press
2021-11-25 10:17:09,954|'h'|release
2021-11-25 10:17:09,964|'e'|press
2021-11-25 10:17:10,032|'e'|release
2021-11-25 10:17:10,096|'r'|press
2021-11-25 10:17:10,175|Key.space|press
2021-11-25 10:17:10,191|'r'|release
2021-11-25 10:17:10,236|Key.space|release
2021-11-25 10:17:10,361|Key.backspace|press
2021-11-25 10:17:10,438|Key.backspace|release
2021-11-25 10:17:10,556|','|press
2021-11-25 10:17:10,646|','|release
2021-11-25 10:17:10,724|Key.space|press
2021-11-25 10:17:10,794|Key.space|release
2021-11-25 10:17:10,907|'j'|press
2021-11-25 10:17:11,028|'j'|release
2021-11-25 10:17:11,036|'e'|press
2021-11-25 10:17:11,119|'e'|release
2021-11-25 10:17:11,127|Key.space|press
2021-11-25 10:17:11,207|Key.space|release
2021-11-25 10:17:11,354|'o'|press
2021-11-25 10:17:11,444|'o'|release
2021-11-25 10:17:11,591|Key.backspace|press
2021-11-25 10:17:11,687|Key.backspace|release
2021-11-25 10:17:11,711|'v'|press
2021-11-25 10:17:11,801|'v'|release
2021-11-25 10:17:11,808|'o'|press
2021-11-25 10:17:11,892|'o'|release
2021-11-25 10:17:11,981|'u'|press
2021-11-25 10:17:11,999|'s'|press
2021-11-25 10:17:12,065|'u'|release
2021-11-25 10:17:12,078|Key.space|press
2021-11-25 10:17:12,108|'s'|release
2021-11-25 10:17:12,152|Key.space|release
2021-11-25 10:17:12,214|'e'|press
2021-11-25 10:17:12,279|'n'|press
2021-11-25 10:17:12,302|'e'|release
2021-11-25 10:17:12,359|'n'|release
2021-11-25 10:17:12,363|Key.space|press
2021-11-25 10:17:12,415|Key.space|release
2021-11-25 10:17:12,471|'r'|press
2021-11-25 10:17:12,570|'r'|release
2021-11-25 10:17:12,577|'é'|press
2021-11-25 10:17:12,656|'p'|press
2021-11-25 10:17:12,669|'é'|release
2021-11-25 10:17:12,733|'p'|release
2021-11-25 10:17:12,813|'o'|press
2021-11-25 10:17:12,893|'o'|release
2021-11-25 10:17:12,983|'n'|press
2021-11-25 10:17:13,023|'d'|press
2021-11-25 10:17:13,066|'n'|release
2021-11-25 10:17:13,077|'s'|press
2021-11-25 10:17:13,115|'d'|release
2021-11-25 10:17:13,159|'s'|release
2021-11-25 10:17:13,364|'!'|press
2021-11-25 10:17:13,515|'!'|release
2021-11-25 10:17:13,984|'"'|press
2021-11-25 10:17:14,066|'"'|release
2021-11-25 10:17:14,423|Key.space|press
2021-11-25 10:17:14,529|Key.space|release
2021-11-25 10:17:14,648|'v'|press
2021-11-25 10:17:14,728|'v'|release
2021-11-25 10:17:14,987|Key.backspace|press
2021-11-25 10:17:15,050|Key.shift|press
2021-11-25 10:17:15,072|Key.backspace|release
2021-11-25 10:17:15,090|'V'|press
2021-11-25 10:17:15,164|'V'|release
2021-11-25 10:17:15,217|Key.shift|release
2021-11-25 10:17:15,359|'i'|press
2021-11-25 10:17:15,421|'t'|press
2021-11-25 10:17:15,438|'i'|release
2021-11-25 10:17:15,508|'t'|release
2021-11-25 10:17:15,601|'e'|press
2021-11-25 10:17:15,678|'e'|release
2021-11-25 10:17:15,705|','|press
2021-11-25 10:17:15,814|','|release
2021-11-25 10:17:15,887|Key.space|press
2021-11-25 10:17:15,955|Key.space|release
2021-11-25 10:17:16,175|'t'|press
2021-11-25 10:17:16,255|'t'|release
2021-11-25 10:17:16,267|'o'|press
2021-11-25 10:17:16,365|'o'|release
2021-11-25 10:17:16,447|'u'|press
2021-11-25 10:17:16,461|'t'|press
2021-11-25 10:17:16,506|'u'|release
2021-11-25 10:17:16,543|Key.space|press
2021-11-25 10:17:16,556|'t'|release
2021-11-25 10:17:16,616|Key.space|release
2021-11-25 10:17:16,674|'l'|press
2021-11-25 10:17:16,708|'e'|press
2021-11-25 10:17:16,761|'l'|release
2021-11-25 10:17:16,784|Key.space|press
2021-11-25 10:17:16,807|'e'|release
2021-11-25 10:17:16,857|Key.space|release
2021-11-25 10:17:16,884|'m'|press
2021-11-25 10:17:16,977|'m'|release
2021-11-25 10:17:17,055|'o'|press
2021-11-25 10:17:17,138|'o'|release
2021-11-25 10:17:17,222|'n'|press
2021-11-25 10:17:17,255|'d'|press
2021-11-25 10:17:17,307|'n'|release
2021-11-25 10:17:17,333|'d'|release
2021-11-25 10:17:17,410|'e'|press
2021-11-25 10:17:17,456|Key.space|press
2021-11-25 10:17:17,496|'e'|release
2021-11-25 10:17:17,537|Key.space|release
2021-11-25 10:17:17,601|'s'|press
2021-11-25 10:17:17,694|'s'|release
2021-11-25 10:17:17,813|"'"|press
2021-11-25 10:17:17,884|"'"|release
2021-11-25 10:17:17,888|'a'|press
2021-11-25 10:17:18,012|'a'|release
2021-11-25 10:17:18,214|'s'|press
2021-11-25 10:17:18,295|'s'|release
2021-11-25 10:17:18,363|'s'|press
2021-11-25 10:17:18,456|'s'|release
2021-11-25 10:17:18,463|'i'|press
2021-11-25 10:17:18,540|'i'|release
2021-11-25 10:17:18,579|'t'|press
2021-11-25 10:17:18,659|'t'|release
2021-11-25 10:17:18,669|Key.space|press
2021-11-25 10:17:18,728|Key.space|release
2021-11-25 10:17:18,796|'e'|press
2021-11-25 10:17:18,866|'e'|release
2021-11-25 10:17:18,944|'n'|press
2021-11-25 10:17:19,022|Key.space|press
2021-11-25 10:17:19,029|'n'|release
2021-11-25 10:17:19,105|Key.space|release
2021-11-25 10:17:19,176|'r'|press
2021-11-25 10:17:19,250|'r'|release
2021-11-25 10:17:19,254|'o'|press
2021-11-25 10:17:19,332|'o'|release
2021-11-25 10:17:19,415|'n'|press
2021-11-25 10:17:19,478|'d'|press
2021-11-25 10:17:19,498|'n'|release
2021-11-25 10:17:19,552|Key.space|press
2021-11-25 10:17:19,562|'d'|release
2021-11-25 10:17:19,610|Key.space|release
2021-11-25 10:17:19,796|'a'|press
2021-11-25 10:17:19,880|'u'|press
2021-11-25 10:17:19,887|'a'|release
2021-11-25 10:17:19,964|'u'|release
2021-11-25 10:17:20,000|'t'|press
2021-11-25 10:17:20,077|'t'|release
2021-11-25 10:17:20,339|'o'|press
2021-11-25 10:17:20,437|'o'|release
2021-11-25 10:17:20,697|'u'|press
2021-11-25 10:17:20,774|'u'|release
2021-11-25 10:17:20,816|'r'|press
2021-11-25 10:17:20,909|'r'|release
2021-11-25 10:17:20,917|Key.space|press
2021-11-25 10:17:20,997|Key.space|release
2021-11-25 10:17:21,055|'d'|press
2021-11-25 10:17:21,122|'d'|release
2021-11-25 10:17:21,200|'e'|press
2021-11-25 10:17:21,278|Key.space|press
2021-11-25 10:17:21,291|'e'|release
2021-11-25 10:17:21,336|Key.space|release
2021-11-25 10:17:21,346|'l'|press
2021-11-25 10:17:21,393|'a'|press
2021-11-25 10:17:21,429|'l'|release
2021-11-25 10:17:21,484|Key.space|press
2021-11-25 10:17:21,504|'a'|release
2021-11-25 10:17:21,552|Key.space|release
2021-11-25 10:17:21,642|Key.shift|press
2021-11-25 10:17:21,698|'S'|press
2021-11-25 10:17:21,766|'S'|release
2021-11-25 10:17:21,804|Key.shift|release
2021-11-25 10:17:21,885|'o'|press
2021-11-25 10:17:21,961|'o'|release
2021-11-25 10:17:22,049|'u'|press
2021-11-25 10:17:22,086|'r'|press
2021-11-25 10:17:22,118|'u'|release
2021-11-25 10:17:22,175|'r'|release
2021-11-25 10:17:22,230|'i'|press
2021-11-25 10:17:22,312|'s'|press
2021-11-25 10:17:22,325|'i'|release
2021-11-25 10:17:22,392|'s'|release
2021-11-25 10:17:22,437|','|press
2021-11-25 10:17:22,537|','|release
2021-11-25 10:17:22,579|Key.space|press
2021-11-25 10:17:22,640|Key.space|release
2021-11-25 10:17:22,736|'s'|press
2021-11-25 10:17:22,811|'s'|release
2021-11-25 10:17:22,993|'u'|press
2021-11-25 10:17:23,070|'u'|release
2021-11-25 10:17:23,097|'r'|press
2021-11-25 10:17:23,167|'r'|release
2021-11-25 10:17:23,174|Key.space|press
2021-11-25 10:17:23,258|Key.space|release
2021-11-25 10:17:23,310|'q'|press
2021-11-25 10:17:23,372|'u'|press
2021-11-25 10:17:23,386|'q'|release
2021-11-25 10:17:23,446|'u'|release
2021-11-25 10:17:23,539|'i'|press
2021-11-25 10:17:23,596|Key.space|press
2021-11-25 10:17:23,621|'i'|release
2021-11-25 10:17:23,656|Key.space|release
2021-11-25 10:17:23,663|Key.shift|press
2021-11-25 10:17:23,749|'A'|press
2021-11-25 10:17:23,836|'A'|release
2021-11-25 10:17:23,855|Key.shift|release
2021-11-25 10:17:23,920|'l'|press
2021-11-25 10:17:24,016|'l'|release
2021-11-25 10:17:24,090|'i'|press
2021-11-25 10:17:24,134|'c'|press
2021-11-25 10:17:24,192|'i'|release
2021-11-25 10:17:24,214|'c'|release
2021-11-25 10:17:24,313|'e'|press
2021-11-25 10:17:24,379|Key.space|press
2021-11-25 10:17:24,406|'e'|release
2021-11-25 10:17:24,446|Key.space|release
2021-11-25 10:17:24,536|'t'|press
2021-11-25 10:17:24,604|'t'|release
2021-11-25 10:17:24,704|'e'|press
2021-11-25 10:17:24,770|'e'|release
2021-11-25 10:17:24,778|'n'|press
2021-11-25 10:17:24,862|'n'|release
2021-11-25 10:17:24,872|'a'|press
2021-11-25 10:17:24,968|'a'|release
2021-11-25 10:17:24,979|'i'|press
2021-11-25 10:17:25,072|'i'|release
2021-11-25 10:17:25,083|'t'|press
2021-11-25 10:17:25,160|'t'|release
2021-11-25 10:17:25,164|Key.space|press
2021-11-25 10:17:25,225|Key.space|release
2021-11-25 10:17:25,268|'l'|press
2021-11-25 10:17:25,311|'e'|press
2021-11-25 10:17:25,360|'l'|release
2021-11-25 10:17:25,379|'e'|release
2021-11-25 10:17:25,469|'s'|press
2021-11-25 10:17:25,525|Key.space|press
2021-11-25 10:17:25,567|'s'|release
2021-11-25 10:17:25,592|Key.space|release
2021-11-25 10:17:25,683|'y'|press
2021-11-25 10:17:25,769|'y'|release
2021-11-25 10:17:25,783|'e'|press
2021-11-25 10:17:25,856|'e'|release
2021-11-25 10:17:25,957|'u'|press
2021-11-25 10:17:26,025|'x'|press
2021-11-25 10:17:26,039|'u'|release
2021-11-25 10:17:26,139|Key.space|press
2021-11-25 10:17:26,155|'x'|release
2021-11-25 10:17:26,196|Key.space|release
2021-11-25 10:17:26,293|'f'|press
2021-11-25 10:17:26,379|'f'|release
2021-11-25 10:17:26,416|'i'|press
2021-11-25 10:17:26,508|'i'|release
2021-11-25 10:17:26,545|'x'|press
2021-11-25 10:17:26,638|'x'|release
2021-11-25 10:17:26,680|'é'|press
2021-11-25 10:17:26,773|'é'|release
2021-11-25 10:17:26,841|'s'|press
2021-11-25 10:17:26,969|'s'|release
2021-11-25 10:17:26,970|Key.space|press
2021-11-25 10:17:27,041|Key.space|release
2021-11-25 10:17:27,462|'a'|press
2021-11-25 10:17:27,522|'a'|release
2021-11-25 10:17:27,619|'v'|press
2021-11-25 10:17:27,709|'v'|release
2021-11-25 10:17:27,789|'e'|press
2021-11-25 10:17:27,870|'e'|release
2021-11-25 10:17:27,960|'c'|press
2021-11-25 10:17:28,054|Key.space|press
2021-11-25 10:17:28,077|'c'|release
2021-11-25 10:17:28,108|Key.space|release
2021-11-25 10:17:28,164|'i'|press
2021-11-25 10:17:28,272|'i'|release
2021-11-25 10:17:28,353|'n'|press
2021-11-25 10:17:28,435|'q'|press
2021-11-25 10:17:28,455|'n'|release
2021-11-25 10:17:28,528|'q'|release
2021-11-25 10:17:28,573|'u'|press
2021-11-25 10:17:28,647|'u'|release
2021-11-25 10:17:28,744|'i'|press
2021-11-25 10:17:28,830|'i'|release
2021-11-25 10:17:28,841|'é'|press
2021-11-25 10:17:28,915|'é'|release
2021-11-25 10:17:28,970|'t'|press
2021-11-25 10:17:29,053|'t'|release
2021-11-25 10:17:29,099|'u'|press
2021-11-25 10:17:29,189|'u'|release
2021-11-25 10:17:29,200|'d'|press
2021-11-25 10:17:29,277|'d'|release
2021-11-25 10:17:29,354|'e'|press
2021-11-25 10:17:29,428|'e'|release
2021-11-25 10:17:29,442|','|press
2021-11-25 10:17:29,534|','|release
2021-11-25 10:17:29,640|Key.space|press
2021-11-25 10:17:29,711|Key.space|release
2021-11-25 10:17:29,772|'c'|press
2021-11-25 10:17:29,827|'c'|release
2021-11-25 10:17:29,844|'a'|press
2021-11-25 10:17:29,942|'r'|press
2021-11-25 10:17:29,958|'a'|release
2021-11-25 10:17:30,025|'r'|release
2021-11-25 10:17:30,211|Key.space|press
2021-11-25 10:17:30,285|Key.space|release
2021-11-25 10:17:30,365|'e'|press
2021-11-25 10:17:30,439|'e'|release
2021-11-25 10:17:30,447|'l'|press
2021-11-25 10:17:30,511|'l'|release
2021-11-25 10:17:30,582|'l'|press
2021-11-25 10:17:30,669|'l'|release
2021-11-25 10:17:30,673|'e'|press
2021-11-25 10:17:30,732|Key.space|press
2021-11-25 10:17:30,761|'e'|release
2021-11-25 10:17:30,795|Key.space|release
2021-11-25 10:17:31,115|'s'|press
2021-11-25 10:17:31,208|'s'|release
2021-11-25 10:17:31,279|'e'|press
2021-11-25 10:17:31,319|Key.space|press
2021-11-25 10:17:31,374|'e'|release
2021-11-25 10:17:31,396|Key.space|release
2021-11-25 10:17:31,483|'d'|press
2021-11-25 10:17:31,533|'i'|press
2021-11-25 10:17:31,556|'d'|release
2021-11-25 10:17:31,603|'i'|release
2021-11-25 10:17:31,779|'s'|press
2021-11-25 10:17:31,858|'a'|press
2021-11-25 10:17:31,907|'s'|release
2021-11-25 10:17:31,977|'a'|release
2021-11-25 10:17:31,979|'i'|press
2021-11-25 10:17:32,052|'i'|release
2021-11-25 10:17:32,100|'t'|press
2021-11-25 10:17:32,177|'t'|release
2021-11-25 10:17:32,283|':'|press
2021-11-25 10:17:32,402|':'|release
2021-11-25 10:17:32,638|Key.space|press
2021-11-25 10:17:32,721|Key.space|release
2021-11-25 10:17:32,748|'"'|press
2021-11-25 10:17:32,835|'"'|release
2021-11-25 10:17:32,957|Key.space|press
2021-11-25 10:17:33,036|Key.space|release
2021-11-25 10:17:33,089|Key.shift|press
2021-11-25 10:17:33,139|'J'|press
2021-11-25 10:17:33,223|'J'|release
2021-11-25 10:17:33,234|Key.shift|release
2021-11-25 10:17:33,433|Key.backspace|press
2021-11-25 10:17:33,497|Key.backspace|release
2021-11-25 10:17:33,559|Key.backspace|press
2021-11-25 10:17:33,636|Key.backspace|release
2021-11-25 10:17:33,799|Key.shift|press
2021-11-25 10:17:33,853|'J'|press
2021-11-25 10:17:33,936|'J'|release
2021-11-25 10:17:33,993|Key.shift|release
2021-11-25 10:17:34,023|'e'|press
2021-11-25 10:17:34,113|'e'|release
2021-11-25 10:17:34,117|Key.space|press
2021-11-25 10:17:34,162|Key.space|release
2021-11-25 10:17:34,258|'v'|press
2021-11-25 10:17:34,329|'v'|release
2021-11-25 10:17:34,404|'a'|press
2021-11-25 10:17:34,457|'i'|press
2021-11-25 10:17:34,510|'s'|press
2021-11-25 10:17:34,533|'a'|release
2021-11-25 10:17:34,539|'i'|release
2021-11-25 10:17:34,582|Key.space|press
2021-11-25 10:17:34,627|'s'|release
2021-11-25 10:17:34,669|Key.space|release
2021-11-25 10:17:34,686|'a'|press
2021-11-25 10:17:34,773|'a'|release
2021-11-25 10:17:34,875|'t'|press
2021-11-25 10:17:34,946|'t'|release
2021-11-25 10:17:35,011|'t'|press
2021-11-25 10:17:35,090|'t'|release
2021-11-25 10:17:35,193|'r'|press
2021-11-25 10:17:35,272|'a'|press
2021-11-25 10:17:35,302|'r'|release
2021-11-25 10:17:35,406|'a'|release
2021-11-25 10:17:35,487|'p'|press
2021-11-25 10:17:35,583|'p'|release
2021-11-25 10:17:35,590|'e'|press
2021-11-25 10:17:35,664|'e'|release
2021-11-25 10:17:35,726|'r'|press
2021-11-25 10:17:35,772|Key.space|press
2021-11-25 10:17:35,808|'r'|release
2021-11-25 10:17:35,859|Key.space|release
2021-11-25 10:17:35,864|'u'|press
2021-11-25 10:17:35,950|'u'|release
2021-11-25 10:17:36,027|'n'|press
2021-11-25 10:17:36,074|Key.space|press
2021-11-25 10:17:36,120|'n'|release
2021-11-25 10:17:36,145|Key.space|release
2021-11-25 10:17:36,200|'v'|press
2021-11-25 10:17:36,286|'v'|release
2021-11-25 10:17:36,306|'i'|press
2021-11-25 10:17:36,387|'i'|release
2021-11-25 10:17:36,495|'l'|press
2021-11-25 10:17:36,582|'l'|release
2021-11-25 10:17:36,590|'a'|press
2021-11-25 10:17:36,651|'a'|release
2021-11-25 10:17:36,671|'i'|press
2021-11-25 10:17:36,748|'i'|release
2021-11-25 10:17:36,823|'n'|press
2021-11-25 10:17:36,879|Key.space|press
2021-11-25 10:17:36,901|'n'|release
2021-11-25 10:17:36,959|Key.space|release
2021-11-25 10:17:37,071|'r'|press
2021-11-25 10:17:37,157|'r'|release
2021-11-25 10:17:37,270|'h'|press
2021-11-25 10:17:37,347|'h'|release
2021-11-25 10:17:37,351|'u'|press
2021-11-25 10:17:37,413|'u'|release
2021-11-25 10:17:37,550|'m'|press
2021-11-25 10:17:37,593|'e'|press
2021-11-25 10:17:37,622|'m'|release
2021-11-25 10:17:37,665|Key.space|press
2021-11-25 10:17:37,672|'e'|release
2021-11-25 10:17:37,729|Key.space|release
2021-11-25 10:17:38,042|'s'|press
2021-11-25 10:17:38,133|'i'|press
2021-11-25 10:17:38,143|'s'|release
2021-11-25 10:17:38,226|'i'|release
2021-11-25 10:17:38,228|Key.space|press
2021-11-25 10:17:38,301|Key.space|release
2021-11-25 10:17:38,356|'j'|press
2021-11-25 10:17:38,438|'e'|press
2021-11-25 10:17:38,444|'j'|release
2021-11-25 10:17:38,530|'e'|release
2021-11-25 10:17:38,538|Key.space|press
2021-11-25 10:17:38,616|'n'|press
2021-11-25 10:17:38,622|Key.space|release
2021-11-25 10:17:38,709|'n'|release
2021-11-25 10:17:38,713|'e'|press
2021-11-25 10:17:38,779|Key.space|press
2021-11-25 10:17:38,805|'e'|release
2021-11-25 10:17:38,850|Key.space|release
2021-11-25 10:17:39,026|'s'|press
2021-11-25 10:17:39,087|'s'|release
2021-11-25 10:17:39,647|'è'|press
2021-11-25 10:17:39,724|'è'|release
2021-11-25 10:17:39,732|'c'|press
2021-11-25 10:17:39,831|'c'|release
2021-11-25 10:17:39,845|'h'|press
2021-11-25 10:17:39,932|'h'|release
2021-11-25 10:17:39,934|'e'|press
2021-11-25 10:17:40,011|Key.space|press
2021-11-25 10:17:40,024|'e'|release
2021-11-25 10:17:40,097|Key.space|release
2021-11-25 10:17:40,197|'a'|press
2021-11-25 10:17:40,279|'s'|press
2021-11-25 10:17:40,317|'a'|release
2021-11-25 10:17:40,403|'s'|release
2021-11-25 10:17:40,414|Key.space|press
2021-11-25 10:17:40,497|Key.space|release
2021-11-25 10:17:40,702|Key.backspace|press
2021-11-25 10:17:40,792|Key.backspace|release
2021-11-25 10:17:40,857|Key.backspace|press
2021-11-25 10:17:40,934|Key.backspace|release
2021-11-25 10:17:41,002|Key.backspace|press
2021-11-25 10:17:41,075|Key.backspace|release
2021-11-25 10:17:41,156|'p'|press
2021-11-25 10:17:41,206|'a'|press
2021-11-25 10:17:41,248|'p'|release
2021-11-25 10:17:41,293|'s'|press
2021-11-25 10:17:41,343|'a'|release
2021-11-25 10:17:41,356|Key.space|press
2021-11-25 10:17:41,402|'s'|release
2021-11-25 10:17:41,452|Key.space|release
2021-11-25 10:17:41,568|'b'|press
2021-11-25 10:17:41,665|'b'|release
2021-11-25 10:17:41,672|'i'|press
2021-11-25 10:17:41,736|'i'|release
2021-11-25 10:17:41,868|'n'|press
2021-11-25 10:17:41,899|'e'|press
2021-11-25 10:17:41,924|'n'|release
2021-11-25 10:17:41,959|'e'|release
2021-11-25 10:17:42,227|Key.backspace|press
2021-11-25 10:17:42,298|Key.backspace|release
2021-11-25 10:17:42,340|Key.backspace|press
2021-11-25 10:17:42,411|Key.backspace|release
2021-11-25 10:17:42,431|'e'|press
2021-11-25 10:17:42,500|'n'|press
2021-11-25 10:17:42,513|'e'|release
2021-11-25 10:17:42,576|'n'|release
2021-11-25 10:17:42,912|'t'|press
2021-11-25 10:17:42,992|'t'|release
2021-11-25 10:17:43,228|['^']|press
2021-11-25 10:17:43,308|['^']|release
2021-11-25 10:17:43,427|'o'|press
2021-11-25 10:17:43,483|'t'|press
2021-11-25 10:17:43,506|'o'|release
2021-11-25 10:17:43,550|'t'|release
2021-11-25 10:17:43,692|'"'|press
2021-11-25 10:17:43,788|'"'|release
2021-11-25 10:17:44,119|Key.backspace|press
2021-11-25 10:17:44,190|Key.backspace|release
2021-11-25 10:17:44,604|Key.shift|press
2021-11-25 10:17:44,872|'.'|press
2021-11-25 10:17:44,927|'.'|release
2021-11-25 10:17:45,012|Key.shift|release
2021-11-25 10:17:45,087|'"'|press
2021-11-25 10:17:45,167|'"'|release
2021-11-25 10:17:45,457|Key.enter|press
2021-11-25 10:17:45,524|Key.enter|release
2021-11-25 10:17:45,614|Key.enter|press
2021-11-25 10:17:45,695|Key.enter|release
2021-11-25 10:17:46,024|'"'|press
2021-11-25 10:17:46,119|'"'|release
2021-11-25 10:17:46,264|Key.shift|press
2021-11-25 10:17:46,391|'H'|press
2021-11-25 10:17:46,478|'H'|release
2021-11-25 10:17:46,506|Key.shift|release
2021-11-25 10:17:46,615|'u'|press
2021-11-25 10:17:46,695|'u'|release
2021-11-25 10:17:47,142|'m'|press
2021-11-25 10:17:47,219|'m'|release
2021-11-25 10:17:47,976|'!'|press
2021-11-25 10:17:48,053|'!'|release
2021-11-25 10:17:48,108|'"'|press
2021-11-25 10:17:48,204|'"'|release
2021-11-25 10:17:48,526|Key.space|press
2021-11-25 10:17:48,599|Key.space|release
2021-11-25 10:17:48,684|'f'|press
2021-11-25 10:17:48,770|'f'|release
2021-11-25 10:17:48,781|'i'|press
2021-11-25 10:17:48,855|'i'|release
2021-11-25 10:17:48,884|'t'|press
2021-11-25 10:17:48,972|Key.space|press
2021-11-25 10:17:48,982|'t'|release
2021-11-25 10:17:49,047|'l'|press
2021-11-25 10:17:49,055|Key.space|release
2021-11-25 10:17:49,123|'a'|press
2021-11-25 10:17:49,139|'l'|release
2021-11-25 10:17:49,188|Key.space|press
2021-11-25 10:17:49,234|'a'|release
2021-11-25 10:17:49,268|Key.space|release
2021-11-25 10:17:49,324|'s'|press
2021-11-25 10:17:49,404|'s'|release
2021-11-25 10:17:49,411|'o'|press
2021-11-25 10:17:49,443|'o'|release
2021-11-25 10:17:49,537|Key.backspace|press
2021-11-25 10:17:49,627|Key.backspace|release
2021-11-25 10:17:49,679|Key.backspace|press
2021-11-25 10:17:49,752|Key.backspace|release
2021-11-25 10:17:49,782|Key.shift|press
2021-11-25 10:17:49,820|'S'|press
2021-11-25 10:17:49,910|'S'|release
2021-11-25 10:17:49,951|Key.shift|release
2021-11-25 10:17:49,999|'o'|press
2021-11-25 10:17:50,083|'o'|release
2021-11-25 10:17:50,154|'u'|press
2021-11-25 10:17:50,207|'r'|press
2021-11-25 10:17:50,240|'u'|release
2021-11-25 10:17:50,281|'r'|release
2021-11-25 10:17:50,340|'i'|press
2021-11-25 10:17:50,383|'s'|press
2021-11-25 10:17:50,418|'i'|release
2021-11-25 10:17:50,458|Key.space|press
2021-11-25 10:17:50,507|'s'|release
2021-11-25 10:17:50,535|Key.space|release
2021-11-25 10:17:50,584|'d'|press
2021-11-25 10:17:50,680|'d'|release
2021-11-25 10:17:50,790|"'"|press
2021-11-25 10:17:50,869|"'"|release
2021-11-25 10:17:50,953|'u'|press
2021-11-25 10:17:51,024|'u'|release
2021-11-25 10:17:51,114|'n'|press
2021-11-25 10:17:51,180|Key.space|press
2021-11-25 10:17:51,196|'n'|release
2021-11-25 10:17:51,247|Key.space|release
2021-11-25 10:17:51,276|'a'|press
2021-11-25 10:17:51,369|'a'|release
2021-11-25 10:17:51,393|'i'|press
2021-11-25 10:17:51,479|'i'|release
2021-11-25 10:17:51,566|'r'|press
2021-11-25 10:17:51,656|'r'|release
2021-11-25 10:17:51,699|Key.space|press
2021-11-25 10:17:51,776|Key.space|release
2021-11-25 10:17:51,876|'d'|press
2021-11-25 10:17:51,952|'d'|release
2021-11-25 10:17:52,049|"'"|press
2021-11-25 10:17:52,122|"'"|release
2021-11-25 10:17:52,143|'i'|press
2021-11-25 10:17:52,216|'i'|release
2021-11-25 10:17:52,358|'m'|press
2021-11-25 10:17:52,431|'m'|release
2021-11-25 10:17:52,519|'p'|press
2021-11-25 10:17:52,588|'p'|release
2021-11-25 10:17:52,666|'o'|press
2021-11-25 10:17:52,706|'r'|press
2021-11-25 10:17:52,745|'o'|release
2021-11-25 10:17:52,777|'r'|release
2021-11-25 10:17:52,864|'t'|press
2021-11-25 10:17:52,932|'t'|release
2021-11-25 10:17:53,002|'a'|press
2021-11-25 10:17:53,039|'n'|press
2021-11-25 10:17:53,091|'a'|release
2021-11-25 10:17:53,110|'n'|release
2021-11-25 10:17:53,257|'c'|press
2021-11-25 10:17:53,325|'c'|release
2021-11-25 10:17:53,399|'e'|press
2021-11-25 10:17:53,479|'e'|release
2021-11-25 10:17:53,544|';'|press
2021-11-25 10:17:53,647|';'|release
2021-11-25 10:17:54,432|'"'|press
2021-11-25 10:17:54,513|'"'|release
2021-11-25 10:17:54,832|Key.backspace|press
2021-11-25 10:17:54,908|Key.backspace|release
2021-11-25 10:17:54,932|Key.space|press
2021-11-25 10:17:55,006|Key.space|release
2021-11-25 10:17:55,055|'"'|press
2021-11-25 10:17:55,122|'"'|release
2021-11-25 10:17:55,826|['^']|press
2021-11-25 10:17:55,906|['^']|release
2021-11-25 10:17:55,908|'e'|press
2021-11-25 10:17:55,984|'e'|release
2021-11-25 10:17:56,186|'t'|press
2021-11-25 10:17:56,256|'t'|release
2021-11-25 10:17:56,346|'e'|press
2021-11-25 10:17:56,417|'e'|release
2021-11-25 10:17:56,510|'s'|press
2021-11-25 10:17:56,563|Key.space|press
2021-11-25 10:17:56,602|'s'|release
2021-11-25 10:17:56,637|Key.space|release
2021-11-25 10:17:56,867|Key.backspace|press
2021-11-25 10:17:56,940|Key.backspace|release
2021-11-25 10:17:56,976|'-'|press
2021-11-25 10:17:57,080|'-'|release
2021-11-25 10:17:57,252|'v'|press
2021-11-25 10:17:57,348|'v'|release
2021-11-25 10:17:57,400|'o'|press
2021-11-25 10:17:57,454|'o'|release
2021-11-25 10:17:57,541|'u'|press
2021-11-25 10:17:57,585|'s'|press
2021-11-25 10:17:57,636|'u'|release
2021-11-25 10:17:57,679|Key.space|press
2021-11-25 10:17:57,689|'s'|release
2021-11-25 10:17:57,746|Key.space|release
2021-11-25 10:17:58,025|'p'|press
2021-11-25 10:17:58,114|'p'|release
2021-11-25 10:17:58,116|'r'|press
2021-11-25 10:17:58,186|'r'|release
2021-11-25 10:17:58,438|['^']|press
2021-11-25 10:17:58,515|['^']|release
2021-11-25 10:17:58,517|'e'|press
2021-11-25 10:17:58,590|'e'|release
2021-11-25 10:17:58,671|'t'|press
2021-11-25 10:17:58,763|'t'|release
2021-11-25 10:17:58,797|'s'|press
2021-11-25 10:17:58,916|'s'|release
2021-11-25 10:17:59,104|'"'|press
2021-11-25 10:17:59,194|'"'|release
2021-11-25 10:17:59,817|Key.backspace|press
2021-11-25 10:17:59,888|Key.backspace|release
2021-11-25 10:18:00,055|Key.shift|press
2021-11-25 10:18:00,111|'?'|press
2021-11-25 10:18:00,198|'?'|release
2021-11-25 10:18:00,233|Key.shift|release
2021-11-25 10:18:00,301|'"'|press
2021-11-25 10:18:00,378|'"'|release
2021-11-25 10:18:00,626|Key.backspace|press
2021-11-25 10:18:00,697|Key.backspace|release
2021-11-25 10:18:00,988|Key.space|press
2021-11-25 10:18:01,062|Key.space|release
2021-11-25 10:18:01,094|Key.shift|press
2021-11-25 10:18:01,163|'J'|press
2021-11-25 10:18:01,235|'J'|release
2021-11-25 10:18:01,260|Key.shift|release
2021-11-25 10:18:01,321|Key.space|press
2021-11-25 10:18:01,398|Key.space|release
2021-11-25 10:18:01,463|'n'|press
2021-11-25 10:18:01,559|'n'|release
2021-11-25 10:18:01,561|'e'|press
2021-11-25 10:18:01,628|'e'|release
2021-11-25 10:18:01,635|Key.space|press
2021-11-25 10:18:01,705|Key.space|release
2021-11-25 10:18:02,009|Key.backspace|press
2021-11-25 10:18:02,064|Key.backspace|release
2021-11-25 10:18:02,138|Key.backspace|press
2021-11-25 10:18:02,192|Key.backspace|release
2021-11-25 10:18:02,263|Key.backspace|press
2021-11-25 10:18:02,327|Key.backspace|release
2021-11-25 10:18:02,399|Key.backspace|press
2021-11-25 10:18:02,472|Key.backspace|release
2021-11-25 10:18:02,572|'e'|press
2021-11-25 10:18:02,646|'e'|release
2021-11-25 10:18:02,663|Key.space|press
2021-11-25 10:18:02,740|Key.space|release
2021-11-25 10:18:02,807|'n'|press
2021-11-25 10:18:02,902|'e'|press
2021-11-25 10:18:02,919|'n'|release
2021-11-25 10:18:02,955|Key.space|press
2021-11-25 10:18:02,971|'e'|release
2021-11-25 10:18:03,035|Key.space|release
2021-11-25 10:18:03,154|'s'|press
2021-11-25 10:18:03,210|'a'|press
2021-11-25 10:18:03,246|'s'|release
2021-11-25 10:18:03,317|'i'|press
2021-11-25 10:18:03,336|'a'|release
2021-11-25 10:18:03,380|'s'|press
2021-11-25 10:18:03,396|'i'|release
2021-11-25 10:18:03,467|Key.space|press
2021-11-25 10:18:03,483|'s'|release
2021-11-25 10:18:03,544|Key.space|release
2021-11-25 10:18:03,640|'r'|press
2021-11-25 10:18:03,721|'r'|release
2021-11-25 10:18:03,729|'i'|press
2021-11-25 10:18:03,812|'i'|release
2021-11-25 10:18:03,819|'e'|press
2021-11-25 10:18:03,890|'e'|release
2021-11-25 10:18:03,897|'n'|press
2021-11-25 10:18:03,947|Key.space|press
2021-11-25 10:18:03,973|'n'|release
2021-11-25 10:18:04,020|Key.space|release
2021-11-25 10:18:04,127|'d'|press
2021-11-25 10:18:04,204|'d'|release
2021-11-25 10:18:04,284|'e'|press
2021-11-25 10:18:04,337|Key.space|press
2021-11-25 10:18:04,373|'e'|release
2021-11-25 10:18:04,411|Key.space|release
2021-11-25 10:18:04,424|'p'|press
2021-11-25 10:18:04,492|'p'|release
2021-11-25 10:18:04,582|'l'|press
2021-11-25 10:18:04,666|'l'|release
2021-11-25 10:18:04,746|'u'|press
2021-11-25 10:18:04,783|'s'|press
2021-11-25 10:18:04,838|'u'|release
2021-11-25 10:18:04,841|Key.space|press
2021-11-25 10:18:04,869|'s'|release
2021-11-25 10:18:04,910|Key.space|release
2021-11-25 10:18:04,953|'s'|press
2021-11-25 10:18:05,032|'s'|release
2021-11-25 10:18:05,148|'e'|press
2021-11-25 10:18:05,216|'e'|release
2021-11-25 10:18:05,318|'c'|press
2021-11-25 10:18:05,412|'c'|release
2021-11-25 10:18:05,419|Key.space|press
2021-11-25 10:18:05,508|Key.space|release
2021-11-25 10:18:05,522|'q'|press
2021-11-25 10:18:05,592|'u'|press
2021-11-25 10:18:05,614|'q'|release
2021-11-25 10:18:05,684|'u'|release
2021-11-25 10:18:05,692|'e'|press
2021-11-25 10:18:05,767|Key.space|press
2021-11-25 10:18:05,793|'e'|release
2021-11-25 10:18:05,834|Key.space|release
2021-11-25 10:18:05,912|'c'|press
2021-11-25 10:18:05,995|'c'|release
2021-11-25 10:18:06,002|'i'|press
2021-11-25 10:18:06,086|'i'|release
2021-11-25 10:18:06,415|'e'|press
2021-11-25 10:18:06,467|Key.backspace|press
2021-11-25 10:18:06,474|'e'|release
2021-11-25 10:18:06,551|Key.backspace|release
2021-11-25 10:18:06,612|Key.backspace|press
2021-11-25 10:18:06,679|Key.backspace|release
2021-11-25 10:18:06,824|'e'|press
2021-11-25 10:18:06,881|'e'|release
2021-11-25 10:18:06,994|'c'|press
2021-11-25 10:18:07,050|'i'|press
2021-11-25 10:18:07,080|'c'|release
2021-11-25 10:18:07,105|'i'|release
2021-11-25 10:18:07,214|Key.shift|press
2021-11-25 10:18:07,409|Key.shift|release
2021-11-25 10:18:07,436|Key.shift|press
2021-11-25 10:18:07,520|'.'|press
2021-11-25 10:18:07,595|'.'|release
2021-11-25 10:18:07,674|Key.shift|release
2021-11-25 10:18:07,742|Key.space|press
2021-11-25 10:18:07,823|Key.space|release
2021-11-25 10:18:07,830|Key.shift|press
2021-11-25 10:18:07,912|'S'|press
2021-11-25 10:18:07,983|'S'|release
2021-11-25 10:18:08,018|Key.shift|release
2021-11-25 10:18:08,204|'i'|press
2021-11-25 10:18:08,274|'i'|release
2021-11-25 10:18:08,402|'l'|press
2021-11-25 10:18:08,482|'l'|release
2021-11-25 10:18:08,646|'e'|press
2021-11-25 10:18:08,716|'e'|release
2021-11-25 10:18:08,723|'n'|press
2021-11-25 10:18:08,811|'n'|release
2021-11-25 10:18:08,840|'c'|press
2021-11-25 10:18:08,911|'c'|release
2021-11-25 10:18:08,988|'e'|press
2021-11-25 10:18:09,047|Key.space|press
2021-11-25 10:18:09,083|'e'|release
2021-11-25 10:18:09,128|Key.space|release
2021-11-25 10:18:09,176|'d'|press
2021-11-25 10:18:09,252|'a'|press
2021-11-25 10:18:09,271|'d'|release
2021-11-25 10:18:09,298|'n'|press
2021-11-25 10:18:09,361|'s'|press
2021-11-25 10:18:09,388|'n'|release
2021-11-25 10:18:09,403|'a'|release
2021-11-25 10:18:09,446|Key.space|press
2021-11-25 10:18:09,498|'s'|release
2021-11-25 10:18:09,523|Key.space|release
2021-11-25 10:18:09,533|'l'|press
2021-11-25 10:18:09,587|'e'|press
2021-11-25 10:18:09,620|'l'|release
2021-11-25 10:18:09,669|Key.space|press
2021-11-25 10:18:09,691|'e'|release
2021-11-25 10:18:09,730|Key.space|release
2021-11-25 10:18:09,807|'c'|press
2021-11-25 10:18:09,887|'c'|release
2021-11-25 10:18:09,970|'e'|press
2021-11-25 10:18:10,041|'e'|release
2021-11-25 10:18:10,100|'r'|press
2021-11-25 10:18:10,173|'r'|release
2021-11-25 10:18:10,280|'c'|press
2021-11-25 10:18:10,357|'c'|release
2021-11-25 10:18:10,361|'l'|press
2021-11-25 10:18:10,438|'l'|release
2021-11-25 10:18:10,445|'e'|press
2021-11-25 10:18:10,523|'e'|release
2021-11-25 10:18:10,540|','|press
2021-11-25 10:18:10,608|Key.space|press
2021-11-25 10:18:10,625|','|release
2021-11-25 10:18:10,676|Key.space|release
2021-11-25 10:18:10,740|'j'|press
2021-11-25 10:18:10,815|'e'|press
2021-11-25 10:18:10,842|'j'|release
2021-11-25 10:18:10,900|Key.space|press
2021-11-25 10:18:10,923|'e'|release
2021-11-25 10:18:10,974|Key.space|release
2021-11-25 10:18:11,038|'v'|press
2021-11-25 10:18:11,107|'o'|press
2021-11-25 10:18:11,124|'v'|release
2021-11-25 10:18:11,181|'o'|release
2021-11-25 10:18:11,259|'u'|press
2021-11-25 10:18:11,273|'s'|press
2021-11-25 10:18:11,334|'u'|release
2021-11-25 10:18:11,349|Key.space|press
2021-11-25 10:18:11,394|'s'|release
2021-11-25 10:18:11,426|Key.space|release
2021-11-25 10:18:11,649|'p'|press
2021-11-25 10:18:11,741|'r'|press
2021-11-25 10:18:11,748|'p'|release
2021-11-25 10:18:11,814|'r'|release
2021-11-25 10:18:11,854|'i'|press
2021-11-25 10:18:11,940|'i'|release
2021-11-25 10:18:11,948|'s'|press
2021-11-25 10:18:11,996|'s'|release
2021-11-25 10:18:12,105|'e'|press
2021-11-25 10:18:12,150|'e'|release
2021-11-25 10:18:12,188|Key.backspace|press
2021-11-25 10:18:12,250|Key.backspace|release
2021-11-25 10:18:12,337|Key.backspace|press
2021-11-25 10:18:12,426|Key.backspace|release
2021-11-25 10:18:12,434|'e'|press
2021-11-25 10:18:12,508|'e'|release
2021-11-25 10:18:12,544|Key.shift|press
2021-11-25 10:18:12,594|'.'|press
2021-11-25 10:18:12,659|'.'|release
2021-11-25 10:18:12,706|Key.shift|release
2021-11-25 10:18:13,884|Key.enter|press
2021-11-25 10:18:13,947|Key.enter|release
2021-11-25 10:18:14,432|"'"|press
2021-11-25 10:18:14,506|"'"|release
2021-11-25 10:18:14,860|Key.shift|press
2021-11-25 10:18:14,938|'G'|press
2021-11-25 10:18:15,003|'G'|release
2021-11-25 10:18:15,050|Key.shift|release
2021-11-25 10:18:15,166|'u'|press
2021-11-25 10:18:15,239|'u'|release
2021-11-25 10:18:15,337|'i'|press
2021-11-25 10:18:15,400|'i'|release
2021-11-25 10:18:15,513|'l'|press
2021-11-25 10:18:15,574|'l'|release
2021-11-25 10:18:15,623|'l'|press
2021-11-25 10:18:15,673|'a'|press
2021-11-25 10:18:15,698|'l'|release
2021-11-25 10:18:15,759|'a'|release
2021-11-25 10:18:15,776|'u'|press
2021-11-25 10:18:15,830|'u'|release
2021-11-25 10:18:15,984|'m'|press
2021-11-25 10:18:16,079|'e'|press
2021-11-25 10:18:16,095|'m'|release
2021-11-25 10:18:16,139|'e'|release
2021-11-25 10:18:16,392|Key.space|press
2021-11-25 10:18:16,475|Key.space|release
2021-11-25 10:18:16,581|'l'|press
2021-11-25 10:18:16,661|'l'|release
2021-11-25 10:18:16,688|'e'|press
2021-11-25 10:18:16,767|'e'|release
2021-11-25 10:18:16,775|Key.space|press
2021-11-25 10:18:16,820|Key.space|release
2021-11-25 10:18:16,901|'c'|press
2021-11-25 10:18:16,945|'o'|press
2021-11-25 10:18:16,986|'c'|release
2021-11-25 10:18:17,021|'o'|release
2021-11-25 10:18:17,245|Key.backspace|press
2021-11-25 10:18:17,319|Key.backspace|release
2021-11-25 10:18:17,374|Key.backspace|press
2021-11-25 10:18:17,414|Key.shift|press
2021-11-25 10:18:17,456|Key.backspace|release
2021-11-25 10:18:17,464|'C'|press
2021-11-25 10:18:17,539|'C'|release
2021-11-25 10:18:17,573|Key.shift|release
2021-11-25 10:18:17,587|'o'|press
2021-11-25 10:18:17,651|'o'|release
2021-11-25 10:18:17,741|'n'|press
2021-11-25 10:18:17,819|'n'|release
2021-11-25 10:18:17,820|'q'|press
2021-11-25 10:18:17,903|'q'|release
2021-11-25 10:18:18,021|'é'|press
2021-11-25 10:18:18,105|'é'|release
2021-11-25 10:18:18,290|Key.backspace|press
2021-11-25 10:18:18,364|Key.backspace|release
2021-11-25 10:18:18,448|'u'|press
2021-11-25 10:18:18,525|'u'|release
2021-11-25 10:18:18,538|'é'|press
2021-11-25 10:18:18,631|'é'|release
2021-11-25 10:18:18,782|'r'|press
2021-11-25 10:18:18,866|'r'|release
2021-11-25 10:18:18,946|'a'|press
2021-11-25 10:18:19,052|'a'|release
2021-11-25 10:18:19,078|'n'|press
2021-11-25 10:18:19,127|'n'|release
2021-11-25 10:18:19,150|'t'|press
2021-11-25 10:18:19,230|'t'|release
2021-11-25 10:18:19,305|','|press
2021-11-25 10:18:19,420|','|release
2021-11-25 10:18:19,471|Key.space|press
2021-11-25 10:18:19,543|Key.space|release
2021-11-25 10:18:19,598|'d'|press
2021-11-25 10:18:19,667|'o'|press
2021-11-25 10:18:19,693|'d'|release
2021-11-25 10:18:19,746|'o'|release
2021-11-25 10:18:19,824|'n'|press
2021-11-25 10:18:19,851|'t'|press
2021-11-25 10:18:19,906|'n'|release
2021-11-25 10:18:19,924|Key.space|press
2021-11-25 10:18:19,940|'t'|release
2021-11-25 10:18:19,994|Key.space|release
2021-11-25 10:18:20,036|'l'|press
2021-11-25 10:18:20,089|'e'|press
2021-11-25 10:18:20,135|'l'|release
2021-11-25 10:18:20,165|Key.space|press
2021-11-25 10:18:20,187|'e'|release
2021-11-25 10:18:20,239|Key.space|release
2021-11-25 10:18:20,252|'p'|press
2021-11-25 10:18:20,339|'p'|release
2021-11-25 10:18:20,362|'a'|press
2021-11-25 10:18:20,439|'a'|release
2021-11-25 10:18:20,682|'p'|press
2021-11-25 10:18:20,750|'p'|release
2021-11-25 10:18:20,779|'e'|press
2021-11-25 10:18:20,840|'e'|release
2021-11-25 10:18:21,035|Key.space|press
2021-11-25 10:18:21,122|Key.space|release
2021-11-25 10:18:21,183|'a'|press
2021-11-25 10:18:21,257|'a'|release
2021-11-25 10:18:21,351|'v'|press
2021-11-25 10:18:21,447|'v'|release
2021-11-25 10:18:21,635|'a'|press
2021-11-25 10:18:21,751|'a'|release
2021-11-25 10:18:21,758|'i'|press
2021-11-25 10:18:21,838|'i'|release
2021-11-25 10:18:21,846|'t'|press
2021-11-25 10:18:21,932|'t'|release
2021-11-25 10:18:21,940|Key.space|press
2021-11-25 10:18:22,010|Key.space|release
2021-11-25 10:18:22,050|'e'|press
2021-11-25 10:18:22,137|'e'|release
2021-11-25 10:18:22,139|'m'|press
2021-11-25 10:18:22,192|'m'|release
2021-11-25 10:18:22,267|'b'|press
2021-11-25 10:18:22,353|'b'|release
2021-11-25 10:18:22,453|'r'|press
2021-11-25 10:18:22,538|'a'|press
2021-11-25 10:18:22,560|'r'|release
2021-11-25 10:18:22,643|'a'|release
2021-11-25 10:18:22,710|'s'|press
2021-11-25 10:18:22,782|'s'|release
2021-11-25 10:18:22,862|'s'|press
2021-11-25 10:18:22,922|'é'|press
2021-11-25 10:18:22,935|'s'|release
2021-11-25 10:18:23,030|'é'|release
2021-11-25 10:18:23,063|Key.space|press
2021-11-25 10:18:23,144|Key.space|release
2021-11-25 10:18:23,183|'l'|press
2021-11-25 10:18:23,261|'e'|press
2021-11-25 10:18:23,287|'l'|release
2021-11-25 10:18:23,343|Key.space|press
2021-11-25 10:18:23,365|'e'|release
2021-11-25 10:18:23,420|Key.space|release
2021-11-25 10:18:23,484|'p'|press
2021-11-25 10:18:23,541|'a'|press
2021-11-25 10:18:23,589|'p'|release
2021-11-25 10:18:23,640|'a'|release
2021-11-25 10:18:23,660|'r'|press
2021-11-25 10:18:23,757|'r'|release
2021-11-25 10:18:23,837|'t'|press
2021-11-25 10:18:23,901|'t'|release
2021-11-25 10:18:23,912|'i'|press
2021-11-25 10:18:23,983|'i'|release
2021-11-25 10:18:24,092|','|press
2021-11-25 10:18:24,176|Key.space|press
2021-11-25 10:18:24,183|','|release
2021-11-25 10:18:24,246|Key.space|release
2021-11-25 10:18:24,350|'s'|press
2021-11-25 10:18:24,400|'o'|press
2021-11-25 10:18:24,432|'s'|release
2021-11-25 10:18:24,489|'o'|release
2021-11-25 10:18:24,554|'u'|press
2021-11-25 10:18:24,621|'u'|release
2021-11-25 10:18:24,765|'m'|press
2021-11-25 10:18:24,842|'m'|release
2021-11-25 10:18:24,926|'i'|press
2021-11-25 10:18:24,970|'s'|press
2021-11-25 10:18:25,018|'i'|release
2021-11-25 10:18:25,035|Key.space|press
2021-11-25 10:18:25,054|'s'|release
2021-11-25 10:18:25,131|Key.space|release
2021-11-25 10:18:25,218|'b'|press
2021-11-25 10:18:25,299|'b'|release
2021-11-25 10:18:25,300|'i'|press
2021-11-25 10:18:25,380|'i'|release
2021-11-25 10:18:25,410|'e'|press
2021-11-25 10:18:25,484|'n'|press
2021-11-25 10:18:25,492|'e'|release
2021-11-25 10:18:25,558|'n'|release
2021-11-25 10:18:25,597|'t'|press
2021-11-25 10:18:25,668|'t'|release
2021-11-25 10:18:26,477|['^']|press
2021-11-25 10:18:26,566|['^']|release
2021-11-25 10:18:26,774|'o'|press
2021-11-25 10:18:26,838|'o'|release
2021-11-25 10:18:26,871|'t'|press
2021-11-25 10:18:26,945|'t'|release
2021-11-25 10:18:27,299|Key.space|press
2021-11-25 10:18:27,360|Key.space|release
2021-11-25 10:18:27,936|'l'|press
2021-11-25 10:18:28,002|'e'|press
2021-11-25 10:18:28,015|'l'|release
2021-11-25 10:18:28,063|'e'|release
2021-11-25 10:18:28,159|'s'|press
2021-11-25 10:18:28,202|Key.space|press
2021-11-25 10:18:28,251|'s'|release
2021-11-25 10:18:28,265|Key.shift|press
2021-11-25 10:18:28,291|Key.space|release
2021-11-25 10:18:28,312|'A'|press
2021-11-25 10:18:28,406|'A'|release
2021-11-25 10:18:28,421|Key.shift|release
2021-11-25 10:18:28,486|'n'|press
2021-11-25 10:18:28,553|'n'|release
2021-11-25 10:18:28,586|'g'|press
2021-11-25 10:18:28,669|'g'|release
2021-11-25 10:18:28,804|'l'|press
2021-11-25 10:18:28,891|'l'|release
2021-11-25 10:18:28,901|'a'|press
2021-11-25 10:18:28,989|'a'|release
2021-11-25 10:18:28,999|'i'|press
2021-11-25 10:18:29,070|'s'|press
2021-11-25 10:18:29,077|'i'|release
2021-11-25 10:18:29,141|'s'|release
2021-11-25 10:18:29,209|','|press
2021-11-25 10:18:29,292|','|release
2021-11-25 10:18:29,300|Key.space|press
2021-11-25 10:18:29,370|Key.space|release
2021-11-25 10:18:29,473|'u'|press
2021-11-25 10:18:29,522|'u'|release
2021-11-25 10:18:29,739|Key.backspace|press
2021-11-25 10:18:29,832|Key.backspace|release
2021-11-25 10:18:29,836|'q'|press
2021-11-25 10:18:29,910|'q'|release
2021-11-25 10:18:29,933|'u'|press
2021-11-25 10:18:30,020|'u'|release
2021-11-25 10:18:30,116|'i'|press
2021-11-25 10:18:30,203|'i'|release
2021-11-25 10:18:30,236|Key.space|press
2021-11-25 10:18:30,299|Key.space|release
2021-11-25 10:18:30,396|'m'|press
2021-11-25 10:18:30,480|'m'|release
2021-11-25 10:18:30,490|'a'|press
2021-11-25 10:18:30,570|'a'|release
2021-11-25 10:18:30,944|Key.backspace|press
2021-11-25 10:18:31,020|Key.backspace|release
2021-11-25 10:18:31,676|'a'|press
2021-11-25 10:18:31,763|'a'|release
2021-11-25 10:18:31,771|'n'|press
2021-11-25 10:18:31,835|'n'|release
2021-11-25 10:18:31,925|'q'|press
2021-11-25 10:18:31,999|'q'|release
2021-11-25 10:18:32,207|'u'|press
2021-11-25 10:18:32,293|'u'|release
2021-11-25 10:18:32,399|'a'|press
2021-11-25 10:18:32,482|'a'|release
2021-11-25 10:18:32,566|'i'|press
2021-11-25 10:18:32,649|'i'|release
2021-11-25 10:18:32,686|'e'|press
2021-11-25 10:18:32,775|'e'|release
2021-11-25 10:18:32,786|'n'|press
2021-11-25 10:18:32,863|'n'|release
2021-11-25 10:18:32,890|'t'|press
2021-11-25 10:18:32,959|Key.space|press
2021-11-25 10:18:32,981|'t'|release
2021-11-25 10:18:33,038|Key.space|release
2021-11-25 10:18:33,259|'d'|press
2021-11-25 10:18:33,336|'d'|release
2021-11-25 10:18:33,400|'e'|press
2021-11-25 10:18:33,450|Key.space|press
2021-11-25 10:18:33,496|'e'|release
2021-11-25 10:18:33,537|Key.space|release
2021-11-25 10:18:33,608|'c'|press
2021-11-25 10:18:33,698|'c'|release
2021-11-25 10:18:33,702|'h'|press
2021-11-25 10:18:33,795|'h'|release
2021-11-25 10:18:33,803|'e'|press
2021-11-25 10:18:33,876|'e'|release
2021-11-25 10:18:34,128|'f'|press
2021-11-25 10:18:34,215|'f'|release
2021-11-25 10:18:34,302|'s'|press
2021-11-25 10:18:34,388|'s'|release
2021-11-25 10:18:34,494|','|press
2021-11-25 10:18:34,603|','|release
2021-11-25 10:18:34,611|Key.space|press
2021-11-25 10:18:34,682|Key.space|release
2021-11-25 10:18:34,743|'e'|press
2021-11-25 10:18:34,820|'e'|release
2021-11-25 10:18:34,911|'t'|press
2021-11-25 10:18:34,957|Key.space|press
2021-11-25 10:18:34,996|'t'|release
2021-11-25 10:18:35,044|Key.space|release
2021-11-25 10:18:35,118|'c'|press
2021-11-25 10:18:35,174|'o'|press
2021-11-25 10:18:35,210|'c'|release
2021-11-25 10:18:35,251|'o'|release
2021-11-25 10:18:35,395|'m'|press
2021-11-25 10:18:35,456|'m'|release
2021-11-25 10:18:35,514|'m'|press
2021-11-25 10:18:35,598|'m'|release
2021-11-25 10:18:35,885|'e'|press
2021-11-25 10:18:35,978|'e'|release
2021-11-25 10:18:35,992|'n'|press
2021-11-25 10:18:36,072|'n'|release
2021-11-25 10:18:36,341|'ç'|press
2021-11-25 10:18:36,468|'ç'|release
2021-11-25 10:18:36,514|'a'|press
2021-11-25 10:18:36,616|'a'|release
2021-11-25 10:18:36,630|'i'|press
2021-11-25 10:18:36,662|'i'|release
2021-11-25 10:18:37,392|'e'|press
2021-11-25 10:18:37,441|'n'|press
2021-11-25 10:18:37,470|'e'|release
2021-11-25 10:18:37,521|'n'|release
2021-11-25 10:18:37,577|'t'|press
2021-11-25 10:18:37,655|Key.space|press
2021-11-25 10:18:37,662|'t'|release
2021-11-25 10:18:37,728|Key.space|release
2021-11-25 10:18:37,765|'à'|press
2021-11-25 10:18:37,867|'à'|release
