2021-11-24 20:07:42,686|Key.enter|release
2021-11-24 20:07:53,103|Key.shift_r|press
2021-11-24 20:07:53,215|'C'|press
2021-11-24 20:07:53,316|Key.shift_r|release
2021-11-24 20:07:53,334|'c'|release
2021-11-24 20:07:53,850|'h'|press
2021-11-24 20:07:53,927|'h'|release
2021-11-24 20:07:54,422|'a'|press
2021-11-24 20:07:54,540|'p'|press
2021-11-24 20:07:54,548|'a'|release
2021-11-24 20:07:54,634|'p'|release
2021-11-24 20:07:54,799|'t'|press
2021-11-24 20:07:54,880|'t'|release
2021-11-24 20:07:54,916|'e'|press
2021-11-24 20:07:54,998|'r'|press
2021-11-24 20:07:55,062|'e'|release
2021-11-24 20:07:55,126|'r'|release
2021-11-24 20:07:55,188|Key.space|press
2021-11-24 20:07:55,288|Key.space|release
2021-11-24 20:07:55,365|Key.shift_r|press
2021-11-24 20:07:55,493|'1'|press
2021-11-24 20:07:55,600|'1'|release
2021-11-24 20:07:55,652|'1'|press
2021-11-24 20:07:55,753|'1'|release
2021-11-24 20:07:55,761|Key.shift_r|release
2021-11-24 20:07:55,963|Key.enter|press
2021-11-24 20:07:56,040|Key.enter|release
2021-11-24 20:07:56,081|Key.enter|press
2021-11-24 20:07:56,166|Key.enter|release
2021-11-24 20:07:57,059|"'"|press
2021-11-24 20:07:57,159|"'"|release
2021-11-24 20:07:57,214|Key.shift_r|press
2021-11-24 20:07:57,384|'W'|press
2021-11-24 20:07:57,485|'W'|release
2021-11-24 20:07:57,509|Key.shift_r|release
2021-11-24 20:07:57,587|'e'|press
2021-11-24 20:07:57,692|'e'|release
2021-11-24 20:07:58,034|Key.space|press
2021-11-24 20:07:58,118|'c'|press
2021-11-24 20:07:58,144|Key.space|release
2021-11-24 20:07:58,211|'a'|press
2021-11-24 20:07:58,226|'c'|release
2021-11-24 20:07:58,337|'a'|release
2021-11-24 20:07:58,357|'n'|press
2021-11-24 20:07:58,447|Key.space|press
2021-11-24 20:07:58,485|'n'|release
2021-11-24 20:07:58,550|Key.space|release
2021-11-24 20:07:59,031|'c'|press
2021-11-24 20:07:59,130|'o'|press
2021-11-24 20:07:59,150|'c'|release
2021-11-24 20:07:59,212|'m'|press
2021-11-24 20:07:59,260|'o'|release
2021-11-24 20:07:59,349|'m'|release
2021-11-24 20:07:59,383|'e'|press
2021-11-24 20:07:59,489|'e'|release
2021-11-24 20:07:59,541|Key.space|press
2021-11-24 20:07:59,650|Key.space|release
2021-11-24 20:07:59,998|'h'|press
2021-11-24 20:08:00,091|'h'|release
2021-11-24 20:08:00,096|'e'|press
2021-11-24 20:08:00,179|'r'|press
2021-11-24 20:08:00,211|'e'|release
2021-11-24 20:08:00,294|'r'|release
2021-11-24 20:08:00,308|'e'|press
2021-11-24 20:08:00,418|'e'|release
2021-11-24 20:08:00,603|Key.space|press
2021-11-24 20:08:00,713|Key.space|release
2021-11-24 20:08:00,858|'o'|press
2021-11-24 20:08:00,948|'n'|press
2021-11-24 20:08:01,005|'o'|release
2021-11-24 20:08:01,070|'n'|release
2021-11-24 20:08:01,105|'c'|press
2021-11-24 20:08:01,173|'e'|press
2021-11-24 20:08:01,232|'c'|release
2021-11-24 20:08:01,302|'e'|release
2021-11-24 20:08:01,319|Key.space|press
2021-11-24 20:08:01,425|Key.space|release
2021-11-24 20:08:01,560|'a'|press
2021-11-24 20:08:01,674|'a'|release
2021-11-24 20:08:01,806|'g'|press
2021-11-24 20:08:01,910|'g'|release
2021-11-24 20:08:01,964|'a'|press
2021-11-24 20:08:02,062|'i'|press
2021-11-24 20:08:02,075|'a'|release
2021-11-24 20:08:02,135|'n'|press
2021-11-24 20:08:02,210|'i'|release
2021-11-24 20:08:02,256|'n'|release
2021-11-24 20:08:03,068|','|press
2021-11-24 20:08:03,172|','|release
2021-11-24 20:08:03,186|"'"|press
2021-11-24 20:08:03,296|"'"|release
2021-11-24 20:08:03,315|Key.space|press
2021-11-24 20:08:03,426|Key.space|release
2021-11-24 20:08:03,876|'s'|press
2021-11-24 20:08:03,980|'a'|press
2021-11-24 20:08:03,994|'s'|release
2021-11-24 20:08:04,097|'a'|release
2021-11-24 20:08:04,104|'i'|press
2021-11-24 20:08:04,201|'i'|release
2021-11-24 20:08:04,288|'d'|press
2021-11-24 20:08:04,410|'d'|release
2021-11-24 20:08:04,770|Key.space|press
2021-11-24 20:08:04,872|Key.space|release
2021-11-24 20:08:04,879|Key.shift_r|press
2021-11-24 20:08:05,108|'J'|press
2021-11-24 20:08:05,207|'J'|release
2021-11-24 20:08:05,217|Key.shift_r|release
2021-11-24 20:08:05,409|'u'|press
2021-11-24 20:08:05,499|'u'|release
2021-11-24 20:08:05,517|'i'|press
2021-11-24 20:08:05,607|'i'|release
2021-11-24 20:08:05,716|'l'|press
2021-11-24 20:08:05,805|'l'|release
2021-11-24 20:08:05,822|'a'|press
2021-11-24 20:08:05,938|'a'|release
2021-11-24 20:08:06,401|Key.backspace|press
2021-11-24 20:08:06,484|Key.backspace|release
2021-11-24 20:08:06,517|Key.backspace|press
2021-11-24 20:08:06,612|Key.backspace|release
2021-11-24 20:08:06,645|Key.backspace|press
2021-11-24 20:08:06,745|Key.backspace|release
2021-11-24 20:08:07,289|'l'|press
2021-11-24 20:08:07,378|'i'|press
2021-11-24 20:08:07,387|'l'|release
2021-11-24 20:08:07,472|'i'|release
2021-11-24 20:08:07,484|'a'|press
2021-11-24 20:08:07,592|'a'|release
2021-11-24 20:08:08,154|Key.shift_r|press
2021-11-24 20:08:08,227|'.'|press
2021-11-24 20:08:08,351|Key.shift_r|release
2021-11-24 20:08:08,359|';'|release
2021-11-24 20:08:08,613|Key.space|press
2021-11-24 20:08:08,709|Key.space|release
2021-11-24 20:08:08,800|Key.shift_r|press
2021-11-24 20:08:09,007|Key.shift_r|release
2021-11-24 20:08:09,224|"'"|press
2021-11-24 20:08:09,327|"'"|release
2021-11-24 20:08:09,543|'i'|press
2021-11-24 20:08:09,624|'i'|release
2021-11-24 20:08:09,870|Key.backspace|press
2021-11-24 20:08:09,945|Key.backspace|release
2021-11-24 20:08:10,063|Key.shift_r|press
2021-11-24 20:08:10,179|'T'|press
2021-11-24 20:08:10,281|'T'|release
2021-11-24 20:08:10,562|Key.shift_r|release
2021-11-24 20:08:10,678|Key.backspace|press
2021-11-24 20:08:10,768|Key.backspace|release
2021-11-24 20:08:10,875|Key.shift_r|press
2021-11-24 20:08:11,010|'I'|press
2021-11-24 20:08:11,095|Key.shift_r|release
2021-11-24 20:08:11,122|'i'|release
2021-11-24 20:08:11,314|'t'|press
2021-11-24 20:08:11,407|'t'|release
2021-11-24 20:08:11,635|"'"|press
2021-11-24 20:08:11,726|"'"|release
2021-11-24 20:08:11,767|'s'|press
2021-11-24 20:08:11,873|'s'|release
2021-11-24 20:08:12,502|"'"|press
2021-11-24 20:08:12,605|"'"|release
2021-11-24 20:08:13,079|Key.backspace|press
2021-11-24 20:08:13,155|Key.backspace|release
2021-11-24 20:08:13,970|Key.space|press
2021-11-24 20:08:14,075|Key.space|release
2021-11-24 20:08:14,171|'g'|press
2021-11-24 20:08:14,267|'g'|release
2021-11-24 20:08:14,313|'e'|press
2021-11-24 20:08:14,433|'e'|release
2021-11-24 20:08:14,463|'n'|press
2021-11-24 20:08:14,551|'n'|release
2021-11-24 20:08:14,738|'r'|press
2021-11-24 20:08:14,825|'a'|press
2021-11-24 20:08:14,846|'r'|release
2021-11-24 20:08:14,938|'a'|release
2021-11-24 20:08:14,972|'l'|press
2021-11-24 20:08:15,058|'l'|release
2021-11-24 20:08:15,110|'l'|press
2021-11-24 20:08:15,200|'l'|release
2021-11-24 20:08:15,359|Key.backspace|press
2021-11-24 20:08:15,436|Key.backspace|release
2021-11-24 20:08:15,472|Key.backspace|press
2021-11-24 20:08:15,569|Key.backspace|release
2021-11-24 20:08:15,605|Key.backspace|press
2021-11-24 20:08:15,699|Key.backspace|release
2021-11-24 20:08:15,726|Key.backspace|press
2021-11-24 20:08:15,819|Key.backspace|release
2021-11-24 20:08:16,132|'e'|press
2021-11-24 20:08:16,240|'r'|press
2021-11-24 20:08:16,251|'e'|release
2021-11-24 20:08:16,358|'r'|release
2021-11-24 20:08:16,363|'a'|press
2021-11-24 20:08:16,486|'a'|release
2021-11-24 20:08:16,502|'l'|press
2021-11-24 20:08:16,576|'l'|release
2021-11-24 20:08:16,619|'l'|press
2021-11-24 20:08:16,716|'l'|release
2021-11-24 20:08:16,826|'y'|press
2021-11-24 20:08:16,931|'y'|release
2021-11-24 20:08:17,346|Key.space|press
2021-11-24 20:08:17,457|Key.space|release
2021-11-24 20:08:17,471|'s'|press
2021-11-24 20:08:17,557|'a'|press
2021-11-24 20:08:17,621|'s'|release
2021-11-24 20:08:17,671|'a'|release
2021-11-24 20:08:17,739|'f'|press
2021-11-24 20:08:17,830|'e'|press
2021-11-24 20:08:17,883|'f'|release
2021-11-24 20:08:17,967|'e'|release
2021-11-24 20:08:18,319|Key.space|press
2021-11-24 20:08:18,432|Key.space|release
2021-11-24 20:08:18,654|'t'|press
2021-11-24 20:08:18,729|'o'|press
2021-11-24 20:08:18,770|'t'|release
2021-11-24 20:08:18,792|Key.space|press
2021-11-24 20:08:18,848|'o'|release
2021-11-24 20:08:18,901|Key.space|release
2021-11-24 20:08:19,586|'u'|press
2021-11-24 20:08:19,677|'u'|release
2021-11-24 20:08:19,711|'s'|press
2021-11-24 20:08:19,810|'s'|release
2021-11-24 20:08:19,849|'e'|press
2021-11-24 20:08:19,948|'e'|release
2021-11-24 20:08:19,957|Key.space|press
2021-11-24 20:08:20,048|Key.space|release
2021-11-24 20:08:20,066|'a'|press
2021-11-24 20:08:20,179|'a'|release
2021-11-24 20:08:20,184|'n'|press
2021-11-24 20:08:20,277|'n'|release
2021-11-24 20:08:20,371|'y'|press
2021-11-24 20:08:20,454|'y'|release
2021-11-24 20:08:21,348|Key.space|press
2021-11-24 20:08:21,445|Key.space|release
2021-11-24 20:08:22,387|'h'|press
2021-11-24 20:08:22,487|'h'|release
2021-11-24 20:08:22,512|'i'|press
2021-11-24 20:08:22,606|'i'|release
2021-11-24 20:08:22,692|'d'|press
2021-11-24 20:08:22,795|'e'|press
2021-11-24 20:08:22,878|'d'|release
2021-11-24 20:08:22,926|'e'|release
2021-11-24 20:08:23,481|'-'|press
2021-11-24 20:08:23,581|'-'|release
2021-11-24 20:08:23,689|'o'|press
2021-11-24 20:08:23,767|'u'|press
2021-11-24 20:08:23,832|'o'|release
2021-11-24 20:08:23,880|'u'|release
2021-11-24 20:08:23,918|'t'|press
2021-11-24 20:08:24,040|'t'|release
2021-11-24 20:08:24,355|Key.space|press
2021-11-24 20:08:24,460|Key.space|release
2021-11-24 20:08:24,521|'t'|press
2021-11-24 20:08:24,619|'t'|release
2021-11-24 20:08:24,931|'w'|press
2021-11-24 20:08:25,055|'w'|release
2021-11-24 20:08:25,114|'i'|press
2021-11-24 20:08:25,208|'i'|release
2021-11-24 20:08:25,282|'c'|press
2021-11-24 20:08:25,355|'e'|press
2021-11-24 20:08:25,408|'c'|release
2021-11-24 20:08:25,421|Key.space|press
2021-11-24 20:08:25,474|'e'|release
2021-11-24 20:08:25,506|Key.space|release
2021-11-24 20:08:26,045|Key.backspace|press
2021-11-24 20:08:26,132|Key.backspace|release
2021-11-24 20:08:26,348|Key.shift_r|press
2021-11-24 20:08:26,404|'.'|press
2021-11-24 20:08:26,522|Key.shift_r|release
2021-11-24 20:08:26,530|';'|release
2021-11-24 20:08:26,606|Key.space|press
2021-11-24 20:08:26,701|Key.space|release
2021-11-24 20:08:26,788|Key.shift_r|press
2021-11-24 20:08:27,040|'B'|press
2021-11-24 20:08:27,099|Key.shift_r|release
2021-11-24 20:08:27,150|'b'|release
2021-11-24 20:08:27,189|'u'|press
2021-11-24 20:08:27,289|'t'|press
2021-11-24 20:08:27,298|'u'|release
2021-11-24 20:08:27,381|Key.space|press
2021-11-24 20:08:27,391|'t'|release
2021-11-24 20:08:27,471|Key.space|release
2021-11-24 20:08:27,864|'n'|press
2021-11-24 20:08:27,960|'n'|release
2021-11-24 20:08:27,998|'o'|press
2021-11-24 20:08:28,095|'o'|release
2021-11-24 20:08:28,146|'t'|press
2021-11-24 20:08:28,219|Key.space|press
2021-11-24 20:08:28,250|'t'|release
2021-11-24 20:08:28,310|Key.space|release
2021-11-24 20:08:28,788|'f'|press
2021-11-24 20:08:28,866|'o'|press
2021-11-24 20:08:28,890|'f'|release
2021-11-24 20:08:28,953|'o'|release
2021-11-24 20:08:28,959|'r'|press
2021-11-24 20:08:29,064|'r'|release
2021-11-24 20:08:29,078|Key.space|press
2021-11-24 20:08:29,185|Key.space|release
2021-11-24 20:08:29,502|'a'|press
2021-11-24 20:08:29,586|'n'|press
2021-11-24 20:08:29,627|'a'|release
2021-11-24 20:08:29,683|'n'|release
2021-11-24 20:08:29,771|'o'|press
2021-11-24 20:08:29,841|'o'|release
2021-11-24 20:08:29,893|'t'|press
2021-11-24 20:08:30,000|'t'|release
2021-11-24 20:08:30,006|'h'|press
2021-11-24 20:08:30,087|'e'|press
2021-11-24 20:08:30,095|'h'|release
2021-11-24 20:08:30,156|'r'|press
2021-11-24 20:08:30,208|'e'|release
2021-11-24 20:08:30,261|Key.space|press
2021-11-24 20:08:30,296|'r'|release
2021-11-24 20:08:30,357|Key.space|release
2021-11-24 20:08:30,716|'m'|press
2021-11-24 20:08:30,801|'m'|release
2021-11-24 20:08:30,859|'o'|press
2021-11-24 20:08:30,934|'n'|press
2021-11-24 20:08:31,003|'o'|release
2021-11-24 20:08:31,054|'n'|release
2021-11-24 20:08:31,069|'t'|press
2021-11-24 20:08:31,162|'h'|press
2021-11-24 20:08:31,184|'t'|release
2021-11-24 20:08:31,245|'h'|release
2021-11-24 20:08:31,728|Key.space|press
2021-11-24 20:08:31,827|Key.space|release
2021-11-24 20:08:31,982|'o'|press
2021-11-24 20:08:32,073|'o'|release
2021-11-24 20:08:32,441|'r'|press
2021-11-24 20:08:32,546|'r'|release
2021-11-24 20:08:32,552|Key.space|press
2021-11-24 20:08:32,615|'t'|press
2021-11-24 20:08:32,645|Key.space|release
2021-11-24 20:08:32,710|'t'|release
2021-11-24 20:08:32,982|'w'|press
2021-11-24 20:08:33,074|'o'|press
2021-11-24 20:08:33,084|'w'|release
2021-11-24 20:08:33,133|Key.space|press
2021-11-24 20:08:33,179|'o'|release
2021-11-24 20:08:33,220|Key.space|release
2021-11-24 20:08:33,675|Key.backspace|press
2021-11-24 20:08:33,752|Key.backspace|release
2021-11-24 20:08:33,896|','|press
2021-11-24 20:08:33,944|Key.space|press
2021-11-24 20:08:34,004|','|release
2021-11-24 20:08:34,049|Key.space|release
2021-11-24 20:08:34,215|'o'|press
2021-11-24 20:08:34,298|'o'|release
2021-11-24 20:08:34,471|'f'|press
2021-11-24 20:08:34,549|Key.space|press
2021-11-24 20:08:34,563|'f'|release
2021-11-24 20:08:34,670|Key.space|release
2021-11-24 20:08:34,820|'c'|press
2021-11-24 20:08:34,894|'o'|press
2021-11-24 20:08:34,918|'c'|release
2021-11-24 20:08:34,949|'u'|press
2021-11-24 20:08:35,009|'o'|release
2021-11-24 20:08:35,032|'r'|press
2021-11-24 20:08:35,053|'u'|release
2021-11-24 20:08:35,137|'r'|release
2021-11-24 20:08:35,190|'s'|press
2021-11-24 20:08:35,295|'s'|release
2021-11-24 20:08:35,358|'e'|press
2021-11-24 20:08:35,460|'e'|release
2021-11-24 20:08:35,480|Key.shift_r|press
2021-11-24 20:08:35,540|'.'|press
2021-11-24 20:08:35,627|Key.shift_r|release
2021-11-24 20:08:35,663|';'|release
2021-11-24 20:08:36,179|"'"|press
2021-11-24 20:08:36,284|"'"|release
2021-11-24 20:08:36,320|Key.enter|press
2021-11-24 20:08:36,394|Key.enter|release
2021-11-24 20:08:36,449|Key.enter|press
2021-11-24 20:08:36,536|Key.enter|release
2021-11-24 20:08:36,907|Key.shift_r|press
2021-11-24 20:08:37,006|'A'|press
2021-11-24 20:08:37,089|Key.shift_r|release
2021-11-24 20:08:37,116|'a'|release
2021-11-24 20:08:37,192|'s'|press
2021-11-24 20:08:37,263|Key.space|press
2021-11-24 20:08:37,285|'s'|release
2021-11-24 20:08:37,366|'s'|press
2021-11-24 20:08:37,383|Key.space|release
2021-11-24 20:08:37,448|'o'|press
2021-11-24 20:08:37,468|'s'|release
2021-11-24 20:08:37,542|'o'|release
2021-11-24 20:08:37,599|'o'|press
2021-11-24 20:08:37,696|'o'|release
2021-11-24 20:08:37,701|'n'|press
2021-11-24 20:08:37,809|'n'|release
2021-11-24 20:08:38,091|Key.space|press
2021-11-24 20:08:38,200|'a'|press
2021-11-24 20:08:38,209|Key.space|release
2021-11-24 20:08:38,307|'s'|press
2021-11-24 20:08:38,316|'a'|release
2021-11-24 20:08:38,437|'s'|release
2021-11-24 20:08:38,460|Key.space|press
2021-11-24 20:08:38,559|Key.space|release
2021-11-24 20:08:38,573|'s'|press
2021-11-24 20:08:38,683|'s'|release
2021-11-24 20:08:38,694|'h'|press
2021-11-24 20:08:38,788|'h'|release
2021-11-24 20:08:38,799|'e'|press
2021-11-24 20:08:38,866|Key.space|press
2021-11-24 20:08:38,902|'e'|release
2021-11-24 20:08:38,984|Key.space|release
2021-11-24 20:08:39,359|'w'|press
2021-11-24 20:08:39,478|'w'|release
2021-11-24 20:08:39,483|'o'|press
2021-11-24 20:08:39,584|'o'|release
2021-11-24 20:08:40,041|'k'|press
2021-11-24 20:08:40,126|'e'|press
2021-11-24 20:08:40,143|'k'|release
2021-11-24 20:08:40,206|Key.space|press
2021-11-24 20:08:40,224|'e'|release
2021-11-24 20:08:40,326|Key.space|release
2021-11-24 20:08:40,475|'u'|press
2021-11-24 20:08:40,550|'u'|release
2021-11-24 20:08:40,585|'p'|press
2021-11-24 20:08:40,653|Key.space|press
2021-11-24 20:08:40,689|'p'|release
2021-11-24 20:08:40,754|Key.space|release
2021-11-24 20:08:41,223|'h'|press
2021-11-24 20:08:41,311|'h'|release
2021-11-24 20:08:41,322|'e'|press
2021-11-24 20:08:41,409|'r'|press
2021-11-24 20:08:41,440|'e'|release
2021-11-24 20:08:41,541|'r'|release
2021-11-24 20:08:41,547|Key.space|press
2021-11-24 20:08:41,642|Key.space|release
2021-11-24 20:08:42,151|'d'|press
2021-11-24 20:08:42,223|'e'|press
2021-11-24 20:08:42,284|'d'|release
2021-11-24 20:08:42,342|'e'|release
2021-11-24 20:08:42,366|'m'|press
2021-11-24 20:08:42,448|'m'|release
2021-11-24 20:08:42,830|'e'|press
2021-11-24 20:08:42,936|'e'|release
2021-11-24 20:08:43,167|'a'|press
2021-11-24 20:08:43,266|'a'|release
2021-11-24 20:08:43,307|'n'|press
2021-11-24 20:08:43,396|'n'|release
2021-11-24 20:08:43,447|'o'|press
2021-11-24 20:08:43,496|'u'|press
2021-11-24 20:08:43,557|'o'|release
2021-11-24 20:08:43,615|'u'|release
2021-11-24 20:08:43,620|'r'|press
2021-11-24 20:08:43,740|'r'|release
2021-11-24 20:08:44,036|Key.space|press
2021-11-24 20:08:44,144|Key.space|release
2021-11-24 20:08:44,428|'h'|press
2021-11-24 20:08:44,522|'h'|release
2021-11-24 20:08:44,535|'a'|press
2021-11-24 20:08:44,612|'d'|press
2021-11-24 20:08:44,664|'a'|release
2021-11-24 20:08:44,752|'d'|release
2021-11-24 20:08:44,823|Key.space|press
2021-11-24 20:08:44,928|Key.space|release
2021-11-24 20:08:45,334|'c'|press
2021-11-24 20:08:45,400|'h'|press
2021-11-24 20:08:45,442|'c'|release
2021-11-24 20:08:45,469|'a'|press
2021-11-24 20:08:45,491|'h'|release
2021-11-24 20:08:45,583|'a'|release
2021-11-24 20:08:45,590|'n'|press
2021-11-24 20:08:45,690|'n'|release
2021-11-24 20:08:46,677|'g'|press
2021-11-24 20:08:46,761|'g'|release
2021-11-24 20:08:46,765|'e'|press
2021-11-24 20:08:46,892|'e'|release
2021-11-24 20:08:47,236|'d'|press
2021-11-24 20:08:47,344|'d'|release
2021-11-24 20:08:47,388|Key.shift_r|press
2021-11-24 20:08:47,451|'.'|press
2021-11-24 20:08:47,543|Key.shift_r|release
2021-11-24 20:08:47,557|';'|release
2021-11-24 20:08:47,754|Key.shift_r|press
2021-11-24 20:08:47,938|Key.space|press
2021-11-24 20:08:48,073|Key.space|release
2021-11-24 20:08:48,201|'S'|press
2021-11-24 20:08:48,301|'S'|release
2021-11-24 20:08:48,382|Key.shift_r|release
2021-11-24 20:08:48,883|'h'|press
2021-11-24 20:08:48,980|'h'|release
2021-11-24 20:08:48,986|'e'|press
2021-11-24 20:08:49,069|Key.space|press
2021-11-24 20:08:49,081|'e'|release
2021-11-24 20:08:49,158|Key.space|release
2021-11-24 20:08:49,788|'b'|press
2021-11-24 20:08:49,876|'b'|release
2021-11-24 20:08:49,881|'a'|press
2021-11-24 20:08:49,998|'a'|release
2021-11-24 20:08:50,147|'c'|press
2021-11-24 20:08:50,257|'c'|release
2021-11-24 20:08:50,262|'a'|press
2021-11-24 20:08:50,360|'m'|press
2021-11-24 20:08:50,368|'a'|release
2021-11-24 20:08:50,450|'m'|release
2021-11-24 20:08:50,488|'e'|press
2021-11-24 20:08:50,588|'e'|release
2021-11-24 20:08:50,648|Key.backspace|press
2021-11-24 20:08:50,729|Key.backspace|release
2021-11-24 20:08:50,763|Key.backspace|press
2021-11-24 20:08:50,854|Key.backspace|release
2021-11-24 20:08:50,889|Key.backspace|press
2021-11-24 20:08:50,990|Key.backspace|release
2021-11-24 20:08:51,027|Key.backspace|press
2021-11-24 20:08:51,104|Key.backspace|release
2021-11-24 20:08:51,136|Key.backspace|press
2021-11-24 20:08:51,228|'e'|press
2021-11-24 20:08:51,236|Key.backspace|release
2021-11-24 20:08:51,314|'c'|press
2021-11-24 20:08:51,343|'e'|release
2021-11-24 20:08:51,425|'c'|release
2021-11-24 20:08:51,596|Key.backspace|press
2021-11-24 20:08:51,679|Key.backspace|release
2021-11-24 20:08:51,705|Key.backspace|press
2021-11-24 20:08:51,772|Key.backspace|release
2021-11-24 20:08:52,332|'e'|press
2021-11-24 20:08:52,407|'c'|press
2021-11-24 20:08:52,447|'e'|release
2021-11-24 20:08:52,532|'a'|press
2021-11-24 20:08:52,541|'c'|release
2021-11-24 20:08:52,604|'m'|press
2021-11-24 20:08:52,651|'a'|release
2021-11-24 20:08:52,713|'m'|release
2021-11-24 20:08:52,740|'e'|press
2021-11-24 20:08:52,808|Key.space|press
2021-11-24 20:08:52,850|'e'|release
2021-11-24 20:08:52,911|Key.space|release
2021-11-24 20:08:53,214|'a'|press
2021-11-24 20:08:53,314|'l'|press
2021-11-24 20:08:53,336|'a'|release
2021-11-24 20:08:53,421|'l'|release
2021-11-24 20:08:53,516|'e'|press
2021-11-24 20:08:53,622|'r'|press
2021-11-24 20:08:53,639|'e'|release
2021-11-24 20:08:53,757|'r'|release
2021-11-24 20:08:53,799|'t'|press
2021-11-24 20:08:53,913|'t'|release
2021-11-24 20:08:54,062|Key.space|press
2021-11-24 20:08:54,167|'a'|press
2021-11-24 20:08:54,176|Key.space|release
2021-11-24 20:08:54,255|'n'|press
2021-11-24 20:08:54,268|'a'|release
2021-11-24 20:08:54,352|'d'|press
2021-11-24 20:08:54,362|'n'|release
2021-11-24 20:08:54,474|'d'|release
2021-11-24 20:08:54,492|Key.space|press
2021-11-24 20:08:54,587|Key.space|release
2021-11-24 20:08:55,141|'b'|press
2021-11-24 20:08:55,229|'b'|release
2021-11-24 20:08:55,464|'u'|press
2021-11-24 20:08:55,548|'u'|release
2021-11-24 20:08:55,660|'s'|press
2021-11-24 20:08:55,764|'s'|release
2021-11-24 20:08:55,772|'i'|press
2021-11-24 20:08:55,850|'i'|release
2021-11-24 20:08:55,941|'n'|press
2021-11-24 20:08:56,022|'n'|release
2021-11-24 20:08:56,028|'e'|press
2021-11-24 20:08:56,123|'e'|release
2021-11-24 20:08:56,203|'s'|press
2021-11-24 20:08:56,289|'s'|release
2021-11-24 20:08:56,360|'s'|press
2021-11-24 20:08:56,452|'s'|release
2021-11-24 20:08:56,982|'-'|press
2021-11-24 20:08:57,062|'-'|release
2021-11-24 20:08:57,642|'l'|press
2021-11-24 20:08:57,745|'l'|release
2021-11-24 20:08:57,806|'i'|press
2021-11-24 20:08:57,892|'i'|release
2021-11-24 20:08:57,991|'k'|press
2021-11-24 20:08:58,089|'k'|release
2021-11-24 20:08:58,114|'e'|press
2021-11-24 20:08:58,211|'e'|release
2021-11-24 20:08:58,302|','|press
2021-11-24 20:08:58,349|Key.space|press
2021-11-24 20:08:58,403|','|release
2021-11-24 20:08:58,442|Key.space|release
2021-11-24 20:08:58,637|'p'|press
2021-11-24 20:08:58,747|'p'|release
2021-11-24 20:08:58,819|'u'|press
2021-11-24 20:08:58,921|'u'|release
2021-11-24 20:08:58,943|'t'|press
2021-11-24 20:08:59,015|Key.space|press
2021-11-24 20:08:59,058|'t'|release
2021-11-24 20:08:59,119|Key.space|release
2021-11-24 20:08:59,633|'h'|press
2021-11-24 20:08:59,718|'h'|release
2021-11-24 20:08:59,770|'e'|press
2021-11-24 20:08:59,862|'r'|press
2021-11-24 20:08:59,907|'e'|release
2021-11-24 20:08:59,981|Key.space|press
2021-11-24 20:08:59,988|'r'|release
2021-11-24 20:09:00,093|Key.space|release
2021-11-24 20:09:00,445|'c'|press
2021-11-24 20:09:00,549|'c'|release
2021-11-24 20:09:00,553|'l'|press
2021-11-24 20:09:00,640|'l'|release
2021-11-24 20:09:00,687|'o'|press
2021-11-24 20:09:00,771|'o'|release
2021-11-24 20:09:01,136|'t'|press
2021-11-24 20:09:01,236|'h'|press
2021-11-24 20:09:01,258|'t'|release
2021-11-24 20:09:01,299|'e'|press
2021-11-24 20:09:01,327|'h'|release
2021-11-24 20:09:01,359|'r'|press
2021-11-24 20:09:01,421|'e'|release
2021-11-24 20:09:01,495|'r'|release
2021-11-24 20:09:01,942|Key.backspace|press
2021-11-24 20:09:02,010|Key.backspace|release
2021-11-24 20:09:02,014|'s'|press
2021-11-24 20:09:02,046|Key.space|press
2021-11-24 20:09:02,128|'s'|release
2021-11-24 20:09:02,148|Key.space|release
2021-11-24 20:09:02,284|'o'|press
2021-11-24 20:09:02,333|'n'|press
2021-11-24 20:09:02,414|'o'|release
2021-11-24 20:09:02,440|'n'|release
2021-11-24 20:09:02,651|','|press
2021-11-24 20:09:02,709|Key.space|press
2021-11-24 20:09:02,754|','|release
2021-11-24 20:09:02,804|Key.space|release
2021-11-24 20:09:03,334|'k'|press
2021-11-24 20:09:03,412|'k'|release
2021-11-24 20:09:03,480|'n'|press
2021-11-24 20:09:03,576|'n'|release
2021-11-24 20:09:03,611|'o'|press
2021-11-24 20:09:03,688|'o'|release
2021-11-24 20:09:03,726|'t'|press
2021-11-24 20:09:03,821|'t'|release
2021-11-24 20:09:03,873|'t'|press
2021-11-24 20:09:03,961|'t'|release
2021-11-24 20:09:03,981|'e'|press
2021-11-24 20:09:04,060|'d'|press
2021-11-24 20:09:04,117|'e'|release
2021-11-24 20:09:04,128|Key.space|press
2021-11-24 20:09:04,188|'d'|release
2021-11-24 20:09:04,223|Key.space|release
2021-11-24 20:09:04,552|'t'|press
2021-11-24 20:09:04,616|'h'|press
2021-11-24 20:09:04,662|'t'|release
2021-11-24 20:09:04,680|'e'|press
2021-11-24 20:09:04,709|'h'|release
2021-11-24 20:09:04,772|Key.space|press
2021-11-24 20:09:04,799|'e'|release
2021-11-24 20:09:04,858|Key.space|release
2021-11-24 20:09:04,961|'s'|press
2021-11-24 20:09:05,075|'s'|release
2021-11-24 20:09:05,161|'c'|press
2021-11-24 20:09:05,269|'c'|release
2021-11-24 20:09:05,359|'a'|press
2021-11-24 20:09:05,477|'a'|release
2021-11-24 20:09:05,939|'r'|press
2021-11-24 20:09:06,046|'r'|release
2021-11-24 20:09:06,056|'l'|press
2021-11-24 20:09:06,134|'l'|release
2021-11-24 20:09:06,265|'t'|press
2021-11-24 20:09:06,384|'t'|release
2021-11-24 20:09:06,785|Key.backspace|press
2021-11-24 20:09:06,852|'e'|press
2021-11-24 20:09:06,866|Key.backspace|release
2021-11-24 20:09:06,878|'r'|press
2021-11-24 20:09:06,945|'e'|release
2021-11-24 20:09:07,020|'r'|release
2021-11-24 20:09:07,889|Key.backspace|press
2021-11-24 20:09:07,979|Key.backspace|release
2021-11-24 20:09:08,692|'e'|press
2021-11-24 20:09:08,749|'t'|press
2021-11-24 20:09:08,806|'e'|release
2021-11-24 20:09:08,878|'t'|release
2021-11-24 20:09:08,990|Key.space|press
2021-11-24 20:09:09,066|Key.space|release
2021-11-24 20:09:09,272|Key.backspace|press
2021-11-24 20:09:09,349|Key.backspace|release
2021-11-24 20:09:09,395|Key.backspace|press
2021-11-24 20:09:09,488|Key.backspace|release
2021-11-24 20:09:09,527|Key.backspace|press
2021-11-24 20:09:09,621|Key.backspace|release
2021-11-24 20:09:09,654|Key.backspace|press
2021-11-24 20:09:09,722|Key.backspace|release
2021-11-24 20:09:10,653|'e'|press
2021-11-24 20:09:10,723|'t'|press
2021-11-24 20:09:10,774|'e'|release
2021-11-24 20:09:10,849|'t'|release
2021-11-24 20:09:11,387|Key.space|press
2021-11-24 20:09:11,494|Key.space|release
2021-11-24 20:09:11,527|'s'|press
2021-11-24 20:09:11,631|'s'|release
2021-11-24 20:09:11,733|'a'|press
2021-11-24 20:09:11,836|'a'|release
2021-11-24 20:09:11,943|'s'|press
2021-11-24 20:09:12,061|'h'|press
2021-11-24 20:09:12,073|'s'|release
2021-11-24 20:09:12,140|'h'|release
2021-11-24 20:09:12,596|Key.space|press
2021-11-24 20:09:12,697|Key.space|release
2021-11-24 20:09:12,703|'a'|press
2021-11-24 20:09:12,800|'b'|press
2021-11-24 20:09:12,810|'a'|release
2021-11-24 20:09:12,899|'b'|release
2021-11-24 20:09:12,959|'o'|press
2021-11-24 20:09:13,015|'u'|press
2021-11-24 20:09:13,055|'o'|release
2021-11-24 20:09:13,125|'u'|release
2021-11-24 20:09:13,138|'t'|press
2021-11-24 20:09:13,257|'t'|release
2021-11-24 20:09:13,472|Key.space|press
2021-11-24 20:09:13,580|Key.space|release
2021-11-24 20:09:13,832|'h'|press
2021-11-24 20:09:13,903|'h'|release
2021-11-24 20:09:13,958|'e'|press
2021-11-24 20:09:14,024|'r'|press
2021-11-24 20:09:14,085|'e'|release
2021-11-24 20:09:14,168|'r'|release
2021-11-24 20:09:14,417|Key.space|press
2021-11-24 20:09:14,515|Key.space|release
2021-11-24 20:09:14,750|'w'|press
2021-11-24 20:09:14,860|'w'|release
2021-11-24 20:09:14,877|'a'|press
2021-11-24 20:09:15,012|'a'|release
2021-11-24 20:09:15,861|'i'|press
2021-11-24 20:09:15,947|'i'|release
2021-11-24 20:09:15,962|'s'|press
2021-11-24 20:09:16,069|'s'|release
2021-11-24 20:09:16,479|'t'|press
2021-11-24 20:09:16,584|'t'|release
2021-11-24 20:09:16,635|','|press
2021-11-24 20:09:16,705|Key.space|press
2021-11-24 20:09:16,753|','|release
2021-11-24 20:09:16,833|Key.space|release
2021-11-24 20:09:17,142|'a'|press
2021-11-24 20:09:17,223|'n'|press
2021-11-24 20:09:17,241|'a'|release
2021-11-24 20:09:17,308|'d'|press
2021-11-24 20:09:17,321|'n'|release
2021-11-24 20:09:17,395|Key.space|press
2021-11-24 20:09:17,427|'d'|release
2021-11-24 20:09:17,494|Key.space|release
2021-11-24 20:09:18,155|'b'|press
2021-11-24 20:09:18,239|'b'|release
2021-11-24 20:09:18,297|'a'|press
2021-11-24 20:09:18,413|'a'|release
2021-11-24 20:09:18,615|Key.backspace|press
2021-11-24 20:09:18,685|'e'|press
2021-11-24 20:09:18,694|Key.backspace|release
2021-11-24 20:09:18,778|'g'|press
2021-11-24 20:09:18,791|'e'|release
2021-11-24 20:09:18,884|'g'|release
2021-11-24 20:09:18,913|'a'|press
2021-11-24 20:09:18,989|'n'|press
2021-11-24 20:09:19,035|'a'|release
2021-11-24 20:09:19,080|'n'|release
2021-11-24 20:09:19,404|Key.space|press
2021-11-24 20:09:19,481|'a'|press
2021-11-24 20:09:19,497|Key.space|release
2021-11-24 20:09:19,598|'a'|release
2021-11-24 20:09:19,620|'r'|press
2021-11-24 20:09:19,708|'r'|release
2021-11-24 20:09:19,762|'r'|press
2021-11-24 20:09:19,826|'a'|press
2021-11-24 20:09:19,855|'r'|release
2021-11-24 20:09:19,939|'n'|press
2021-11-24 20:09:19,947|'a'|release
2021-11-24 20:09:20,031|'n'|release
2021-11-24 20:09:20,041|'g'|press
2021-11-24 20:09:20,147|'g'|release
2021-11-24 20:09:20,172|'i'|press
2021-11-24 20:09:20,239|'n'|press
2021-11-24 20:09:20,300|'i'|release
2021-11-24 20:09:20,366|'n'|release
2021-11-24 20:09:20,371|'g'|press
2021-11-24 20:09:20,483|'g'|release
2021-11-24 20:09:20,903|Key.space|press
2021-11-24 20:09:21,006|'t'|press
2021-11-24 20:09:21,014|Key.space|release
2021-11-24 20:09:21,079|'h'|press
2021-11-24 20:09:21,113|'t'|release
2021-11-24 20:09:21,146|'e'|press
2021-11-24 20:09:21,171|'h'|release
2021-11-24 20:09:21,238|Key.space|press
2021-11-24 20:09:21,261|'e'|release
2021-11-24 20:09:21,343|Key.space|release
2021-11-24 20:09:21,389|'d'|press
2021-11-24 20:09:21,504|'e'|press
2021-11-24 20:09:21,544|'d'|release
2021-11-24 20:09:21,612|'e'|release
2021-11-24 20:09:21,823|'t'|press
2021-11-24 20:09:21,929|'t'|release
2021-11-24 20:09:21,971|'a'|press
2021-11-24 20:09:22,087|'a'|release
2021-11-24 20:09:22,297|'i'|press
2021-11-24 20:09:22,383|'l'|press
2021-11-24 20:09:22,444|'i'|release
2021-11-24 20:09:22,502|'l'|release
2021-11-24 20:09:22,535|'s'|press
2021-11-24 20:09:22,658|'s'|release
2021-11-24 20:09:22,662|Key.space|press
2021-11-24 20:09:22,786|Key.space|release
2021-11-24 20:09:22,851|'o'|press
2021-11-24 20:09:22,941|'o'|release
2021-11-24 20:09:23,027|'t'|press
2021-11-24 20:09:23,148|'t'|release
2021-11-24 20:09:23,521|Key.backspace|press
2021-11-24 20:09:23,622|Key.backspace|release
2021-11-24 20:09:23,722|'f'|press
2021-11-24 20:09:23,768|Key.space|press
2021-11-24 20:09:23,817|'f'|release
2021-11-24 20:09:23,863|Key.space|release
2021-11-24 20:09:23,883|'t'|press
2021-11-24 20:09:23,931|'h'|press
2021-11-24 20:09:23,986|'t'|release
2021-11-24 20:09:24,012|'e'|press
2021-11-24 20:09:24,022|'h'|release
2021-11-24 20:09:24,099|Key.space|press
2021-11-24 20:09:24,124|'e'|release
2021-11-24 20:09:24,195|Key.space|release
2021-11-24 20:09:24,521|'j'|press
2021-11-24 20:09:24,603|'j'|release
2021-11-24 20:09:24,611|'o'|press
2021-11-24 20:09:24,691|'u'|press
2021-11-24 20:09:24,733|'o'|release
2021-11-24 20:09:24,772|'r'|press
2021-11-24 20:09:24,782|'u'|release
2021-11-24 20:09:24,871|'n'|press
2021-11-24 20:09:24,888|'r'|release
2021-11-24 20:09:24,969|'n'|release
2021-11-24 20:09:25,019|'e'|press
2021-11-24 20:09:25,064|'e'|release
2021-11-24 20:09:25,721|Key.backspace|press
2021-11-24 20:09:25,791|Key.backspace|release
2021-11-24 20:09:25,804|'z'|press
2021-11-24 20:09:25,907|'z'|release
2021-11-24 20:09:26,252|Key.backspace|press
2021-11-24 20:09:26,327|Key.backspace|release
2021-11-24 20:09:26,561|'e'|press
2021-11-24 20:09:26,630|'z'|press
2021-11-24 20:09:26,676|'e'|release
2021-11-24 20:09:26,688|Key.space|press
2021-11-24 20:09:26,731|Key.space|release
2021-11-24 20:09:26,745|'z'|release
2021-11-24 20:09:27,126|Key.backspace|press
2021-11-24 20:09:27,209|Key.backspace|release
2021-11-24 20:09:27,242|Key.backspace|press
2021-11-24 20:09:27,310|'z'|press
2021-11-24 20:09:27,321|Key.backspace|release
2021-11-24 20:09:27,419|'z'|release
2021-11-24 20:09:27,871|Key.backspace|press
2021-11-24 20:09:27,967|Key.backspace|release
2021-11-24 20:09:28,422|'y'|press
2021-11-24 20:09:28,531|'y'|release
2021-11-24 20:09:29,050|Key.space|press
2021-11-24 20:09:29,162|Key.space|release
2021-11-24 20:09:29,304|'h'|press
2021-11-24 20:09:29,401|'h'|release
2021-11-24 20:09:29,451|'o'|press
2021-11-24 20:09:29,537|'o'|release
2021-11-24 20:09:29,635|'m'|press
2021-11-24 20:09:29,717|'m'|release
2021-11-24 20:09:29,768|'e'|press
2021-11-24 20:09:29,870|'e'|release
2021-11-24 20:09:29,885|Key.shift_r|press
2021-11-24 20:09:29,911|'.'|press
2021-11-24 20:09:29,990|Key.shift_r|release
2021-11-24 20:09:30,027|';'|release
2021-11-24 20:09:30,192|Key.space|press
2021-11-24 20:09:30,236|Key.shift_r|press
2021-11-24 20:09:30,293|Key.space|release
2021-11-24 20:09:30,502|'O'|press
2021-11-24 20:09:30,626|'O'|release
2021-11-24 20:09:30,673|Key.shift_r|release
2021-11-24 20:09:30,950|Key.backspace|press
2021-11-24 20:09:31,031|Key.backspace|release
2021-11-24 20:09:31,110|Key.shift_r|press
2021-11-24 20:09:31,228|'I'|press
2021-11-24 20:09:31,312|Key.shift_r|release
2021-11-24 20:09:31,351|'i'|release
2021-11-24 20:09:31,404|'t'|press
2021-11-24 20:09:31,497|Key.space|press
2021-11-24 20:09:31,519|'t'|release
2021-11-24 20:09:31,608|Key.space|release
2021-11-24 20:09:31,843|'s'|press
2021-11-24 20:09:31,926|'s'|release
2021-11-24 20:09:31,981|'e'|press
2021-11-24 20:09:32,081|'e'|release
2021-11-24 20:09:32,171|'e'|press
2021-11-24 20:09:32,249|'m'|press
2021-11-24 20:09:32,259|'e'|release
2021-11-24 20:09:32,334|'m'|release
2021-11-24 20:09:32,357|'s'|press
2021-11-24 20:09:32,452|'s'|release
2021-11-24 20:09:32,660|Key.backspace|press
2021-11-24 20:09:32,705|'e'|press
2021-11-24 20:09:32,723|Key.backspace|release
2021-11-24 20:09:32,756|'d'|press
2021-11-24 20:09:32,808|'e'|release
2021-11-24 20:09:32,882|'d'|release
2021-11-24 20:09:33,879|Key.space|press
2021-11-24 20:09:33,973|Key.space|release
2021-11-24 20:09:34,034|'n'|press
2021-11-24 20:09:34,112|'a'|press
2021-11-24 20:09:34,120|'n'|release
2021-11-24 20:09:34,211|'a'|release
2021-11-24 20:09:34,261|'t'|press
2021-11-24 20:09:34,371|'t'|release
2021-11-24 20:09:34,461|'u'|press
2021-11-24 20:09:34,553|'u'|release
2021-11-24 20:09:34,673|'r'|press
2021-11-24 20:09:34,759|'a'|press
2021-11-24 20:09:34,778|'r'|release
2021-11-24 20:09:34,870|'a'|release
2021-11-24 20:09:34,876|'l'|press
2021-11-24 20:09:34,943|'l'|release
2021-11-24 20:09:34,997|'l'|press
2021-11-24 20:09:35,091|'l'|release
2021-11-24 20:09:35,101|'y'|press
2021-11-24 20:09:35,213|Key.space|press
2021-11-24 20:09:35,221|'y'|release
2021-11-24 20:09:35,311|Key.space|release
2021-11-24 20:09:35,585|Key.backspace|press
2021-11-24 20:09:35,663|Key.backspace|release
2021-11-24 20:09:35,694|Key.backspace|press
2021-11-24 20:09:35,789|Key.backspace|release
2021-11-24 20:09:35,822|Key.backspace|press
2021-11-24 20:09:35,935|Key.backspace|release
2021-11-24 20:09:36,433|'l'|press
2021-11-24 20:09:36,533|'l'|release
2021-11-24 20:09:36,590|'y'|press
2021-11-24 20:09:36,696|'y'|release
2021-11-24 20:09:36,709|Key.space|press
2021-11-24 20:09:36,827|Key.space|release
2021-11-24 20:09:37,536|Key.backspace|press
2021-11-24 20:09:37,614|Key.backspace|release
2021-11-24 20:09:37,657|Key.backspace|press
2021-11-24 20:09:37,770|Key.backspace|release
2021-11-24 20:09:37,872|Key.backspace|press
2021-11-24 20:09:37,974|Key.backspace|release
2021-11-24 20:09:38,971|Key.space|press
2021-11-24 20:09:39,078|Key.space|release
2021-11-24 20:09:39,106|'t'|press
2021-11-24 20:09:39,150|'o'|press
2021-11-24 20:09:39,199|Key.space|press
2021-11-24 20:09:39,210|'t'|release
2021-11-24 20:09:39,240|'o'|release
2021-11-24 20:09:39,278|Key.space|release
2021-11-24 20:09:39,910|'l'|press
2021-11-24 20:09:40,011|'l'|release
2021-11-24 20:09:40,062|'e'|press
2021-11-24 20:09:40,158|'a'|press
2021-11-24 20:09:40,184|'e'|release
2021-11-24 20:09:40,282|'a'|release
2021-11-24 20:09:40,338|'v'|press
2021-11-24 20:09:40,428|'e'|press
2021-11-24 20:09:40,461|'v'|release
2021-11-24 20:09:40,553|'e'|release
2021-11-24 20:09:40,877|Key.space|press
2021-11-24 20:09:40,999|Key.space|release
2021-11-24 20:09:41,262|'t'|press
2021-11-24 20:09:41,328|'h'|press
2021-11-24 20:09:41,370|'t'|release
2021-11-24 20:09:41,424|'h'|release
2021-11-24 20:09:41,465|'i'|press
2021-11-24 20:09:41,557|'i'|release
2021-11-24 20:09:41,584|'s'|press
2021-11-24 20:09:41,682|Key.space|press
2021-11-24 20:09:41,691|'s'|release
2021-11-24 20:09:41,768|Key.space|release
2021-11-24 20:09:42,030|'t'|press
2021-11-24 20:09:42,165|'t'|release
2021-11-24 20:09:42,169|'h'|press
2021-11-24 20:09:42,261|'h'|release
2021-11-24 20:09:42,632|Key.backspace|press
2021-11-24 20:09:42,712|Key.backspace|release
2021-11-24 20:09:42,825|'o'|press
2021-11-24 20:09:42,875|Key.space|press
2021-11-24 20:09:42,928|'o'|release
2021-11-24 20:09:42,987|Key.space|release
2021-11-24 20:09:43,917|'h'|press
2021-11-24 20:09:44,009|'h'|release
2021-11-24 20:09:44,085|'e'|press
2021-11-24 20:09:44,143|'r'|press
2021-11-24 20:09:44,201|'e'|release
2021-11-24 20:09:44,282|'r'|release
2021-11-24 20:09:44,809|Key.shift_r|press
2021-11-24 20:09:44,872|'.'|press
2021-11-24 20:09:45,003|'.'|release
2021-11-24 20:09:45,568|Key.shift_r|release
2021-11-24 20:09:45,790|Key.space|press
2021-11-24 20:09:45,870|Key.space|release
2021-11-24 20:09:45,991|Key.shift_r|press
2021-11-24 20:09:46,252|'S'|press
2021-11-24 20:09:46,347|Key.shift_r|release
2021-11-24 20:09:46,355|'s'|release
2021-11-24 20:09:46,560|'h'|press
2021-11-24 20:09:46,644|'h'|release
2021-11-24 20:09:46,667|'e'|press
2021-11-24 20:09:46,751|Key.space|press
2021-11-24 20:09:46,768|'e'|release
2021-11-24 20:09:46,830|Key.space|release
2021-11-24 20:09:47,255|'o'|press
2021-11-24 20:09:47,325|'o'|release
2021-11-24 20:09:47,485|'b'|press
2021-11-24 20:09:47,580|'b'|release
2021-11-24 20:09:47,982|'v'|press
2021-11-24 20:09:48,086|'v'|release
2021-11-24 20:09:48,112|'i'|press
2021-11-24 20:09:48,197|'i'|release
2021-11-24 20:09:48,295|'o'|press
2021-11-24 20:09:48,382|'u'|press
2021-11-24 20:09:48,401|'o'|release
2021-11-24 20:09:48,495|'u'|release
2021-11-24 20:09:48,521|'l'|press
2021-11-24 20:09:48,621|'l'|release
2021-11-24 20:09:48,872|'s'|press
2021-11-24 20:09:48,978|'s'|release
2021-11-24 20:09:49,725|Key.backspace|press
2021-11-24 20:09:49,822|Key.backspace|release
2021-11-24 20:09:49,837|Key.backspace|press
2021-11-24 20:09:49,937|Key.backspace|release
2021-11-24 20:09:51,453|'s'|press
2021-11-24 20:09:51,545|'l'|press
2021-11-24 20:09:51,557|'s'|release
2021-11-24 20:09:51,637|'l'|release
2021-11-24 20:09:51,748|'y'|press
2021-11-24 20:09:51,829|'y'|release
2021-11-24 20:09:52,215|Key.space|press
2021-11-24 20:09:52,321|Key.space|release
2021-11-24 20:09:52,520|'h'|press
2021-11-24 20:09:52,613|'h'|release
2021-11-24 20:09:52,703|'a'|press
2021-11-24 20:09:52,804|'d'|press
2021-11-24 20:09:52,856|'a'|release
2021-11-24 20:09:52,931|'d'|release
2021-11-24 20:09:53,222|Key.space|press
2021-11-24 20:09:53,308|Key.space|release
2021-11-24 20:09:53,318|'a'|press
2021-11-24 20:09:53,420|Key.space|press
2021-11-24 20:09:53,436|'a'|release
2021-11-24 20:09:53,524|Key.space|release
2021-11-24 20:09:53,865|'p'|press
2021-11-24 20:09:53,953|'p'|release
2021-11-24 20:09:54,037|'r'|press
2021-11-24 20:09:54,120|'a'|press
2021-11-24 20:09:54,174|'r'|release
2021-11-24 20:09:54,247|'a'|release
2021-11-24 20:09:54,672|'t'|press
2021-11-24 20:09:54,779|'t'|release
2021-11-24 20:09:55,377|'c'|press
2021-11-24 20:09:55,458|'i'|press
2021-11-24 20:09:55,496|'c'|release
2021-11-24 20:09:55,538|'i'|release
2021-11-24 20:09:55,568|'a'|press
2021-11-24 20:09:55,674|'a'|release
2021-11-24 20:09:55,853|Key.backspace|press
2021-11-24 20:09:55,926|Key.backspace|release
2021-11-24 20:09:55,959|Key.backspace|press
2021-11-24 20:09:56,051|Key.backspace|release
2021-11-24 20:09:56,089|Key.backspace|press
2021-11-24 20:09:56,182|Key.backspace|release
2021-11-24 20:09:56,413|Key.backspace|press
2021-11-24 20:09:56,503|Key.backspace|release
2021-11-24 20:09:56,852|'c'|press
2021-11-24 20:09:56,961|'c'|release
2021-11-24 20:09:57,056|'t'|press
2021-11-24 20:09:57,151|'i'|press
2021-11-24 20:09:57,161|'t'|release
2021-11-24 20:09:57,238|'i'|release
2021-11-24 20:09:57,572|'c'|press
2021-11-24 20:09:57,630|'a'|press
2021-11-24 20:09:57,687|'c'|release
2021-11-24 20:09:57,719|'l'|press
2021-11-24 20:09:57,753|'a'|release
2021-11-24 20:09:57,820|'l'|release
2021-11-24 20:09:58,367|Key.space|press
2021-11-24 20:09:58,480|Key.space|release
2021-11-24 20:09:58,500|'c'|press
2021-11-24 20:09:58,614|'c'|release
2021-11-24 20:09:58,641|'u'|press
2021-11-24 20:09:58,745|'u'|release
2021-11-24 20:09:58,819|'n'|press
2021-11-24 20:09:58,897|'n'|release
2021-11-24 20:09:58,949|'n'|press
2021-11-24 20:09:59,067|'n'|release
2021-11-24 20:09:59,072|'i'|press
2021-11-24 20:09:59,136|'n'|press
2021-11-24 20:09:59,189|'i'|release
2021-11-24 20:09:59,231|'n'|release
2021-11-24 20:09:59,241|'g'|press
2021-11-24 20:09:59,365|'g'|release
2021-11-24 20:09:59,761|Key.space|press
2021-11-24 20:09:59,862|Key.space|release
2021-11-24 20:10:00,274|'w'|press
2021-11-24 20:10:00,367|'h'|press
2021-11-24 20:10:00,389|'w'|release
2021-11-24 20:10:00,428|'i'|press
2021-11-24 20:10:00,468|'h'|release
2021-11-24 20:10:00,571|'i'|release
2021-11-24 20:10:00,644|'c'|press
2021-11-24 20:10:00,701|'h'|press
2021-11-24 20:10:00,744|'c'|release
2021-11-24 20:10:00,801|'h'|release
2021-11-24 20:10:01,413|Key.space|press
2021-11-24 20:10:01,513|Key.space|release
2021-11-24 20:10:01,620|Key.shift_r|press
2021-11-24 20:10:01,766|'W'|press
2021-11-24 20:10:01,837|Key.shift_r|release
2021-11-24 20:10:01,879|'w'|release
2021-11-24 20:10:01,909|'i'|press
2021-11-24 20:10:01,970|'n'|press
2021-11-24 20:10:02,042|'i'|release
2021-11-24 20:10:02,093|'n'|release
2021-11-24 20:10:02,097|'s'|press
2021-11-24 20:10:02,199|'s'|release
2021-11-24 20:10:02,265|'t'|press
2021-11-24 20:10:02,357|'o'|press
2021-11-24 20:10:02,374|'t'|release
2021-11-24 20:10:02,421|'n'|press
2021-11-24 20:10:02,497|'o'|release
2021-11-24 20:10:02,545|'n'|release
2021-11-24 20:10:03,006|Key.space|press
2021-11-24 20:10:03,115|Key.space|release
2021-11-24 20:10:03,257|'l'|press
2021-11-24 20:10:03,356|'l'|release
2021-11-24 20:10:03,369|'a'|press
2021-11-24 20:10:03,490|'a'|release
2021-11-24 20:10:03,522|'c'|press
2021-11-24 20:10:03,632|'k'|press
2021-11-24 20:10:03,642|'c'|release
2021-11-24 20:10:03,719|'k'|release
2021-11-24 20:10:03,739|'e'|press
2021-11-24 20:10:03,800|'d'|press
2021-11-24 20:10:03,848|'e'|release
2021-11-24 20:10:03,885|Key.space|press
2021-11-24 20:10:03,922|'d'|release
2021-11-24 20:10:03,980|Key.space|release
2021-11-24 20:10:04,412|Key.backspace|press
2021-11-24 20:10:04,496|Key.backspace|release
2021-11-24 20:10:04,681|','|press
2021-11-24 20:10:04,738|Key.space|press
2021-11-24 20:10:04,796|','|release
2021-11-24 20:10:04,846|Key.space|release
2021-11-24 20:10:04,995|'a'|press
2021-11-24 20:10:05,094|'n'|press
2021-11-24 20:10:05,111|'a'|release
2021-11-24 20:10:05,181|'n'|release
2021-11-24 20:10:05,203|'d'|press
2021-11-24 20:10:05,283|Key.space|press
2021-11-24 20:10:05,328|'d'|release
2021-11-24 20:10:05,392|Key.space|release
2021-11-24 20:10:05,686|'s'|press
2021-11-24 20:10:05,787|'h'|press
2021-11-24 20:10:05,797|'s'|release
2021-11-24 20:10:05,880|'e'|press
2021-11-24 20:10:05,888|'h'|release
2021-11-24 20:10:05,965|Key.space|press
2021-11-24 20:10:05,984|'e'|release
2021-11-24 20:10:06,061|Key.space|release
2021-11-24 20:10:06,225|'s'|press
2021-11-24 20:10:06,332|'s'|release
2021-11-24 20:10:06,377|'e'|press
2021-11-24 20:10:06,475|'e'|release
2021-11-24 20:10:06,538|'e'|press
2021-11-24 20:10:06,620|'m'|press
2021-11-24 20:10:06,630|'e'|release
2021-11-24 20:10:06,699|'m'|release
2021-11-24 20:10:07,081|'e'|press
2021-11-24 20:10:07,132|'d'|press
2021-11-24 20:10:07,181|'e'|release
2021-11-24 20:10:07,271|'d'|release
2021-11-24 20:10:07,610|Key.space|press
2021-11-24 20:10:07,712|Key.space|release
2021-11-24 20:10:07,719|'a'|press
2021-11-24 20:10:07,818|'a'|release
2021-11-24 20:10:07,822|'l'|press
2021-11-24 20:10:07,922|'l'|release
2021-11-24 20:10:07,936|'s'|press
2021-11-24 20:10:08,027|'o'|press
2021-11-24 20:10:08,041|'s'|release
2021-11-24 20:10:08,092|Key.space|press
2021-11-24 20:10:08,125|'o'|release
2021-11-24 20:10:08,187|Key.space|release
2021-11-24 20:10:08,935|'t'|press
2021-11-24 20:10:09,035|'o'|press
2021-11-24 20:10:09,044|'t'|release
2021-11-24 20:10:09,117|Key.space|press
2021-11-24 20:10:09,163|'o'|release
2021-11-24 20:10:09,232|Key.space|release
2021-11-24 20:10:09,280|'h'|press
2021-11-24 20:10:09,376|'h'|release
2021-11-24 20:10:09,386|'a'|press
2021-11-24 20:10:09,498|'a'|release
2021-11-24 20:10:09,508|'v'|press
2021-11-24 20:10:09,604|'v'|release
2021-11-24 20:10:09,655|'e'|press
2021-11-24 20:10:09,761|'e'|release
2021-11-24 20:10:09,767|Key.space|press
2021-11-24 20:10:09,866|Key.space|release
2021-11-24 20:10:09,951|'a'|press
2021-11-24 20:10:10,061|'a'|release
2021-11-24 20:10:10,075|'n'|press
2021-11-24 20:10:10,177|'n'|release
2021-11-24 20:10:10,192|Key.space|press
2021-11-24 20:10:10,296|Key.space|release
2021-11-24 20:10:10,788|'e'|press
2021-11-24 20:10:10,882|'e'|release
2021-11-24 20:10:11,055|'x'|press
2021-11-24 20:10:11,160|'x'|release
2021-11-24 20:10:11,246|'h'|press
2021-11-24 20:10:11,337|'h'|release
2021-11-24 20:10:11,399|'a'|press
2021-11-24 20:10:11,481|'u'|press
2021-11-24 20:10:11,499|'a'|release
2021-11-24 20:10:11,559|'u'|release
2021-11-24 20:10:11,617|'s'|press
2021-11-24 20:10:11,720|'s'|release
2021-11-24 20:10:11,783|'t'|press
2021-11-24 20:10:11,880|'i'|press
2021-11-24 20:10:11,890|'t'|release
2021-11-24 20:10:11,979|'i'|release
2021-11-24 20:10:12,005|'v'|press
2021-11-24 20:10:12,081|'e'|press
2021-11-24 20:10:12,110|'v'|release
2021-11-24 20:10:12,190|Key.space|press
2021-11-24 20:10:12,197|'e'|release
2021-11-24 20:10:12,268|Key.space|release
2021-11-24 20:10:12,951|'k'|press
2021-11-24 20:10:13,038|'k'|release
2021-11-24 20:10:13,144|'n'|press
2021-11-24 20:10:13,241|'n'|release
2021-11-24 20:10:13,312|'o'|press
2021-11-24 20:10:13,401|'o'|release
2021-11-24 20:10:13,594|'w'|press
2021-11-24 20:10:13,703|'w'|release
2021-11-24 20:10:13,992|'l'|press
2021-11-24 20:10:14,098|'l'|release
2021-11-24 20:10:14,136|'e'|press
2021-11-24 20:10:14,243|'e'|release
2021-11-24 20:10:14,446|'d'|press
2021-11-24 20:10:14,549|'d'|release
2021-11-24 20:10:14,619|'g'|press
2021-11-24 20:10:14,721|'g'|release
2021-11-24 20:10:14,758|'e'|press
2021-11-24 20:10:14,859|Key.space|press
2021-11-24 20:10:14,869|'e'|release
2021-11-24 20:10:14,946|Key.space|release
2021-11-24 20:10:15,144|'o'|press
2021-11-24 20:10:15,233|'o'|release
2021-11-24 20:10:15,262|'f'|press
2021-11-24 20:10:15,336|Key.space|press
2021-11-24 20:10:15,384|'f'|release
2021-11-24 20:10:15,443|Key.space|release
2021-11-24 20:10:15,468|'t'|press
2021-11-24 20:10:15,524|'h'|press
2021-11-24 20:10:15,571|'t'|release
2021-11-24 20:10:15,624|'h'|release
2021-11-24 20:10:15,679|'e'|press
2021-11-24 20:10:15,789|Key.space|press
2021-11-24 20:10:15,799|'e'|release
2021-11-24 20:10:15,889|Key.space|release
2021-11-24 20:10:16,344|'c'|press
2021-11-24 20:10:16,430|'o'|press
2021-11-24 20:10:16,444|'c'|release
2021-11-24 20:10:16,499|'u'|press
2021-11-24 20:10:16,551|'o'|release
2021-11-24 20:10:16,584|'n'|press
2021-11-24 20:10:16,653|'u'|release
2021-11-24 20:10:16,711|'n'|release
2021-11-24 20:10:16,817|'t'|press
2021-11-24 20:10:16,905|'r'|press
2021-11-24 20:10:16,968|'t'|release
2021-11-24 20:10:17,024|'r'|release
2021-11-24 20:10:17,160|'y'|press
2021-11-24 20:10:17,247|'y'|release
2021-11-24 20:10:17,314|'s'|press
2021-11-24 20:10:17,416|'i'|press
2021-11-24 20:10:17,424|'s'|release
2021-11-24 20:10:17,502|'i'|release
2021-11-24 20:10:17,529|'d'|press
2021-11-24 20:10:17,605|'e'|press
2021-11-24 20:10:17,669|'d'|release
2021-11-24 20:10:17,675|Key.space|press
2021-11-24 20:10:17,734|'e'|release
2021-11-24 20:10:17,752|Key.space|release
2021-11-24 20:10:18,314|'r'|press
2021-11-24 20:10:18,428|'r'|release
2021-11-24 20:10:18,455|'o'|press
2021-11-24 20:10:18,536|'u'|press
2021-11-24 20:10:18,587|'o'|release
2021-11-24 20:10:18,614|'n'|press
2021-11-24 20:10:18,681|'u'|release
2021-11-24 20:10:18,735|'n'|release
2021-11-24 20:10:18,798|'d'|press
2021-11-24 20:10:18,900|Key.space|press
2021-11-24 20:10:18,918|'d'|release
2021-11-24 20:10:19,005|Key.space|release
2021-11-24 20:10:19,187|Key.shift_r|press
2021-11-24 20:10:19,307|'L'|press
2021-11-24 20:10:19,404|Key.shift_r|release
2021-11-24 20:10:19,442|'l'|release
2021-11-24 20:10:19,520|'o'|press
2021-11-24 20:10:19,585|'n'|press
2021-11-24 20:10:19,651|'o'|release
2021-11-24 20:10:19,712|'n'|release
2021-11-24 20:10:19,732|'d'|press
2021-11-24 20:10:19,798|'o'|press
2021-11-24 20:10:19,854|'d'|release
2021-11-24 20:10:19,871|'n'|press
2021-11-24 20:10:19,924|'o'|release
2021-11-24 20:10:19,977|'n'|release
2021-11-24 20:10:20,304|Key.space|press
2021-11-24 20:10:20,405|Key.space|release
2021-11-24 20:10:20,502|'s'|press
2021-11-24 20:10:20,617|'s'|release
2021-11-24 20:10:20,756|'t'|press
2021-11-24 20:10:20,870|'t'|release
2021-11-24 20:10:20,988|'o'|press
2021-11-24 20:10:21,088|'o'|release
2021-11-24 20:10:21,129|'r'|press
2021-11-24 20:10:21,235|'r'|release
2021-11-24 20:10:21,280|'l'|press
2021-11-24 20:10:21,362|'l'|release
2021-11-24 20:10:21,555|Key.backspace|press
2021-11-24 20:10:21,633|Key.backspace|release
2021-11-24 20:10:21,675|Key.backspace|press
2021-11-24 20:10:21,772|Key.backspace|release
2021-11-24 20:10:21,810|Key.backspace|press
2021-11-24 20:10:21,910|Key.backspace|release
2021-11-24 20:10:21,947|Key.backspace|press
2021-11-24 20:10:22,044|Key.backspace|release
2021-11-24 20:10:22,092|Key.backspace|press
2021-11-24 20:10:22,184|Key.backspace|release
2021-11-24 20:10:22,225|Key.backspace|press
2021-11-24 20:10:22,337|Key.backspace|release
2021-11-24 20:10:22,750|','|press
2021-11-24 20:10:22,823|Key.space|press
2021-11-24 20:10:22,885|','|release
2021-11-24 20:10:22,928|Key.space|release
2021-11-24 20:10:22,985|'s'|press
2021-11-24 20:10:23,090|'s'|release
2021-11-24 20:10:23,165|'t'|press
2021-11-24 20:10:23,243|'o'|press
2021-11-24 20:10:23,267|'t'|release
2021-11-24 20:10:23,336|'o'|release
2021-11-24 20:10:23,357|'r'|press
2021-11-24 20:10:23,482|'r'|release
2021-11-24 20:10:23,508|'e'|press
2021-11-24 20:10:23,580|'d'|press
2021-11-24 20:10:23,633|'e'|release
2021-11-24 20:10:23,647|Key.space|press
2021-11-24 20:10:23,702|'d'|release
2021-11-24 20:10:23,728|Key.space|release
2021-11-24 20:10:24,038|'a'|press
2021-11-24 20:10:24,152|'a'|release
2021-11-24 20:10:24,435|'w'|press
2021-11-24 20:10:24,552|'w'|release
2021-11-24 20:10:24,859|'a'|press
2021-11-24 20:10:24,974|'a'|release
2021-11-24 20:10:25,152|'y'|press
2021-11-24 20:10:25,247|'y'|release
2021-11-24 20:10:25,785|Key.space|press
2021-11-24 20:10:25,903|Key.space|release
2021-11-24 20:10:25,971|'f'|press
2021-11-24 20:10:26,076|'f'|release
2021-11-24 20:10:26,095|'r'|press
2021-11-24 20:10:26,146|'o'|press
2021-11-24 20:10:26,207|'r'|release
2021-11-24 20:10:26,213|'m'|press
2021-11-24 20:10:26,270|Key.space|press
2021-11-24 20:10:26,277|'o'|release
2021-11-24 20:10:26,329|'m'|release
2021-11-24 20:10:26,377|Key.space|release
2021-11-24 20:10:26,833|'i'|press
2021-11-24 20:10:26,882|'n'|press
2021-11-24 20:10:26,972|'i'|release
2021-11-24 20:10:27,019|'n'|release
2021-11-24 20:10:27,161|'m'|press
2021-11-24 20:10:27,248|'m'|release
2021-11-24 20:10:27,314|'u'|press
2021-11-24 20:10:27,403|'u'|release
2021-11-24 20:10:27,670|Key.backspace|press
2021-11-24 20:10:27,739|Key.backspace|release
2021-11-24 20:10:27,778|Key.backspace|press
2021-11-24 20:10:27,892|Key.backspace|release
2021-11-24 20:10:30,077|'n'|press
2021-11-24 20:10:30,164|'n'|release
2021-11-24 20:10:30,253|'u'|press
2021-11-24 20:10:30,334|'u'|release
2021-11-24 20:10:30,437|'m'|press
2021-11-24 20:10:30,523|'m'|release
2021-11-24 20:10:30,587|'e'|press
2021-11-24 20:10:30,683|'r'|press
2021-11-24 20:10:30,693|'e'|release
2021-11-24 20:10:30,802|'r'|release
2021-11-24 20:10:30,847|'a'|press
2021-11-24 20:10:30,966|'b'|press
2021-11-24 20:10:30,976|'a'|release
2021-11-24 20:10:31,052|'b'|release
2021-11-24 20:10:31,141|'l'|press
2021-11-24 20:10:31,229|'l'|release
2021-11-24 20:10:31,235|'e'|press
2021-11-24 20:10:31,312|Key.space|press
2021-11-24 20:10:31,336|'e'|release
2021-11-24 20:10:31,414|Key.space|release
2021-11-24 20:10:31,891|'c'|press
2021-11-24 20:10:31,999|'c'|release
2021-11-24 20:10:32,034|'o'|press
2021-11-24 20:10:32,129|'o'|release
2021-11-24 20:10:32,183|'m'|press
2021-11-24 20:10:32,266|'m'|release
2021-11-24 20:10:32,318|'m'|press
2021-11-24 20:10:32,403|'m'|release
2021-11-24 20:10:32,522|'u'|press
2021-11-24 20:10:32,599|'n'|press
2021-11-24 20:10:32,651|'u'|release
2021-11-24 20:10:32,726|'n'|release
2021-11-24 20:10:32,747|'i'|press
2021-11-24 20:10:32,847|'i'|release
2021-11-24 20:10:32,937|'t'|press
2021-11-24 20:10:33,000|'y'|press
2021-11-24 20:10:33,042|'t'|release
2021-11-24 20:10:33,078|'y'|release
2021-11-24 20:10:33,627|Key.space|press
2021-11-24 20:10:33,717|Key.space|release
2021-11-24 20:10:34,214|'h'|press
2021-11-24 20:10:34,307|'h'|release
2021-11-24 20:10:34,349|'i'|press
2021-11-24 20:10:34,433|'i'|release
2021-11-24 20:10:34,546|'k'|press
2021-11-24 20:10:34,604|'k'|release
2021-11-24 20:10:34,665|'e'|press
2021-11-24 20:10:34,767|'e'|release
2021-11-24 20:10:34,880|'s'|press
2021-11-24 20:10:34,973|'s'|release
2021-11-24 20:10:35,367|Key.shift_r|press
2021-11-24 20:10:35,386|'.'|press
2021-11-24 20:10:35,479|Key.shift_r|release
2021-11-24 20:10:35,500|';'|release
2021-11-24 20:10:36,250|Key.space|press
2021-11-24 20:10:36,305|Key.shift_r|press
2021-11-24 20:10:36,348|Key.space|release
2021-11-24 20:10:36,413|'T'|press
2021-11-24 20:10:36,452|Key.shift_r|release
2021-11-24 20:10:36,517|'t'|release
2021-11-24 20:10:36,532|'h'|press
2021-11-24 20:10:36,575|'e'|press
2021-11-24 20:10:36,623|'h'|release
2021-11-24 20:10:36,674|Key.space|press
2021-11-24 20:10:36,684|'e'|release
2021-11-24 20:10:36,761|'r'|press
2021-11-24 20:10:36,783|Key.space|release
2021-11-24 20:10:36,826|'o'|press
2021-11-24 20:10:36,870|'r'|release
2021-11-24 20:10:36,889|'u'|press
2021-11-24 20:10:36,939|'o'|release
2021-11-24 20:10:36,975|'t'|press
2021-11-24 20:10:36,997|'u'|release
2021-11-24 20:10:37,090|'e'|press
2021-11-24 20:10:37,107|'t'|release
2021-11-24 20:10:37,200|'e'|release
2021-11-24 20:10:37,211|Key.space|press
2021-11-24 20:10:37,311|Key.space|release
2021-11-24 20:10:37,562|'s'|press
2021-11-24 20:10:37,676|'s'|release
2021-11-24 20:10:37,789|'h'|press
2021-11-24 20:10:37,883|'h'|release
2021-11-24 20:10:37,909|'e'|press
2021-11-24 20:10:37,983|Key.space|press
2021-11-24 20:10:38,009|'e'|release
2021-11-24 20:10:38,100|Key.space|release
2021-11-24 20:10:38,234|'g'|press
2021-11-24 20:10:38,323|'g'|release
2021-11-24 20:10:38,328|'a'|press
2021-11-24 20:10:38,433|'v'|press
2021-11-24 20:10:38,443|'a'|release
2021-11-24 20:10:38,531|'v'|release
2021-11-24 20:10:38,545|'e'|press
2021-11-24 20:10:38,651|'e'|release
2021-11-24 20:10:38,977|Key.space|press
2021-11-24 20:10:39,095|Key.space|release
2021-11-24 20:10:39,221|'h'|press
2021-11-24 20:10:39,320|'h'|release
2021-11-24 20:10:39,473|'i'|press
2021-11-24 20:10:39,567|'m'|press
2021-11-24 20:10:39,575|'i'|release
2021-11-24 20:10:39,629|Key.space|press
2021-11-24 20:10:39,676|'m'|release
2021-11-24 20:10:39,738|Key.space|release
2021-11-24 20:10:40,189|'w'|press
2021-11-24 20:10:40,292|'w'|release
2021-11-24 20:10:40,313|'a'|press
2021-11-24 20:10:40,388|'s'|press
2021-11-24 20:10:40,420|'a'|release
2021-11-24 20:10:40,506|Key.space|press
2021-11-24 20:10:40,516|'s'|release
2021-11-24 20:10:40,602|Key.space|release
2021-11-24 20:10:40,668|'q'|press
2021-11-24 20:10:40,795|'q'|release
2021-11-24 20:10:40,838|'u'|press
2021-11-24 20:10:40,897|'i'|press
2021-11-24 20:10:40,964|'u'|release
2021-11-24 20:10:41,021|'i'|release
2021-11-24 20:10:41,042|'t'|press
2021-11-24 20:10:41,125|'e'|press
2021-11-24 20:10:41,187|'t'|release
2021-11-24 20:10:41,251|'e'|release
2021-11-24 20:10:41,255|Key.space|press
2021-11-24 20:10:41,349|Key.space|release
2021-11-24 20:10:42,005|'d'|press
2021-11-24 20:10:42,136|'d'|release
2021-11-24 20:10:42,147|'i'|press
2021-11-24 20:10:42,221|'i'|release
2021-11-24 20:10:42,244|'f'|press
2021-11-24 20:10:42,332|'f'|release
2021-11-24 20:10:42,398|'f'|press
2021-11-24 20:10:42,481|'f'|release
2021-11-24 20:10:43,201|'r'|press
2021-11-24 20:10:43,299|'e'|press
2021-11-24 20:10:43,339|'r'|release
2021-11-24 20:10:43,421|'e'|release
2021-11-24 20:10:43,723|Key.backspace|press
2021-11-24 20:10:43,790|Key.backspace|release
2021-11-24 20:10:43,829|Key.backspace|press
2021-11-24 20:10:43,911|Key.backspace|release
2021-11-24 20:10:43,957|'e'|press
2021-11-24 20:10:44,062|'e'|release
2021-11-24 20:10:44,344|'r'|press
2021-11-24 20:10:44,447|'r'|release
2021-11-24 20:10:44,454|'e'|press
2021-11-24 20:10:44,524|'n'|press
2021-11-24 20:10:44,558|'e'|release
2021-11-24 20:10:44,615|'n'|release
2021-11-24 20:10:44,619|'t'|press
2021-11-24 20:10:44,725|'t'|release
2021-11-24 20:10:45,028|Key.space|press
2021-11-24 20:10:45,139|Key.space|release
2021-11-24 20:10:45,200|'f'|press
2021-11-24 20:10:45,296|'r'|press
2021-11-24 20:10:45,349|'f'|release
2021-11-24 20:10:45,416|'r'|release
2021-11-24 20:10:45,445|'o'|press
2021-11-24 20:10:45,516|'m'|press
2021-11-24 20:10:45,569|Key.space|press
2021-11-24 20:10:45,584|'o'|release
2021-11-24 20:10:45,629|'m'|release
2021-11-24 20:10:45,689|Key.space|release
2021-11-24 20:10:45,805|'t'|press
2021-11-24 20:10:45,860|'h'|press
2021-11-24 20:10:45,915|'t'|release
2021-11-24 20:10:45,949|'e'|press
2021-11-24 20:10:45,958|'h'|release
2021-11-24 20:10:46,030|Key.space|press
2021-11-24 20:10:46,062|'e'|release
2021-11-24 20:10:46,148|Key.space|release
2021-11-24 20:10:46,225|'o'|press
2021-11-24 20:10:46,297|'n'|press
2021-11-24 20:10:46,363|'o'|release
2021-11-24 20:10:46,429|'n'|release
2021-11-24 20:10:46,483|'e'|press
2021-11-24 20:10:46,587|Key.space|press
2021-11-24 20:10:46,595|'e'|release
2021-11-24 20:10:46,681|Key.space|release
2021-11-24 20:10:47,098|'b'|press
2021-11-24 20:10:47,200|'b'|release
2021-11-24 20:10:47,205|'y'|press
2021-11-24 20:10:47,258|Key.space|press
2021-11-24 20:10:47,314|'y'|release
2021-11-24 20:10:47,387|Key.space|release
2021-11-24 20:10:47,663|'w'|press
2021-11-24 20:10:47,742|'h'|press
2021-11-24 20:10:47,769|'w'|release
2021-11-24 20:10:47,845|'h'|release
2021-11-24 20:10:47,856|'i'|press
2021-11-24 20:10:47,949|'i'|release
2021-11-24 20:10:47,994|'c'|press
2021-11-24 20:10:48,057|'h'|press
2021-11-24 20:10:48,101|'c'|release
2021-11-24 20:10:48,157|Key.space|press
2021-11-24 20:10:48,189|'h'|release
2021-11-24 20:10:48,283|Key.space|release
2021-11-24 20:10:48,707|'h'|press
2021-11-24 20:10:48,796|'e'|press
2021-11-24 20:10:48,807|'h'|release
2021-11-24 20:10:48,897|Key.space|press
2021-11-24 20:10:48,907|'e'|release
2021-11-24 20:10:49,007|Key.space|release
2021-11-24 20:10:49,164|'h'|press
2021-11-24 20:10:49,261|'h'|release
2021-11-24 20:10:49,395|'a'|press
2021-11-24 20:10:49,458|'d'|press
2021-11-24 20:10:49,514|'a'|release
2021-11-24 20:10:49,526|Key.space|press
2021-11-24 20:10:49,600|'d'|release
2021-11-24 20:10:49,619|Key.space|release
2021-11-24 20:10:50,042|'c'|press
2021-11-24 20:10:50,103|'o'|press
2021-11-24 20:10:50,167|'c'|release
2021-11-24 20:10:50,183|'m'|press
2021-11-24 20:10:50,236|'o'|release
2021-11-24 20:10:50,286|'m'|release
2021-11-24 20:10:50,305|'e'|press
2021-11-24 20:10:50,415|'e'|release
2021-11-24 20:10:50,492|','|press
2021-11-24 20:10:50,553|Key.space|press
2021-11-24 20:10:50,603|','|release
2021-11-24 20:10:50,658|Key.space|release
2021-11-24 20:10:50,911|'a'|press
2021-11-24 20:10:51,018|'a'|release
2021-11-24 20:10:51,029|'n'|press
2021-11-24 20:10:51,110|'n'|release
2021-11-24 20:10:51,129|'d'|press
2021-11-24 20:10:51,231|Key.space|press
2021-11-24 20:10:51,241|'d'|release
2021-11-24 20:10:51,329|Key.space|release
2021-11-24 20:10:51,814|'b'|press
2021-11-24 20:10:51,906|'b'|release
2021-11-24 20:10:52,032|'r'|press
2021-11-24 20:10:52,108|'o'|press
2021-11-24 20:10:52,132|'r'|release
2021-11-24 20:10:52,179|'u'|press
2021-11-24 20:10:52,234|'o'|release
2021-11-24 20:10:52,276|'u'|release
2021-11-24 20:10:52,293|'g'|press
2021-11-24 20:10:52,396|'g'|release
2021-11-24 20:10:52,402|'h'|press
2021-11-24 20:10:52,471|'t'|press
2021-11-24 20:10:52,481|'h'|release
2021-11-24 20:10:52,578|'t'|release
2021-11-24 20:10:52,587|Key.space|press
2021-11-24 20:10:52,683|Key.space|release
2021-11-24 20:10:53,145|'h'|press
2021-11-24 20:10:53,252|'h'|release
2021-11-24 20:10:53,257|'i'|press
2021-11-24 20:10:53,360|'i'|release
2021-11-24 20:10:53,372|'m'|press
2021-11-24 20:10:53,453|Key.space|press
2021-11-24 20:10:53,470|'m'|release
2021-11-24 20:10:53,552|Key.space|release
2021-11-24 20:10:53,986|'o'|press
2021-11-24 20:10:54,046|'u'|press
2021-11-24 20:10:54,110|'o'|release
2021-11-24 20:10:54,167|'u'|release
2021-11-24 20:10:54,220|'t'|press
2021-11-24 20:10:54,328|'t'|release
2021-11-24 20:10:54,341|Key.space|press
2021-11-24 20:10:54,435|Key.space|release
2021-11-24 20:10:54,473|'a'|press
2021-11-24 20:10:54,546|Key.space|press
2021-11-24 20:10:54,582|'a'|release
2021-11-24 20:10:54,637|Key.space|release
2021-11-24 20:10:55,050|Key.backspace|press
2021-11-24 20:10:55,131|Key.backspace|release
2021-11-24 20:10:55,361|'t'|press
2021-11-24 20:10:55,424|Key.space|press
2021-11-24 20:10:55,481|'t'|release
2021-11-24 20:10:55,519|Key.space|release
2021-11-24 20:10:55,640|'a'|press
2021-11-24 20:10:55,719|Key.space|press
2021-11-24 20:10:55,758|'a'|release
2021-11-24 20:10:55,814|Key.space|release
2021-11-24 20:10:56,210|'d'|press
2021-11-24 20:10:56,329|'d'|release
2021-11-24 20:10:56,415|'f'|press
2021-11-24 20:10:56,509|'f'|release
2021-11-24 20:10:56,793|Key.backspace|press
2021-11-24 20:10:56,865|Key.backspace|release
2021-11-24 20:10:57,300|'i'|press
2021-11-24 20:10:57,384|'i'|release
2021-11-24 20:10:57,390|'f'|press
2021-11-24 20:10:57,478|'f'|release
2021-11-24 20:10:57,535|'f'|press
2021-11-24 20:10:57,622|'f'|release
2021-11-24 20:10:57,628|'e'|press
2021-11-24 20:10:57,726|'r'|press
2021-11-24 20:10:57,747|'e'|release
2021-11-24 20:10:57,826|'n'|press
2021-11-24 20:10:57,836|'r'|release
2021-11-24 20:10:57,880|'e'|press
2021-11-24 20:10:57,912|'n'|release
2021-11-24 20:10:57,994|'e'|release
2021-11-24 20:10:58,023|'t'|press
2021-11-24 20:10:58,114|Key.space|press
2021-11-24 20:10:58,133|'t'|release
2021-11-24 20:10:58,192|Key.space|release
2021-11-24 20:10:58,350|Key.backspace|press
2021-11-24 20:10:58,426|Key.backspace|release
2021-11-24 20:10:58,455|Key.backspace|press
2021-11-24 20:10:58,546|Key.backspace|release
2021-11-24 20:10:58,585|Key.backspace|press
2021-11-24 20:10:58,661|Key.backspace|release
2021-11-24 20:10:58,683|Key.backspace|press
2021-11-24 20:10:58,766|Key.backspace|release
2021-11-24 20:10:58,788|'e'|press
2021-11-24 20:10:58,862|'n'|press
2021-11-24 20:10:58,902|'e'|release
2021-11-24 20:10:58,918|'t'|press
2021-11-24 20:10:58,960|'n'|release
2021-11-24 20:10:59,000|Key.space|press
2021-11-24 20:10:59,043|'t'|release
2021-11-24 20:10:59,104|Key.space|release
2021-11-24 20:10:59,624|'r'|press
2021-11-24 20:10:59,730|'r'|release
2021-11-24 20:10:59,734|'a'|press
2021-11-24 20:10:59,858|'a'|release
2021-11-24 20:10:59,867|'i'|press
2021-11-24 20:10:59,940|'l'|press
2021-11-24 20:10:59,978|'i'|release
2021-11-24 20:11:00,057|'l'|release
2021-11-24 20:11:00,159|'w'|press
2021-11-24 20:11:00,264|'w'|release
2021-11-24 20:11:00,301|'a'|press
2021-11-24 20:11:00,400|'y'|press
2021-11-24 20:11:00,420|'a'|release
2021-11-24 20:11:00,490|'y'|release
2021-11-24 20:11:00,918|Key.space|press
2021-11-24 20:11:01,023|Key.space|release
2021-11-24 20:11:01,045|'s'|press
2021-11-24 20:11:01,163|'s'|release
2021-11-24 20:11:01,186|'t'|press
2021-11-24 20:11:01,275|'t'|release
2021-11-24 20:11:01,284|'a'|press
2021-11-24 20:11:01,391|'a'|release
2021-11-24 20:11:01,465|'t'|press
2021-11-24 20:11:01,553|'i'|press
2021-11-24 20:11:01,574|'t'|release
2021-11-24 20:11:01,612|'o'|press
2021-11-24 20:11:01,660|'n'|press
2021-11-24 20:11:01,683|'i'|release
2021-11-24 20:11:01,724|'o'|release
2021-11-24 20:11:01,776|'n'|release
2021-11-24 20:11:01,891|Key.space|press
2021-11-24 20:11:01,971|Key.space|release
2021-11-24 20:11:02,226|Key.backspace|press
2021-11-24 20:11:02,272|Key.backspace|release
2021-11-24 20:11:02,539|Key.shift_r|press
2021-11-24 20:11:02,614|'.'|press
2021-11-24 20:11:02,754|'.'|release
2021-11-24 20:11:02,931|'4'|press
2021-11-24 20:11:02,989|Key.shift_r|release
2021-11-24 20:11:03,024|"'"|release
2021-11-24 20:11:03,408|Key.backspace|press
2021-11-24 20:11:03,479|Key.backspace|release
2021-11-24 20:11:03,504|"'"|press
2021-11-24 20:11:03,629|"'"|release
2021-11-24 20:11:04,138|Key.backspace|press
2021-11-24 20:11:04,222|Key.backspace|release
2021-11-24 20:11:04,938|Key.space|press
2021-11-24 20:11:05,018|Key.space|release
2021-11-24 20:11:05,029|"'"|press
2021-11-24 20:11:05,139|"'"|release
2021-11-24 20:11:05,506|Key.shift_r|press
2021-11-24 20:11:05,746|'N'|press
2021-11-24 20:11:05,815|Key.shift_r|release
2021-11-24 20:11:05,844|'n'|release
2021-11-24 20:11:05,969|'e'|press
2021-11-24 20:11:06,057|'v'|press
2021-11-24 20:11:06,071|'e'|release
2021-11-24 20:11:06,151|'v'|release
2021-11-24 20:11:06,169|'e'|press
2021-11-24 20:11:06,247|'r'|press
2021-11-24 20:11:06,264|'e'|release
2021-11-24 20:11:06,382|'r'|release
2021-11-24 20:11:06,824|Key.space|press
2021-11-24 20:11:06,944|Key.space|release
2021-11-24 20:11:07,033|'g'|press
2021-11-24 20:11:07,094|'o'|press
2021-11-24 20:11:07,139|'g'|release
2021-11-24 20:11:07,174|Key.space|press
2021-11-24 20:11:07,229|'o'|release
2021-11-24 20:11:07,302|Key.space|release
2021-11-24 20:11:07,472|'h'|press
2021-11-24 20:11:07,586|'o'|press
2021-11-24 20:11:07,594|'h'|release
2021-11-24 20:11:07,646|'m'|press
2021-11-24 20:11:07,701|'o'|release
2021-11-24 20:11:07,750|'m'|release
2021-11-24 20:11:07,805|'e'|press
2021-11-24 20:11:07,922|'e'|release
2021-11-24 20:11:08,556|Key.space|press
2021-11-24 20:11:08,670|Key.space|release
2021-11-24 20:11:08,693|'t'|press
2021-11-24 20:11:08,756|'h'|press
2021-11-24 20:11:08,793|'t'|release
2021-11-24 20:11:08,836|'e'|press
2021-11-24 20:11:08,866|'h'|release
2021-11-24 20:11:08,921|Key.space|press
2021-11-24 20:11:08,935|'e'|release
2021-11-24 20:11:09,033|Key.space|release
2021-11-24 20:11:09,038|'s'|press
2021-11-24 20:11:09,135|'s'|release
2021-11-24 20:11:09,177|'a'|press
2021-11-24 20:11:09,292|'a'|release
2021-11-24 20:11:09,384|'e'|press
2021-11-24 20:11:09,500|'e'|release
2021-11-24 20:11:09,745|Key.backspace|press
2021-11-24 20:11:09,813|Key.backspace|release
2021-11-24 20:11:09,927|'m'|press
2021-11-24 20:11:10,027|'m'|release
2021-11-24 20:11:10,031|'e'|press
2021-11-24 20:11:10,140|'e'|release
2021-11-24 20:11:10,146|Key.space|press
2021-11-24 20:11:10,240|Key.space|release
2021-11-24 20:11:10,537|'w'|press
2021-11-24 20:11:10,632|'a'|press
2021-11-24 20:11:10,678|'w'|release
2021-11-24 20:11:10,757|'a'|release
2021-11-24 20:11:10,894|'y'|press
2021-11-24 20:11:10,988|'y'|release
2021-11-24 20:11:11,419|Key.space|press
2021-11-24 20:11:11,515|Key.space|release
2021-11-24 20:11:11,546|'a'|press
2021-11-24 20:11:11,624|'s'|press
2021-11-24 20:11:11,669|'a'|release
2021-11-24 20:11:11,745|Key.space|press
2021-11-24 20:11:11,757|'s'|release
2021-11-24 20:11:11,831|Key.space|release
2021-11-24 20:11:12,276|'y'|press
2021-11-24 20:11:12,312|'o'|press
2021-11-24 20:11:12,376|'y'|release
2021-11-24 20:11:12,381|'u'|press
2021-11-24 20:11:12,445|'o'|release
2021-11-24 20:11:12,461|Key.space|press
2021-11-24 20:11:12,510|'u'|release
2021-11-24 20:11:12,570|Key.space|release
2021-11-24 20:11:12,797|'w'|press
2021-11-24 20:11:12,867|'w'|release
2021-11-24 20:11:12,972|'e'|press
2021-11-24 20:11:13,053|'n'|press
2021-11-24 20:11:13,085|'e'|release
2021-11-24 20:11:13,137|'t'|press
2021-11-24 20:11:13,147|'n'|release
2021-11-24 20:11:13,255|'t'|release
2021-11-24 20:11:13,269|Key.space|press
2021-11-24 20:11:13,371|Key.space|release
2021-11-24 20:11:13,735|'o'|press
2021-11-24 20:11:13,789|'u'|press
2021-11-24 20:11:13,861|'o'|release
2021-11-24 20:11:13,916|'u'|release
2021-11-24 20:11:13,922|'t'|press
2021-11-24 20:11:14,031|'t'|release
2021-11-24 20:11:15,131|','|press
2021-11-24 20:11:15,233|','|release
2021-11-24 20:11:15,254|"'"|press
2021-11-24 20:11:15,355|"'"|release
2021-11-24 20:11:15,759|Key.space|press
2021-11-24 20:11:15,869|Key.space|release
2021-11-24 20:11:15,932|'s'|press
2021-11-24 20:11:16,055|'s'|release
2021-11-24 20:11:16,716|'h'|press
2021-11-24 20:11:16,796|'h'|release
2021-11-24 20:11:16,800|'e'|press
2021-11-24 20:11:16,883|Key.space|press
2021-11-24 20:11:16,893|'e'|release
2021-11-24 20:11:16,978|Key.space|release
2021-11-24 20:11:17,130|'s'|press
2021-11-24 20:11:17,239|'s'|release
2021-11-24 20:11:17,248|'a'|press
2021-11-24 20:11:17,359|'a'|release
2021-11-24 20:11:17,413|'i'|press
2021-11-24 20:11:17,497|'i'|release
2021-11-24 20:11:17,519|'t'|press
2021-11-24 20:11:17,607|Key.space|press
2021-11-24 20:11:17,632|'t'|release
2021-11-24 20:11:17,716|Key.space|release
2021-11-24 20:11:18,027|Key.backspace|press
2021-11-24 20:11:18,110|Key.backspace|release
2021-11-24 20:11:18,267|','|press
2021-11-24 20:11:18,334|Key.space|press
2021-11-24 20:11:18,381|','|release
2021-11-24 20:11:18,453|Key.space|release
2021-11-24 20:11:18,632|'a'|press
2021-11-24 20:11:18,720|'s'|press
2021-11-24 20:11:18,741|'a'|release
2021-11-24 20:11:18,844|Key.space|press
2021-11-24 20:11:18,861|'s'|release
2021-11-24 20:11:18,934|Key.space|release
2021-11-24 20:11:19,174|Key.backspace|press
2021-11-24 20:11:19,252|Key.backspace|release
2021-11-24 20:11:19,287|Key.backspace|press
2021-11-24 20:11:19,376|Key.backspace|release
2021-11-24 20:11:19,411|Key.backspace|press
2021-11-24 20:11:19,516|Key.backspace|release
2021-11-24 20:11:19,547|Key.backspace|press
2021-11-24 20:11:19,637|Key.backspace|release
2021-11-24 20:11:19,667|Key.backspace|press
2021-11-24 20:11:19,760|Key.backspace|release
2021-11-24 20:11:19,765|'d'|press
2021-11-24 20:11:19,792|Key.space|press
2021-11-24 20:11:19,882|'d'|release
2021-11-24 20:11:19,892|Key.space|release
2021-11-24 20:11:20,098|Key.backspace|press
2021-11-24 20:11:20,175|Key.backspace|release
2021-11-24 20:11:20,217|Key.backspace|press
2021-11-24 20:11:20,302|Key.backspace|release
2021-11-24 20:11:20,330|Key.backspace|press
2021-11-24 20:11:20,423|'d'|press
2021-11-24 20:11:20,434|Key.backspace|release
2021-11-24 20:11:20,538|'d'|release
2021-11-24 20:11:20,996|','|press
2021-11-24 20:11:21,107|','|release
2021-11-24 20:11:21,180|'a'|press
2021-11-24 20:11:21,226|'s'|press
2021-11-24 20:11:21,285|'a'|release
2021-11-24 20:11:21,290|Key.space|press
2021-11-24 20:11:21,360|'s'|release
2021-11-24 20:11:21,377|Key.space|release
2021-11-24 20:11:21,714|Key.backspace|press
2021-11-24 20:11:21,784|Key.backspace|release
2021-11-24 20:11:21,820|Key.backspace|press
2021-11-24 20:11:21,911|Key.backspace|release
2021-11-24 20:11:21,949|Key.backspace|press
2021-11-24 20:11:22,036|Key.backspace|release
2021-11-24 20:11:22,067|Key.backspace|press
2021-11-24 20:11:22,155|Key.backspace|release
2021-11-24 20:11:22,222|Key.space|press
2021-11-24 20:11:22,300|Key.space|release
2021-11-24 20:11:22,634|Key.backspace|press
2021-11-24 20:11:22,717|Key.backspace|release
2021-11-24 20:11:22,988|','|press
2021-11-24 20:11:23,023|Key.space|press
2021-11-24 20:11:23,072|','|release
2021-11-24 20:11:23,121|Key.space|release
2021-11-24 20:11:23,668|'a'|press
2021-11-24 20:11:23,725|'s'|press
2021-11-24 20:11:23,782|'a'|release
2021-11-24 20:11:23,787|Key.space|press
2021-11-24 20:11:23,850|Key.space|release
2021-11-24 20:11:23,860|'s'|release
2021-11-24 20:11:24,282|'t'|press
2021-11-24 20:11:24,339|'h'|press
2021-11-24 20:11:24,389|'t'|release
2021-11-24 20:11:24,421|'h'|release
2021-11-24 20:11:24,477|'o'|press
2021-11-24 20:11:24,552|'u'|press
2021-11-24 20:11:24,593|'o'|release
2021-11-24 20:11:24,641|'u'|release
2021-11-24 20:11:24,657|'g'|press
2021-11-24 20:11:24,739|'h'|press
2021-11-24 20:11:24,757|'g'|release
2021-11-24 20:11:24,812|'h'|release
2021-11-24 20:11:25,276|Key.space|press
2021-11-24 20:11:25,373|Key.space|release
2021-11-24 20:11:25,397|'e'|press
2021-11-24 20:11:25,480|'n'|press
2021-11-24 20:11:25,499|'e'|release
2021-11-24 20:11:25,560|'n'|release
2021-11-24 20:11:26,587|'u'|press
2021-11-24 20:11:26,634|'n'|press
2021-11-24 20:11:26,697|'u'|release
2021-11-24 20:11:26,757|'n'|release
2021-11-24 20:11:26,949|'c'|press
2021-11-24 20:11:27,030|'i'|press
2021-11-24 20:11:27,065|'c'|release
2021-11-24 20:11:27,123|'i'|release
2021-11-24 20:11:27,145|'a'|press
2021-11-24 20:11:27,253|'a'|release
2021-11-24 20:11:27,330|'t'|press
2021-11-24 20:11:27,438|'t'|release
2021-11-24 20:11:27,497|'i'|press
2021-11-24 20:11:27,586|'i'|release
2021-11-24 20:11:27,686|'n'|press
2021-11-24 20:11:27,785|'g'|press
2021-11-24 20:11:27,798|'n'|release
2021-11-24 20:11:27,906|'g'|release
2021-11-24 20:11:27,912|Key.space|press
2021-11-24 20:11:27,978|Key.space|release
2021-11-24 20:11:28,341|Key.backspace|press
2021-11-24 20:11:28,416|Key.backspace|release
2021-11-24 20:11:28,934|Key.space|press
2021-11-24 20:11:29,029|Key.space|release
2021-11-24 20:11:29,079|'a'|press
2021-11-24 20:11:29,178|'n'|press
2021-11-24 20:11:29,191|'a'|release
2021-11-24 20:11:29,276|'n'|release
2021-11-24 20:11:29,335|Key.space|press
2021-11-24 20:11:29,438|Key.space|release
2021-11-24 20:11:29,773|'i'|press
2021-11-24 20:11:29,889|'m'|press
2021-11-24 20:11:29,924|'i'|release
2021-11-24 20:11:29,952|'m'|release
2021-11-24 20:11:30,091|'p'|press
2021-11-24 20:11:30,215|'o'|press
2021-11-24 20:11:30,264|'p'|release
2021-11-24 20:11:30,336|'o'|release
2021-11-24 20:11:30,716|'r'|press
2021-11-24 20:11:30,773|'t'|press
2021-11-24 20:11:30,817|'r'|release
2021-11-24 20:11:30,888|'t'|release
2021-11-24 20:11:30,921|'a'|press
2021-11-24 20:11:30,984|'n'|press
2021-11-24 20:11:31,017|'a'|release
2021-11-24 20:11:31,043|'t'|press
2021-11-24 20:11:31,072|'n'|release
2021-11-24 20:11:31,154|Key.space|press
2021-11-24 20:11:31,162|'t'|release
2021-11-24 20:11:31,247|Key.space|release
2021-11-24 20:11:32,032|'g'|press
2021-11-24 20:11:32,132|'g'|release
2021-11-24 20:11:32,160|'e'|press
2021-11-24 20:11:32,273|'e'|release
2021-11-24 20:11:32,279|'n'|press
2021-11-24 20:11:32,372|'n'|release
2021-11-24 20:11:32,506|'r'|press
2021-11-24 20:11:32,592|'r'|release
2021-11-24 20:11:32,685|'a'|press
2021-11-24 20:11:32,800|'a'|release
2021-11-24 20:11:32,992|Key.backspace|press
2021-11-24 20:11:33,070|Key.backspace|release
2021-11-24 20:11:33,106|Key.backspace|press
2021-11-24 20:11:33,190|Key.backspace|release
2021-11-24 20:11:33,222|'e'|press
2021-11-24 20:11:33,324|'r'|press
2021-11-24 20:11:33,351|'e'|release
2021-11-24 20:11:33,447|'r'|release
2021-11-24 20:11:33,565|'a'|press
2021-11-24 20:11:33,643|'l'|press
2021-11-24 20:11:33,680|'a'|release
2021-11-24 20:11:33,733|'l'|release
2021-11-24 20:11:34,070|Key.space|press
2021-11-24 20:11:34,183|Key.space|release
2021-11-24 20:11:34,224|'p'|press
2021-11-24 20:11:34,366|'p'|release
2021-11-24 20:11:34,619|'r'|press
2021-11-24 20:11:34,703|'i'|press
2021-11-24 20:11:34,715|'r'|release
2021-11-24 20:11:34,765|'n'|press
2021-11-24 20:11:34,837|'i'|release
2021-11-24 20:11:34,885|'n'|release
2021-11-24 20:11:34,901|'c'|press
2021-11-24 20:11:35,011|'c'|release
2021-11-24 20:11:35,113|'p'|press
2021-11-24 20:11:35,205|'p'|release
2021-11-24 20:11:35,293|'l'|press
2021-11-24 20:11:35,389|'l'|release
2021-11-24 20:11:35,461|'e'|press
2021-11-24 20:11:35,517|'e'|release
2021-11-24 20:11:35,572|Key.backspace|press
2021-11-24 20:11:35,661|Key.backspace|release
2021-11-24 20:11:35,697|Key.backspace|press
2021-11-24 20:11:35,783|Key.backspace|release
2021-11-24 20:11:35,817|Key.backspace|press
2021-11-24 20:11:35,919|Key.backspace|release
2021-11-24 20:11:36,248|'i'|press
2021-11-24 20:11:36,337|'i'|release
2021-11-24 20:11:36,369|'p'|press
2021-11-24 20:11:36,436|'l'|press
2021-11-24 20:11:36,468|'p'|release
2021-11-24 20:11:36,547|'l'|release
2021-11-24 20:11:36,573|'e'|press
2021-11-24 20:11:36,678|'e'|release
2021-11-24 20:11:36,696|Key.space|press
2021-11-24 20:11:36,792|Key.space|release
2021-11-24 20:11:37,056|Key.backspace|press
2021-11-24 20:11:37,134|Key.backspace|release
2021-11-24 20:11:37,241|Key.shift_r|press
2021-11-24 20:11:37,271|'.'|press
2021-11-24 20:11:37,368|Key.shift_r|release
2021-11-24 20:11:37,378|';'|release
2021-11-24 20:11:37,470|Key.space|press
2021-11-24 20:11:37,570|Key.shift_r|press
2021-11-24 20:11:37,579|Key.space|release
2021-11-24 20:11:37,691|'S'|press
2021-11-24 20:11:37,744|Key.shift_r|release
2021-11-24 20:11:37,809|'s'|release
2021-11-24 20:11:38,186|'h'|press
2021-11-24 20:11:38,281|'h'|release
2021-11-24 20:11:38,287|'e'|press
2021-11-24 20:11:38,329|Key.space|press
2021-11-24 20:11:38,383|'e'|release
2021-11-24 20:11:38,431|Key.space|release
2021-11-24 20:11:38,834|'w'|press
2021-11-24 20:11:38,911|'o'|press
2021-11-24 20:11:38,958|'w'|release
2021-11-24 20:11:38,964|'u'|press
2021-11-24 20:11:39,024|'o'|release
2021-11-24 20:11:39,081|'u'|release
2021-11-24 20:11:39,118|'l'|press
2021-11-24 20:11:39,207|'l'|release
2021-11-24 20:11:39,220|'d'|press
2021-11-24 20:11:39,290|Key.space|press
2021-11-24 20:11:39,331|'d'|release
2021-11-24 20:11:39,395|Key.space|release
2021-11-24 20:11:39,420|'l'|press
2021-11-24 20:11:39,507|'l'|release
2021-11-24 20:11:39,531|'e'|press
2021-11-24 20:11:39,612|'a'|press
2021-11-24 20:11:39,661|'e'|release
2021-11-24 20:11:39,733|'a'|release
2021-11-24 20:11:39,774|'v'|press
2021-11-24 20:11:39,855|'e'|press
2021-11-24 20:11:39,893|'v'|release
2021-11-24 20:11:39,980|'e'|release
2021-11-24 20:11:40,018|Key.space|press
2021-11-24 20:11:40,116|Key.space|release
2021-11-24 20:11:40,400|'f'|press
2021-11-24 20:11:40,518|'f'|release
2021-11-24 20:11:40,540|'i'|press
2021-11-24 20:11:40,616|'i'|release
2021-11-24 20:11:40,641|'r'|press
2021-11-24 20:11:40,744|'r'|release
2021-11-24 20:11:40,831|'s'|press
2021-11-24 20:11:40,921|'t'|press
2021-11-24 20:11:40,933|'s'|release
2021-11-24 20:11:41,013|'t'|release
2021-11-24 20:11:41,239|','|press
2021-11-24 20:11:41,296|Key.space|press
2021-11-24 20:11:41,349|','|release
2021-11-24 20:11:41,401|Key.space|release
2021-11-24 20:11:41,490|'a'|press
2021-11-24 20:11:41,602|'b'|press
2021-11-24 20:11:41,611|'a'|release
2021-11-24 20:11:41,678|'b'|release
2021-11-24 20:11:41,689|'d'|press
2021-11-24 20:11:41,799|Key.space|press
2021-11-24 20:11:41,819|'d'|release
2021-11-24 20:11:41,904|Key.space|release
2021-11-24 20:11:42,080|Key.backspace|press
2021-11-24 20:11:42,157|Key.backspace|release
2021-11-24 20:11:42,193|Key.backspace|press
2021-11-24 20:11:42,280|Key.backspace|release
2021-11-24 20:11:42,317|Key.backspace|press
2021-11-24 20:11:42,397|Key.backspace|release
2021-11-24 20:11:42,496|'n'|press
2021-11-24 20:11:42,590|'d'|press
2021-11-24 20:11:42,600|'n'|release
2021-11-24 20:11:42,668|Key.space|press
2021-11-24 20:11:42,705|'d'|release
2021-11-24 20:11:42,760|Key.space|release
2021-11-24 20:11:43,115|Key.shift_r|press
2021-11-24 20:11:43,262|'W'|press
2021-11-24 20:11:43,306|Key.shift_r|release
2021-11-24 20:11:43,367|'w'|release
2021-11-24 20:11:43,411|'i'|press
2021-11-24 20:11:43,460|'n'|press
2021-11-24 20:11:43,530|'i'|release
2021-11-24 20:11:43,564|'s'|press
2021-11-24 20:11:43,601|'n'|release
2021-11-24 20:11:43,674|'s'|release
2021-11-24 20:11:43,721|'t'|press
2021-11-24 20:11:43,809|'o'|press
2021-11-24 20:11:43,826|'t'|release
2021-11-24 20:11:43,887|'n'|press
2021-11-24 20:11:43,952|'o'|release
2021-11-24 20:11:44,016|'n'|release
2021-11-24 20:11:44,327|Key.space|press
2021-11-24 20:11:44,429|Key.space|release
2021-11-24 20:11:44,510|'w'|press
2021-11-24 20:11:44,597|'a'|press
2021-11-24 20:11:44,627|'w'|release
2021-11-24 20:11:44,674|'s'|press
2021-11-24 20:11:44,716|'a'|release
2021-11-24 20:11:44,765|Key.space|press
2021-11-24 20:11:44,810|'s'|release
2021-11-24 20:11:44,852|Key.space|release
2021-11-24 20:11:45,377|'t'|press
2021-11-24 20:11:45,433|'o'|press
2021-11-24 20:11:45,490|'t'|release
2021-11-24 20:11:45,506|Key.space|press
2021-11-24 20:11:45,557|'o'|release
2021-11-24 20:11:45,615|Key.space|release
2021-11-24 20:11:45,748|'w'|press
2021-11-24 20:11:45,895|'a'|press
2021-11-24 20:11:45,904|'w'|release
2021-11-24 20:11:46,008|'i'|press
2021-11-24 20:11:46,017|'a'|release
2021-11-24 20:11:46,091|'t'|press
2021-11-24 20:11:46,104|'i'|release
2021-11-24 20:11:46,155|Key.space|press
2021-11-24 20:11:46,212|'t'|release
2021-11-24 20:11:46,264|Key.space|release
2021-11-24 20:11:46,918|'h'|press
2021-11-24 20:11:47,011|'h'|release
2021-11-24 20:11:47,015|'a'|press
2021-11-24 20:11:47,124|'a'|release
2021-11-24 20:11:47,130|'l'|press
2021-11-24 20:11:47,216|'l'|release
2021-11-24 20:11:47,377|'f'|press
2021-11-24 20:11:47,488|'f'|release
2021-11-24 20:11:47,820|Key.space|press
2021-11-24 20:11:47,922|Key.space|release
2021-11-24 20:11:47,931|'a'|press
2021-11-24 20:11:48,019|'n'|press
2021-11-24 20:11:48,041|'a'|release
2021-11-24 20:11:48,119|'n'|release
2021-11-24 20:11:48,562|Key.space|press
2021-11-24 20:11:48,667|Key.space|release
2021-11-24 20:11:48,738|'h'|press
2021-11-24 20:11:48,826|'h'|release
2021-11-24 20:11:48,856|'o'|press
2021-11-24 20:11:48,931|'u'|press
2021-11-24 20:11:48,974|'o'|release
2021-11-24 20:11:49,021|'r'|press
2021-11-24 20:11:49,040|'u'|release
2021-11-24 20:11:49,124|'r'|release
2021-11-24 20:11:49,380|Key.space|press
2021-11-24 20:11:49,476|Key.space|release
2021-11-24 20:11:49,617|'b'|press
2021-11-24 20:11:49,699|'b'|release
2021-11-24 20:11:49,734|'e'|press
2021-11-24 20:11:49,828|'e'|release
2021-11-24 20:11:49,861|'f'|press
2021-11-24 20:11:49,952|'o'|press
2021-11-24 20:11:49,977|'f'|release
2021-11-24 20:11:50,039|'o'|release
2021-11-24 20:11:50,066|'r'|press
2021-11-24 20:11:50,148|'e'|press
2021-11-24 20:11:50,206|'r'|release
2021-11-24 20:11:50,268|'e'|release
2021-11-24 20:11:50,304|Key.space|press
2021-11-24 20:11:50,390|Key.space|release
2021-11-24 20:11:50,702|'f'|press
2021-11-24 20:11:50,810|'o'|press
2021-11-24 20:11:50,819|'f'|release
2021-11-24 20:11:50,901|'o'|release
2021-11-24 20:11:50,987|'l'|press
2021-11-24 20:11:51,078|'l'|release
2021-11-24 20:11:51,113|'l'|press
2021-11-24 20:11:51,206|'l'|release
2021-11-24 20:11:51,242|'o'|press
2021-11-24 20:11:51,345|'o'|release
2021-11-24 20:11:51,840|'w'|press
2021-11-24 20:11:51,928|'i'|press
2021-11-24 20:11:51,937|'w'|release
2021-11-24 20:11:51,997|'n'|press
2021-11-24 20:11:52,053|'i'|release
2021-11-24 20:11:52,115|'n'|release
2021-11-24 20:11:52,120|'g'|press
2021-11-24 20:11:52,243|'g'|release
2021-11-24 20:11:52,660|Key.space|press
2021-11-24 20:11:52,770|Key.space|release
2021-11-24 20:11:52,930|'h'|press
2021-11-24 20:11:53,017|'h'|release
2021-11-24 20:11:53,022|'e'|press
2021-11-24 20:11:53,086|'r'|press
2021-11-24 20:11:53,146|'e'|release
2021-11-24 20:11:53,222|'r'|release
2021-11-24 20:11:53,227|Key.shift_r|press
2021-11-24 20:11:53,344|'?'|press
2021-11-24 20:11:53,408|'.'|press
2021-11-24 20:11:53,444|'?'|release
2021-11-24 20:11:53,569|'.'|release
2021-11-24 20:11:53,617|Key.shift_r|release
2021-11-24 20:11:53,921|Key.backspace|press
2021-11-24 20:11:53,981|Key.backspace|release
2021-11-24 20:11:54,099|Key.shift_r|press
2021-11-24 20:11:54,155|'.'|press
2021-11-24 20:11:54,217|Key.shift_r|release
2021-11-24 20:11:54,254|';'|release
