2021-12-10 16:26:28,604|Key.enter|release
2021-12-10 16:26:31,422|Key.shift|press
2021-12-10 16:26:31,570|'P'|press
2021-12-10 16:26:31,702|'P'|release
2021-12-10 16:26:31,740|Key.shift|release
2021-12-10 16:26:31,772|'o'|press
2021-12-10 16:26:31,896|'o'|release
2021-12-10 16:26:31,910|'r'|press
2021-12-10 16:26:32,011|'t'|press
2021-12-10 16:26:32,069|'r'|release
2021-12-10 16:26:32,148|'t'|release
2021-12-10 16:26:32,225|'e'|press
2021-12-10 16:26:32,351|'z'|press
2021-12-10 16:26:32,389|'e'|release
2021-12-10 16:26:32,515|'z'|release
2021-12-10 16:26:32,856|Key.space|press
2021-12-10 16:26:32,991|Key.space|release
2021-12-10 16:26:33,253|'c'|press
2021-12-10 16:26:33,378|'e'|press
2021-12-10 16:26:33,433|'c'|release
2021-12-10 16:26:33,440|Key.space|press
2021-12-10 16:26:33,464|'e'|release
2021-12-10 16:26:33,559|Key.space|release
2021-12-10 16:26:33,572|'v'|press
2021-12-10 16:26:33,640|'i'|press
2021-12-10 16:26:33,690|'v'|release
2021-12-10 16:26:33,720|'e'|press
2021-12-10 16:26:33,775|'i'|release
2021-12-10 16:26:33,846|'e'|release
2021-12-10 16:26:33,870|'u'|press
2021-12-10 16:26:34,000|'u'|release
2021-12-10 16:26:34,037|'x'|press
2021-12-10 16:26:34,173|'x'|release
2021-12-10 16:26:34,242|Key.space|press
2021-12-10 16:26:34,348|Key.space|release
2021-12-10 16:26:34,792|'w'|press
2021-12-10 16:26:34,842|'h'|press
2021-12-10 16:26:34,996|'w'|release
2021-12-10 16:26:35,194|'h'|release
2021-12-10 16:26:35,341|'i'|press
2021-12-10 16:26:35,343|'i'|release
2021-12-10 16:26:35,566|'s'|press
2021-12-10 16:26:35,783|'k'|press
2021-12-10 16:26:36,077|'s'|release
2021-12-10 16:26:36,208|'k'|release
2021-12-10 16:26:36,269|'y'|press
2021-12-10 16:26:36,499|'y'|release
2021-12-10 16:26:36,788|Key.space|press
2021-12-10 16:26:36,843|Key.space|release
2021-12-10 16:26:37,273|'a'|press
2021-12-10 16:26:37,277|'u'|press
2021-12-10 16:26:37,278|'a'|release
2021-12-10 16:26:37,329|'u'|release
2021-12-10 16:26:37,333|Key.space|press
2021-12-10 16:26:37,454|Key.space|release
2021-12-10 16:26:37,509|'j'|press
2021-12-10 16:26:37,635|'j'|release
2021-12-10 16:26:38,341|'u'|press
2021-12-10 16:26:38,480|'u'|release
2021-12-10 16:26:38,508|'g'|press
2021-12-10 16:26:38,587|'e'|press
2021-12-10 16:26:38,646|'g'|release
2021-12-10 16:26:38,679|'e'|release
2021-12-10 16:26:38,724|Key.space|press
2021-12-10 16:26:38,859|Key.space|release
2021-12-10 16:26:39,159|'b'|press
2021-12-10 16:26:39,270|'b'|release
2021-12-10 16:26:39,354|'l'|press
2021-12-10 16:26:39,464|'l'|release
2021-12-10 16:26:39,540|'o'|press
2021-12-10 16:26:39,647|'o'|release
2021-12-10 16:26:39,686|'n'|press
2021-12-10 16:26:39,811|'n'|release
2021-12-10 16:26:39,849|'d'|press
2021-12-10 16:26:39,956|Key.space|press
2021-12-10 16:26:39,981|'d'|release
2021-12-10 16:26:40,077|Key.space|release
2021-12-10 16:26:40,776|'q'|press
2021-12-10 16:26:40,856|'u'|press
2021-12-10 16:26:40,899|'q'|release
2021-12-10 16:26:41,009|'i'|press
2021-12-10 16:26:41,015|'u'|release
2021-12-10 16:26:41,159|'i'|release
2021-12-10 16:26:41,210|Key.space|press
2021-12-10 16:26:41,337|Key.space|release
2021-12-10 16:26:41,499|'f'|press
2021-12-10 16:26:41,630|'f'|release
2021-12-10 16:26:41,633|'u'|press
2021-12-10 16:26:41,772|'u'|release
2021-12-10 16:26:41,812|'m'|press
2021-12-10 16:26:41,954|'e'|press
2021-12-10 16:26:41,979|'m'|release
2021-12-10 16:26:42,044|'e'|release
2021-12-10 16:26:42,478|Key.shift|press
2021-12-10 16:26:42,650|'.'|press
2021-12-10 16:26:42,744|'.'|release
2021-12-10 16:26:42,760|Key.shift|release
2021-12-10 16:26:43,093|Key.enter|press
2021-12-10 16:26:43,202|Key.enter|release
2021-12-10 16:26:43,517|Key.shift|press
2021-12-10 16:26:43,606|'J'|press
2021-12-10 16:26:43,708|'J'|release
2021-12-10 16:26:43,720|Key.shift|release
2021-12-10 16:26:43,756|'o'|press
2021-12-10 16:26:43,878|'o'|release
2021-12-10 16:26:44,130|'y'|press
2021-12-10 16:26:44,243|'y'|release
2021-12-10 16:26:44,332|'e'|press
2021-12-10 16:26:44,432|'e'|release
2021-12-10 16:26:44,436|'u'|press
2021-12-10 16:26:44,554|'u'|release
2021-12-10 16:26:44,605|'x'|press
2021-12-10 16:26:44,735|'x'|release
2021-12-10 16:26:45,294|','|press
2021-12-10 16:26:45,435|','|release
2021-12-10 16:26:45,439|Key.space|press
2021-12-10 16:26:45,551|Key.space|release
2021-12-10 16:26:45,575|'i'|press
2021-12-10 16:26:45,686|'i'|release
2021-12-10 16:26:45,792|'v'|press
2021-12-10 16:26:45,904|'v'|release
2021-12-10 16:26:46,017|'r'|press
2021-12-10 16:26:46,155|'e'|press
2021-12-10 16:26:46,211|'r'|release
2021-12-10 16:26:46,288|'e'|release
2021-12-10 16:26:46,552|Key.space|press
2021-12-10 16:26:46,666|Key.space|release
2021-12-10 16:26:46,940|'='|press
2021-12-10 16:26:47,112|'='|release
2021-12-10 16:26:47,273|','|press
2021-12-10 16:26:47,411|','|release
2021-12-10 16:26:47,456|Key.space|press
2021-12-10 16:26:47,558|'v'|press
2021-12-10 16:26:47,582|Key.space|release
2021-12-10 16:26:47,711|'a'|press
2021-12-10 16:26:47,749|'v'|release
2021-12-10 16:26:47,837|'a'|release
2021-12-10 16:26:47,949|Key.backspace|press
2021-12-10 16:26:48,044|Key.backspace|release
2021-12-10 16:26:48,099|Key.backspace|press
2021-12-10 16:26:48,169|Key.backspace|release
2021-12-10 16:26:48,186|'f'|press
2021-12-10 16:26:48,266|'a'|press
2021-12-10 16:26:48,343|'f'|release
2021-12-10 16:26:48,406|'a'|release
2021-12-10 16:26:48,831|Key.backspace|press
2021-12-10 16:26:48,912|Key.backspace|release
2021-12-10 16:26:48,987|Key.backspace|press
2021-12-10 16:26:49,082|Key.backspace|release
2021-12-10 16:26:49,130|Key.backspace|press
2021-12-10 16:26:49,219|Key.backspace|release
2021-12-10 16:26:49,278|Key.backspace|press
2021-12-10 16:26:49,361|Key.backspace|release
2021-12-10 16:26:49,427|Key.backspace|press
2021-12-10 16:26:49,507|Key.backspace|release
2021-12-10 16:26:49,608|Key.backspace|press
2021-12-10 16:26:49,711|Key.backspace|release
2021-12-10 16:26:50,291|','|press
2021-12-10 16:26:50,381|','|release
2021-12-10 16:26:50,445|Key.space|press
2021-12-10 16:26:50,558|Key.space|release
2021-12-10 16:26:50,638|'f'|press
2021-12-10 16:26:50,727|'a'|press
2021-12-10 16:26:50,786|'f'|release
2021-12-10 16:26:50,845|'a'|release
2021-12-10 16:26:50,876|'t'|press
2021-12-10 16:26:50,956|'i'|press
2021-12-10 16:26:50,976|'t'|release
2021-12-10 16:26:51,069|'i'|release
2021-12-10 16:26:51,071|'g'|press
2021-12-10 16:26:51,170|'u'|press
2021-12-10 16:26:51,174|'g'|release
2021-12-10 16:26:51,274|'u'|release
2021-12-10 16:26:52,966|'é'|press
2021-12-10 16:26:53,093|'é'|release
2021-12-10 16:26:53,486|','|press
2021-12-10 16:26:53,628|','|release
2021-12-10 16:26:53,701|Key.space|press
2021-12-10 16:26:53,812|Key.space|release
2021-12-10 16:26:54,085|'l'|press
2021-12-10 16:26:54,191|'l'|release
2021-12-10 16:26:54,214|'e'|press
2021-12-10 16:26:54,297|'e'|release
2021-12-10 16:26:54,385|Key.space|press
2021-12-10 16:26:54,494|Key.space|release
2021-12-10 16:26:54,594|'n'|press
2021-12-10 16:26:54,709|'n'|release
2021-12-10 16:26:54,986|'e'|press
2021-12-10 16:26:55,119|'e'|release
2021-12-10 16:26:55,285|'z'|press
2021-12-10 16:26:55,409|'z'|release
2021-12-10 16:26:56,115|Key.space|press
2021-12-10 16:26:56,241|Key.space|release
2021-12-10 16:26:56,697|'q'|press
2021-12-10 16:26:56,764|'u'|press
2021-12-10 16:26:56,819|'q'|release
2021-12-10 16:26:56,908|'i'|press
2021-12-10 16:26:56,931|'u'|release
2021-12-10 16:26:57,041|'i'|release
2021-12-10 16:26:57,084|Key.space|press
2021-12-10 16:26:57,214|Key.space|release
2021-12-10 16:26:57,317|'p'|press
2021-12-10 16:26:57,452|'p'|release
2021-12-10 16:26:58,010|'i'|press
2021-12-10 16:26:58,120|'i'|release
2021-12-10 16:26:59,372|'q'|press
2021-12-10 16:26:59,510|'q'|release
2021-12-10 16:26:59,535|'u'|press
2021-12-10 16:26:59,659|'u'|release
2021-12-10 16:26:59,698|'e'|press
2021-12-10 16:26:59,818|'e'|release
2021-12-10 16:27:00,697|','|press
2021-12-10 16:27:00,826|','|release
2021-12-10 16:27:00,862|Key.space|press
2021-12-10 16:27:00,964|Key.space|release
2021-12-10 16:27:01,045|Key.shift_r|press
2021-12-10 16:27:01,176|'C'|press
2021-12-10 16:27:01,253|Key.shift_r|release
2021-12-10 16:27:01,356|'c'|release
2021-12-10 16:27:01,359|'l'|press
2021-12-10 16:27:01,443|'l'|release
2021-12-10 16:27:01,514|'o'|press
2021-12-10 16:27:01,628|'o'|release
2021-12-10 16:27:01,976|'x'|press
2021-12-10 16:27:02,158|'x'|release
2021-12-10 16:27:02,553|Key.backspace|press
2021-12-10 16:27:02,649|Key.backspace|release
2021-12-10 16:27:02,764|'w'|press
2021-12-10 16:27:02,880|'n'|press
2021-12-10 16:27:02,914|'w'|release
2021-12-10 16:27:02,994|'n'|release
2021-12-10 16:27:03,386|Key.space|press
2021-12-10 16:27:03,511|Key.space|release
2021-12-10 16:27:03,843|Key.shift|press
2021-12-10 16:27:04,075|'H'|press
2021-12-10 16:27:04,094|Key.shift|release
2021-12-10 16:27:04,184|'h'|release
2021-12-10 16:27:04,362|'a'|press
2021-12-10 16:27:04,472|'r'|press
2021-12-10 16:27:04,500|'a'|release
2021-12-10 16:27:04,581|'r'|release
2021-12-10 16:27:04,594|'y'|press
2021-12-10 16:27:04,719|'y'|release
2021-12-10 16:27:04,996|Key.space|press
2021-12-10 16:27:05,105|Key.space|release
2021-12-10 16:27:05,310|'s'|press
2021-12-10 16:27:05,384|'k'|press
2021-12-10 16:27:05,427|'s'|release
2021-12-10 16:27:05,479|'k'|release
2021-12-10 16:27:05,566|'i'|press
2021-12-10 16:27:05,629|'i'|release
2021-12-10 16:27:05,650|'e'|press
2021-12-10 16:27:05,733|'e'|release
2021-12-10 16:27:05,882|Key.space|press
2021-12-10 16:27:05,996|'d'|press
2021-12-10 16:27:06,007|Key.space|release
2021-12-10 16:27:06,169|'a'|press
2021-12-10 16:27:06,205|'d'|release
2021-12-10 16:27:06,307|'a'|release
2021-12-10 16:27:06,341|'n'|press
2021-12-10 16:27:06,438|'n'|release
2021-12-10 16:27:06,538|'s'|press
2021-12-10 16:27:06,639|'s'|release
2021-12-10 16:27:06,674|Key.space|press
2021-12-10 16:27:06,787|Key.space|release
2021-12-10 16:27:06,858|'l'|press
2021-12-10 16:27:07,009|'l'|release
2021-12-10 16:27:07,738|"'"|press
2021-12-10 16:27:07,842|"'"|release
2021-12-10 16:27:07,908|'o'|press
2021-12-10 16:27:08,076|'o'|release
2021-12-10 16:27:08,281|'m'|press
2021-12-10 16:27:08,446|'m'|release
2021-12-10 16:27:08,545|'b'|press
2021-12-10 16:27:08,667|'r'|press
2021-12-10 16:27:08,669|'b'|release
2021-12-10 16:27:08,765|'e'|press
2021-12-10 16:27:08,833|'r'|release
2021-12-10 16:27:08,895|'e'|release
2021-12-10 16:27:09,356|Key.shift|press
2021-12-10 16:27:09,533|'.'|press
2021-12-10 16:27:09,639|'.'|release
2021-12-10 16:27:09,705|Key.shift|release
2021-12-10 16:27:09,979|Key.enter|press
2021-12-10 16:27:10,083|Key.enter|release
2021-12-10 16:27:10,333|Key.shift|press
2021-12-10 16:27:10,646|'M'|press
2021-12-10 16:27:10,816|'M'|release
2021-12-10 16:27:10,842|Key.shift|release
2021-12-10 16:27:11,009|'o'|press
2021-12-10 16:27:11,134|'o'|release
2021-12-10 16:27:11,181|'n'|press
2021-12-10 16:27:11,288|'n'|release
2021-12-10 16:27:11,330|'s'|press
2021-12-10 16:27:11,464|'i'|press
2021-12-10 16:27:11,465|'s'|release
2021-12-10 16:27:11,568|'i'|release
2021-12-10 16:27:11,608|'e'|press
2021-12-10 16:27:11,712|'e'|release
2021-12-10 16:27:11,747|'u'|press
2021-12-10 16:27:11,831|'u'|release
2021-12-10 16:27:11,858|'r'|press
2021-12-10 16:27:11,946|'r'|release
2021-12-10 16:27:12,312|Key.space|press
2021-12-10 16:27:12,429|Key.space|release
2021-12-10 16:27:12,446|Key.shift|press
2021-12-10 16:27:12,568|'J'|press
2021-12-10 16:27:12,632|Key.shift|release
2021-12-10 16:27:12,692|'j'|release
2021-12-10 16:27:12,810|'a'|press
2021-12-10 16:27:12,935|'a'|release
2021-12-10 16:27:13,024|'c'|press
2021-12-10 16:27:13,196|'k'|press
2021-12-10 16:27:13,199|'c'|release
2021-12-10 16:27:13,296|'k'|release
2021-12-10 16:27:13,462|','|press
2021-12-10 16:27:13,631|','|release
2021-12-10 16:27:13,682|Key.space|press
2021-12-10 16:27:13,794|Key.space|release
2021-12-10 16:27:13,843|'v'|press
2021-12-10 16:27:13,978|'v'|release
2021-12-10 16:27:14,079|'o'|press
2021-12-10 16:27:14,159|'o'|release
2021-12-10 16:27:14,412|'u'|press
2021-12-10 16:27:14,510|'u'|release
2021-12-10 16:27:14,744|'s'|press
2021-12-10 16:27:14,860|'s'|release
2021-12-10 16:27:14,963|Key.space|press
2021-12-10 16:27:15,101|Key.space|release
2021-12-10 16:27:15,193|'d'|press
2021-12-10 16:27:15,346|'a'|press
2021-12-10 16:27:15,367|'d'|release
2021-12-10 16:27:15,476|'a'|release
2021-12-10 16:27:15,526|'c'|press
2021-12-10 16:27:15,659|'c'|release
2021-12-10 16:27:15,762|'t'|press
2021-12-10 16:27:15,862|'t'|release
2021-12-10 16:27:15,887|'y'|press
2021-12-10 16:27:16,012|'y'|release
2021-12-10 16:27:16,109|'l'|press
2021-12-10 16:27:16,273|'l'|release
2021-12-10 16:27:16,331|'o'|press
2021-12-10 16:27:16,416|'g'|press
2021-12-10 16:27:16,490|'o'|release
2021-12-10 16:27:16,503|'g'|release
2021-12-10 16:27:16,585|'r'|press
2021-12-10 16:27:16,680|'a'|press
2021-12-10 16:27:16,745|'r'|release
2021-12-10 16:27:16,781|'a'|release
2021-12-10 16:27:16,806|'p'|press
2021-12-10 16:27:16,922|'p'|release
2021-12-10 16:27:17,023|'h'|press
2021-12-10 16:27:17,150|'h'|release
2021-12-10 16:27:17,337|'o'|press
2021-12-10 16:27:17,476|'o'|release
2021-12-10 16:27:17,885|Key.backspace|press
2021-12-10 16:27:17,981|Key.backspace|release
2021-12-10 16:27:18,103|'i'|press
2021-12-10 16:27:18,204|'i'|release
2021-12-10 16:27:18,328|'e'|press
2021-12-10 16:27:18,443|'e'|release
2021-12-10 16:27:18,641|'z'|press
2021-12-10 16:27:18,728|'z'|release
2021-12-10 16:27:19,623|Key.space|press
2021-12-10 16:27:19,713|Key.space|release
2021-12-10 16:27:19,794|'b'|press
2021-12-10 16:27:19,903|'b'|release
2021-12-10 16:27:19,958|'i'|press
2021-12-10 16:27:20,063|'e'|press
2021-12-10 16:27:20,075|'i'|release
2021-12-10 16:27:20,166|'n'|press
2021-12-10 16:27:20,170|'e'|release
2021-12-10 16:27:20,266|'n'|release
2021-12-10 16:27:20,278|Key.space|press
2021-12-10 16:27:20,394|Key.space|release
2021-12-10 16:27:20,556|'m'|press
2021-12-10 16:27:20,715|'m'|release
2021-12-10 16:27:20,994|'u'|press
2021-12-10 16:27:21,114|'u'|release
2021-12-10 16:27:21,225|'e'|press
2021-12-10 16:27:21,325|'e'|release
2021-12-10 16:27:21,397|'y'|press
2021-12-10 16:27:21,531|'y'|release
2021-12-10 16:27:21,716|Key.backspace|press
2021-12-10 16:27:21,808|Key.backspace|release
2021-12-10 16:27:21,877|Key.backspace|press
2021-12-10 16:27:21,955|Key.backspace|release
2021-12-10 16:27:21,988|Key.backspace|press
2021-12-10 16:27:22,067|Key.backspace|release
2021-12-10 16:27:22,194|'i'|press
2021-12-10 16:27:22,286|'i'|release
2021-12-10 16:27:22,291|'e'|press
2021-12-10 16:27:22,360|'e'|release
2021-12-10 16:27:22,398|'u'|press
2021-12-10 16:27:22,481|'u'|release
2021-12-10 16:27:22,550|'x'|press
2021-12-10 16:27:22,632|'x'|release
2021-12-10 16:27:23,061|Key.space|press
2021-12-10 16:27:23,160|Key.space|release
2021-12-10 16:27:23,644|'q'|press
2021-12-10 16:27:23,766|'q'|release
2021-12-10 16:27:23,801|'u'|press
2021-12-10 16:27:23,927|'u'|release
2021-12-10 16:27:24,359|'e'|press
2021-12-10 16:27:24,456|'e'|release
2021-12-10 16:27:24,534|Key.space|press
2021-12-10 16:27:24,637|Key.space|release
2021-12-10 16:27:24,731|Key.shift_r|press
2021-12-10 16:27:25,143|'W'|press
2021-12-10 16:27:25,240|Key.shift_r|release
2021-12-10 16:27:25,282|'w'|release
2021-12-10 16:27:25,346|'o'|press
2021-12-10 16:27:25,452|'o'|release
2021-12-10 16:27:25,515|'l'|press
2021-12-10 16:27:25,624|'l'|release
2021-12-10 16:27:25,654|'f'|press
2021-12-10 16:27:25,744|'f'|release
2021-12-10 16:27:26,010|Key.shift|press
2021-12-10 16:27:26,108|'.'|press
2021-12-10 16:27:26,206|'.'|release
2021-12-10 16:27:26,246|Key.shift|release
2021-12-10 16:27:26,411|Key.enter|press
2021-12-10 16:27:26,532|Key.enter|release
2021-12-10 16:27:27,028|Key.shift|press
2021-12-10 16:27:27,109|'H'|press
2021-12-10 16:27:27,202|'H'|release
2021-12-10 16:27:27,205|Key.shift|release
2021-12-10 16:27:27,258|'i'|press
2021-12-10 16:27:27,346|'i'|release
2021-12-10 16:27:27,368|'e'|press
2021-12-10 16:27:27,461|'r'|press
2021-12-10 16:27:27,512|'e'|release
2021-12-10 16:27:27,562|'r'|release
2021-12-10 16:27:27,954|','|press
2021-12-10 16:27:28,057|','|release
2021-12-10 16:27:28,145|Key.space|press
2021-12-10 16:27:28,266|Key.space|release
2021-12-10 16:27:28,655|'a'|press
2021-12-10 16:27:28,754|'u'|press
2021-12-10 16:27:28,774|'a'|release
2021-12-10 16:27:28,904|'u'|release
2021-12-10 16:27:28,963|Key.space|press
2021-12-10 16:27:29,061|Key.space|release
2021-12-10 16:27:29,481|'z'|press
2021-12-10 16:27:29,578|'z'|release
2021-12-10 16:27:29,589|'o'|press
2021-12-10 16:27:29,672|'o'|release
2021-12-10 16:27:29,736|'o'|press
2021-12-10 16:27:29,836|'o'|release
2021-12-10 16:27:30,379|','|press
2021-12-10 16:27:30,540|','|release
2021-12-10 16:27:30,625|Key.space|press
2021-12-10 16:27:30,742|Key.space|release
2021-12-10 16:27:30,929|'j'|press
2021-12-10 16:27:31,058|'j'|release
2021-12-10 16:27:31,528|"'"|press
2021-12-10 16:27:31,650|"'"|release
2021-12-10 16:27:31,900|'a'|press
2021-12-10 16:27:32,013|'a'|release
2021-12-10 16:27:32,047|'i'|press
2021-12-10 16:27:32,156|'i'|release
2021-12-10 16:27:32,497|Key.space|press
2021-12-10 16:27:32,649|Key.space|release
2021-12-10 16:27:32,945|'v'|press
2021-12-10 16:27:33,026|'u'|press
2021-12-10 16:27:33,072|'v'|release
2021-12-10 16:27:33,154|'u'|release
2021-12-10 16:27:33,201|Key.space|press
2021-12-10 16:27:33,326|Key.space|release
2021-12-10 16:27:33,398|'d'|press
2021-12-10 16:27:33,537|'d'|release
2021-12-10 16:27:33,541|'i'|press
2021-12-10 16:27:33,656|'i'|release
2021-12-10 16:27:33,807|'x'|press
2021-12-10 16:27:33,972|'x'|release
2021-12-10 16:27:34,475|Key.space|press
2021-12-10 16:27:34,583|Key.space|release
2021-12-10 16:27:35,007|'g'|press
2021-12-10 16:27:35,129|'g'|release
2021-12-10 16:27:35,160|'u'|press
2021-12-10 16:27:35,298|'u'|release
2021-12-10 16:27:35,740|'é'|press
2021-12-10 16:27:35,848|'p'|press
2021-12-10 16:27:35,856|'é'|release
2021-12-10 16:27:36,012|'p'|release
2021-12-10 16:27:36,044|'a'|press
2021-12-10 16:27:36,158|'r'|press
2021-12-10 16:27:36,205|'a'|release
2021-12-10 16:27:36,297|'r'|release
2021-12-10 16:27:36,388|'d'|press
2021-12-10 16:27:36,494|'s'|press
2021-12-10 16:27:36,599|'d'|release
2021-12-10 16:27:36,628|'s'|release
2021-12-10 16:27:36,798|','|press
2021-12-10 16:27:36,961|','|release
2021-12-10 16:27:37,029|Key.space|press
2021-12-10 16:27:37,164|Key.space|release
2021-12-10 16:27:37,323|'c'|press
2021-12-10 16:27:37,473|'c'|release
2021-12-10 16:27:37,602|'o'|press
2021-12-10 16:27:37,800|'o'|release
2021-12-10 16:27:37,836|'n'|press
2021-12-10 16:27:37,961|'n'|release
2021-12-10 16:27:38,121|'q'|press
2021-12-10 16:27:38,253|'q'|release
2021-12-10 16:27:38,403|Key.backspace|press
2021-12-10 16:27:38,489|Key.backspace|release
2021-12-10 16:27:38,557|Key.backspace|press
2021-12-10 16:27:38,621|Key.backspace|release
2021-12-10 16:27:38,680|Key.backspace|press
2021-12-10 16:27:38,761|Key.backspace|release
2021-12-10 16:27:38,907|'i'|press
2021-12-10 16:27:39,040|'i'|release
2021-12-10 16:27:39,128|'n'|press
2021-12-10 16:27:39,207|'n'|release
2021-12-10 16:27:39,297|'q'|press
2021-12-10 16:27:39,420|'q'|release
2021-12-10 16:27:39,797|Key.space|press
2021-12-10 16:27:39,903|Key.space|release
2021-12-10 16:27:40,818|'z'|press
2021-12-10 16:27:40,899|'z'|release
2021-12-10 16:27:41,143|'é'|press
2021-12-10 16:27:41,283|'é'|release
2021-12-10 16:27:41,302|'b'|press
2021-12-10 16:27:41,425|'b'|release
2021-12-10 16:27:41,454|'u'|press
2021-12-10 16:27:41,558|'u'|release
2021-12-10 16:27:41,583|'s'|press
2021-12-10 16:27:41,698|'s'|release
2021-12-10 16:27:41,894|','|press
2021-12-10 16:27:42,049|','|release
2021-12-10 16:27:42,294|Key.space|press
2021-12-10 16:27:42,403|Key.space|release
2021-12-10 16:27:42,516|'u'|press
2021-12-10 16:27:42,657|'u'|release
2021-12-10 16:27:42,690|'n'|press
2021-12-10 16:27:42,799|'n'|release
2021-12-10 16:27:42,832|Key.space|press
2021-12-10 16:27:42,912|Key.space|release
2021-12-10 16:27:43,021|'y'|press
2021-12-10 16:27:43,142|'y'|release
2021-12-10 16:27:43,212|'a'|press
2021-12-10 16:27:43,339|'a'|release
2021-12-10 16:27:43,351|'k'|press
2021-12-10 16:27:43,487|'k'|release
2021-12-10 16:27:43,613|Key.space|press
2021-12-10 16:27:43,710|Key.space|release
2021-12-10 16:27:43,826|'e'|press
2021-12-10 16:27:43,970|'e'|release
2021-12-10 16:27:44,004|'t'|press
2021-12-10 16:27:44,098|'t'|release
2021-12-10 16:27:44,122|Key.space|press
2021-12-10 16:27:44,229|Key.space|release
2021-12-10 16:27:44,293|'l'|press
2021-12-10 16:27:44,429|'l'|release
2021-12-10 16:27:44,564|'e'|press
2021-12-10 16:27:44,680|'e'|release
2021-12-10 16:27:44,726|Key.space|press
2021-12-10 16:27:44,831|Key.space|release
2021-12-10 16:27:45,824|'w'|press
2021-12-10 16:27:45,952|'w'|release
2021-12-10 16:27:46,042|'a'|press
2021-12-10 16:27:46,160|'p'|press
2021-12-10 16:27:46,172|'a'|release
2021-12-10 16:27:46,313|'p'|release
2021-12-10 16:27:47,011|'i'|press
2021-12-10 16:27:47,145|'i'|release
2021-12-10 16:27:47,211|'t'|press
2021-12-10 16:27:47,302|'i'|press
2021-12-10 16:27:47,337|'t'|release
2021-12-10 16:27:47,453|'i'|release
2021-12-10 16:27:47,768|Key.space|press
2021-12-10 16:27:47,889|Key.space|release
2021-12-10 16:27:47,934|'f'|press
2021-12-10 16:27:48,018|'u'|press
2021-12-10 16:27:48,099|'f'|release
2021-12-10 16:27:48,144|'u'|release
2021-12-10 16:27:48,252|'m'|press
2021-12-10 16:27:48,420|'e'|press
2021-12-10 16:27:48,435|'m'|release
2021-12-10 16:27:48,464|'r'|press
2021-12-10 16:27:48,539|'e'|release
2021-12-10 16:27:48,623|'r'|release
2021-12-10 16:27:48,950|Key.shift|press
2021-12-10 16:27:49,186|'.'|press
2021-12-10 16:27:49,284|'.'|release
2021-12-10 16:27:49,384|Key.shift|release
2021-12-10 16:27:49,836|Key.enter|press
2021-12-10 16:27:49,922|Key.enter|release
2021-12-10 16:27:50,477|Key.shift|press
2021-12-10 16:27:50,618|'Y'|press
2021-12-10 16:27:50,715|Key.shift|release
2021-12-10 16:27:50,744|'y'|release
2021-12-10 16:27:50,873|'v'|press
2021-12-10 16:27:50,987|'v'|release
2021-12-10 16:27:51,063|'e'|press
2021-12-10 16:27:51,186|'s'|press
2021-12-10 16:27:51,245|'e'|release
2021-12-10 16:27:51,306|'s'|release
2021-12-10 16:27:51,923|Key.space|press
2021-12-10 16:27:51,986|Key.space|release
2021-12-10 16:27:52,426|'f'|press
2021-12-10 16:27:52,529|'f'|release
2021-12-10 16:27:52,542|'u'|press
2021-12-10 16:27:52,662|'u'|release
2021-12-10 16:27:52,718|'g'|press
2021-12-10 16:27:52,793|'u'|press
2021-12-10 16:27:52,827|'g'|release
2021-12-10 16:27:52,878|'u'|release
2021-12-10 16:27:52,939|'e'|press
2021-12-10 16:27:53,034|'e'|release
2021-12-10 16:27:53,234|Key.space|press
2021-12-10 16:27:53,362|Key.space|release
2021-12-10 16:27:53,476|'e'|press
2021-12-10 16:27:53,563|'n'|press
2021-12-10 16:27:53,576|'e'|release
2021-12-10 16:27:53,703|'n'|release
2021-12-10 16:27:53,757|Key.space|press
2021-12-10 16:27:53,892|Key.space|release
2021-12-10 16:27:54,348|Key.shift_r|press
2021-12-10 16:27:54,387|'B'|press
2021-12-10 16:27:54,505|'B'|release
2021-12-10 16:27:55,043|'M'|press
2021-12-10 16:27:55,198|'X'|press
2021-12-10 16:27:55,202|'M'|release
2021-12-10 16:27:55,294|'X'|release
2021-12-10 16:27:55,567|Key.shift_r|release
2021-12-10 16:27:55,947|Key.space|press
2021-12-10 16:27:56,047|Key.space|release
2021-12-10 16:27:56,237|'c'|press
2021-12-10 16:27:56,342|'h'|press
2021-12-10 16:27:56,377|'c'|release
2021-12-10 16:27:56,446|'h'|release
2021-12-10 16:27:56,505|'e'|press
2021-12-10 16:27:56,689|'e'|release
2021-12-10 16:27:56,750|'z'|press
2021-12-10 16:27:56,869|'z'|release
2021-12-10 16:27:57,017|Key.space|press
2021-12-10 16:27:57,118|Key.space|release
2021-12-10 16:27:57,204|Key.shift_r|press
2021-12-10 16:27:57,695|Key.shift_r|press
2021-12-10 16:27:57,723|Key.shift_r|press
2021-12-10 16:27:57,752|Key.shift_r|press
2021-12-10 16:27:57,769|'W'|press
2021-12-10 16:27:57,882|'W'|release
2021-12-10 16:27:57,889|Key.shift_r|release
2021-12-10 16:27:57,979|'i'|press
2021-12-10 16:27:58,119|'i'|release
2021-12-10 16:27:58,227|'l'|press
2021-12-10 16:27:58,308|'l'|release
2021-12-10 16:27:58,364|'l'|press
2021-12-10 16:27:58,467|'l'|release
2021-12-10 16:27:58,779|';'|press
2021-12-10 16:27:58,911|';'|release
2021-12-10 16:27:58,961|Key.space|press
2021-12-10 16:27:59,102|Key.space|release
2021-12-10 16:27:59,771|'q'|press
2021-12-10 16:27:59,877|'q'|release
2021-12-10 16:27:59,880|'u'|press
2021-12-10 16:28:00,015|'i'|press
2021-12-10 16:28:00,042|'u'|release
2021-12-10 16:28:00,139|'i'|release
2021-12-10 16:28:00,356|Key.space|press
2021-12-10 16:28:00,458|Key.space|release
2021-12-10 16:28:00,939|'e'|press
2021-12-10 16:28:01,063|'s'|press
2021-12-10 16:28:01,178|'e'|release
2021-12-10 16:28:01,205|'t'|press
2021-12-10 16:28:01,227|'s'|release
2021-12-10 16:28:01,319|'t'|release
2021-12-10 16:28:01,359|Key.space|press
2021-12-10 16:28:01,468|Key.space|release
2021-12-10 16:28:01,506|'p'|press
2021-12-10 16:28:01,635|'r'|press
2021-12-10 16:28:01,678|'p'|release
2021-12-10 16:28:01,778|'r'|release
2021-12-10 16:28:02,746|'è'|press
2021-12-10 16:28:02,851|'è'|release
2021-12-10 16:28:02,949|'s'|press
2021-12-10 16:28:03,033|'s'|release
2021-12-10 16:28:03,180|Key.space|press
2021-12-10 16:28:03,260|Key.space|release
2021-12-10 16:28:04,627|'d'|press
2021-12-10 16:28:04,695|'u'|press
2021-12-10 16:28:04,733|'d'|release
2021-12-10 16:28:04,810|'u'|release
2021-12-10 16:28:04,853|Key.space|press
2021-12-10 16:28:04,962|Key.space|release
2021-12-10 16:28:05,125|Key.shift|press
2021-12-10 16:28:05,244|'K'|press
2021-12-10 16:28:05,329|'K'|release
2021-12-10 16:28:05,364|Key.shift|release
2021-12-10 16:28:05,398|'i'|press
2021-12-10 16:28:05,483|'i'|release
2021-12-10 16:28:05,556|'l'|press
2021-12-10 16:28:05,649|'l'|release
2021-12-10 16:28:05,709|'i'|press
2021-12-10 16:28:05,797|'i'|release
2021-12-10 16:28:06,228|'m'|press
2021-12-10 16:28:06,363|'m'|release
2021-12-10 16:28:06,699|'a'|press
2021-12-10 16:28:06,834|'a'|release
2021-12-10 16:28:06,844|'n'|press
2021-12-10 16:28:06,950|'n'|release
2021-12-10 16:28:07,027|'d'|press
2021-12-10 16:28:07,118|'j'|press
2021-12-10 16:28:07,121|'d'|release
2021-12-10 16:28:07,209|'j'|release
2021-12-10 16:28:07,279|'o'|press
2021-12-10 16:28:07,351|'o'|release
2021-12-10 16:28:08,296|Key.backspace|press
2021-12-10 16:28:08,419|Key.backspace|release
2021-12-10 16:28:10,297|'a'|press
2021-12-10 16:28:10,369|'r'|press
2021-12-10 16:28:10,443|'a'|release
2021-12-10 16:28:10,483|'r'|release
2021-12-10 16:28:10,894|'o'|press
2021-12-10 16:28:10,969|'o'|release
2021-12-10 16:28:12,008|Key.shift|press
2021-12-10 16:28:12,162|'.'|press
2021-12-10 16:28:12,202|'.'|release
2021-12-10 16:28:12,263|Key.shift|release
2021-12-10 16:28:12,445|Key.enter|press
2021-12-10 16:28:12,560|Key.enter|release
2021-12-10 16:28:12,915|Key.shift|press
2021-12-10 16:28:13,045|'J'|press
2021-12-10 16:28:13,126|'J'|release
2021-12-10 16:28:13,130|Key.shift|release
2021-12-10 16:28:13,590|"'"|press
2021-12-10 16:28:13,716|"'"|release
2021-12-10 16:28:13,816|'a'|press
2021-12-10 16:28:13,915|'i'|press
2021-12-10 16:28:13,940|'a'|release
2021-12-10 16:28:14,042|'i'|release
2021-12-10 16:28:14,125|'m'|press
2021-12-10 16:28:14,263|'m'|release
2021-12-10 16:28:14,277|'e'|press
2021-12-10 16:28:14,360|'e'|release
2021-12-10 16:28:14,618|Key.space|press
2021-12-10 16:28:14,716|Key.space|release
2021-12-10 16:28:14,903|'l'|press
2021-12-10 16:28:15,049|'l'|release
2021-12-10 16:28:15,440|"'"|press
2021-12-10 16:28:15,511|"'"|release
2021-12-10 16:28:15,710|'i'|press
2021-12-10 16:28:15,788|'i'|release
2021-12-10 16:28:16,972|'d'|press
2021-12-10 16:28:17,074|'d'|release
2021-12-10 16:28:17,524|'é'|press
2021-12-10 16:28:17,613|'é'|release
2021-12-10 16:28:17,863|'e'|press
2021-12-10 16:28:17,934|'e'|release
2021-12-10 16:28:18,023|'e'|press
2021-12-10 16:28:18,082|'e'|release
2021-12-10 16:28:18,489|Key.backspace|press
2021-12-10 16:28:18,556|Key.backspace|release
2021-12-10 16:28:18,890|Key.space|press
2021-12-10 16:28:18,996|Key.space|release
2021-12-10 16:28:19,509|'a'|press
2021-12-10 16:28:19,644|'a'|release
2021-12-10 16:28:19,921|Key.backspace|press
2021-12-10 16:28:20,022|Key.backspace|release
2021-12-10 16:28:20,092|'q'|press
2021-12-10 16:28:20,194|'u'|press
2021-12-10 16:28:20,198|'q'|release
2021-12-10 16:28:20,274|'u'|release
2021-12-10 16:28:20,318|'e'|press
2021-12-10 16:28:20,414|'e'|release
2021-12-10 16:28:20,426|Key.space|press
2021-12-10 16:28:20,532|Key.space|release
2021-12-10 16:28:20,575|'l'|press
2021-12-10 16:28:20,670|'e'|press
2021-12-10 16:28:20,700|'l'|release
2021-12-10 16:28:20,775|Key.space|press
2021-12-10 16:28:20,783|'e'|release
2021-12-10 16:28:20,843|Key.space|release
2021-12-10 16:28:20,856|'p'|press
2021-12-10 16:28:20,998|'p'|release
2021-12-10 16:28:21,074|'l'|press
2021-12-10 16:28:21,202|'l'|release
2021-12-10 16:28:21,226|'u'|press
2021-12-10 16:28:21,344|'u'|release
2021-12-10 16:28:21,360|'s'|press
2021-12-10 16:28:21,434|Key.space|press
2021-12-10 16:28:21,482|'s'|release
2021-12-10 16:28:21,532|'g'|press
2021-12-10 16:28:21,553|Key.space|release
2021-12-10 16:28:21,616|'g'|release
2021-12-10 16:28:21,692|'r'|press
2021-12-10 16:28:21,771|'q'|press
2021-12-10 16:28:21,849|'r'|release
2021-12-10 16:28:21,874|'n'|press
2021-12-10 16:28:21,897|'q'|release
2021-12-10 16:28:21,971|'d'|press
2021-12-10 16:28:21,973|'n'|release
2021-12-10 16:28:22,071|Key.space|press
2021-12-10 16:28:22,080|'d'|release
2021-12-10 16:28:22,196|Key.space|release
2021-12-10 16:28:22,199|'d'|press
2021-12-10 16:28:22,306|'d'|release
2021-12-10 16:28:22,413|'e'|press
2021-12-10 16:28:22,455|'s'|press
2021-12-10 16:28:22,503|'e'|release
2021-12-10 16:28:22,594|'s'|release
2021-12-10 16:28:22,665|Key.space|press
2021-12-10 16:28:22,776|Key.space|release
2021-12-10 16:28:22,836|Key.shift_r|press
2021-12-10 16:28:22,955|'S'|press
2021-12-10 16:28:23,035|'S'|release
2021-12-10 16:28:23,076|Key.shift_r|release
2021-12-10 16:28:23,091|'e'|press
2021-12-10 16:28:23,215|'e'|release
2021-12-10 16:28:23,320|'x'|press
2021-12-10 16:28:23,481|'x'|release
2021-12-10 16:28:23,923|'-'|press
2021-12-10 16:28:24,090|'-'|release
2021-12-10 16:28:24,282|'s'|press
2021-12-10 16:28:24,421|'s'|release
2021-12-10 16:28:24,618|'y'|press
2021-12-10 16:28:24,748|'y'|release
2021-12-10 16:28:24,973|'m'|press
2021-12-10 16:28:25,117|'m'|release
2021-12-10 16:28:25,422|','|press
2021-12-10 16:28:25,508|','|release
2021-12-10 16:28:25,998|Key.backspace|press
2021-12-10 16:28:26,112|Key.backspace|release
2021-12-10 16:28:26,181|'b'|press
2021-12-10 16:28:26,278|'b'|release
2021-12-10 16:28:26,292|'o'|press
2021-12-10 16:28:26,410|'o'|release
2021-12-10 16:28:26,496|'l'|press
2021-12-10 16:28:26,625|'l'|release
2021-12-10 16:28:26,704|'s'|press
2021-12-10 16:28:26,817|'s'|release
2021-12-10 16:28:26,986|Key.space|press
2021-12-10 16:28:27,109|Key.space|release
2021-12-10 16:28:27,387|'n'|press
2021-12-10 16:28:27,543|'n'|release
2021-12-10 16:28:27,932|'e'|press
2021-12-10 16:28:28,089|'e'|release
2021-12-10 16:28:28,272|'w'|press
2021-12-10 16:28:28,465|'w'|release
2021-12-10 16:28:28,857|'-'|press
2021-12-10 16:28:29,002|'-'|release
2021-12-10 16:28:29,149|'y'|press
2021-12-10 16:28:29,280|'y'|release
2021-12-10 16:28:29,303|'o'|press
2021-12-10 16:28:29,442|'o'|release
2021-12-10 16:28:29,455|'r'|press
2021-12-10 16:28:29,585|'k'|press
2021-12-10 16:28:29,589|'r'|release
2021-12-10 16:28:29,699|'k'|release
2021-12-10 16:28:29,868|'a'|press
2021-12-10 16:28:30,032|'a'|release
2021-12-10 16:28:30,146|'i'|press
2021-12-10 16:28:30,269|'i'|release
2021-12-10 16:28:30,405|'s'|press
2021-12-10 16:28:30,506|'s'|release
2021-12-10 16:28:30,669|Key.space|press
2021-12-10 16:28:30,795|Key.space|release
2021-12-10 16:28:30,911|'n'|press
2021-12-10 16:28:31,040|'n'|release
2021-12-10 16:28:31,491|"'"|press
2021-12-10 16:28:31,613|"'"|release
2021-12-10 16:28:32,616|'é'|press
2021-12-10 16:28:32,725|'é'|release
2021-12-10 16:28:32,829|'t'|press
2021-12-10 16:28:32,947|'t'|release
2021-12-10 16:28:33,042|'a'|press
2021-12-10 16:28:33,163|'a'|release
2021-12-10 16:28:33,221|'i'|press
2021-12-10 16:28:33,350|'i'|release
2021-12-10 16:28:33,353|'t'|press
2021-12-10 16:28:33,471|'t'|release
2021-12-10 16:28:33,523|Key.space|press
2021-12-10 16:28:33,645|Key.space|release
2021-12-10 16:28:34,243|'q'|press
2021-12-10 16:28:34,358|'u'|press
2021-12-10 16:28:34,377|'q'|release
2021-12-10 16:28:34,496|'u'|release
2021-12-10 16:28:35,048|"'"|press
2021-12-10 16:28:35,174|"'"|release
2021-12-10 16:28:35,206|'u'|press
2021-12-10 16:28:35,341|'u'|release
2021-12-10 16:28:35,415|'n'|press
2021-12-10 16:28:35,536|'n'|release
2021-12-10 16:28:35,585|Key.space|press
2021-12-10 16:28:35,674|Key.space|release
2021-12-10 16:28:35,702|'c'|press
2021-12-10 16:28:35,782|'h'|press
2021-12-10 16:28:35,854|'c'|release
2021-12-10 16:28:35,897|'h'|release
2021-12-10 16:28:35,915|'i'|press
2021-12-10 16:28:36,012|'e'|press
2021-12-10 16:28:36,021|'i'|release
2021-12-10 16:28:36,117|'e'|release
2021-12-10 16:28:36,125|'n'|press
2021-12-10 16:28:36,216|'n'|release
2021-12-10 16:28:36,263|Key.space|press
2021-12-10 16:28:36,385|Key.space|release
2021-12-10 16:28:36,394|'d'|press
2021-12-10 16:28:36,562|'d'|release
2021-12-10 16:28:36,598|'a'|press
2021-12-10 16:28:36,723|'a'|release
2021-12-10 16:28:36,772|'n'|press
2021-12-10 16:28:36,897|'n'|release
2021-12-10 16:28:36,909|'s'|press
2021-12-10 16:28:37,014|Key.space|press
2021-12-10 16:28:37,016|'s'|release
2021-12-10 16:28:37,139|Key.space|release
2021-12-10 16:28:37,232|'u'|press
2021-12-10 16:28:37,358|'u'|release
2021-12-10 16:28:37,424|'n'|press
2021-12-10 16:28:37,525|'n'|release
2021-12-10 16:28:37,529|Key.space|press
2021-12-10 16:28:37,650|Key.space|release
2021-12-10 16:28:37,696|'f'|press
2021-12-10 16:28:37,755|'o'|press
2021-12-10 16:28:37,826|'f'|release
2021-12-10 16:28:37,891|'o'|release
2021-12-10 16:28:38,216|'y'|press
2021-12-10 16:28:38,369|'y'|release
2021-12-10 16:28:38,387|'e'|press
2021-12-10 16:28:38,460|'r'|press
2021-12-10 16:28:38,535|'e'|release
2021-12-10 16:28:38,620|'r'|release
2021-12-10 16:28:38,687|Key.space|press
2021-12-10 16:28:38,808|Key.space|release
2021-12-10 16:28:38,817|'d'|press
2021-12-10 16:28:38,927|'d'|release
2021-12-10 16:28:39,003|'e'|press
2021-12-10 16:28:39,117|'e'|release
2021-12-10 16:28:39,131|Key.space|press
2021-12-10 16:28:39,249|Key.space|release
2021-12-10 16:28:39,368|Key.shift_r|press
2021-12-10 16:28:39,502|'B'|press
2021-12-10 16:28:39,569|'B'|release
2021-12-10 16:28:39,645|Key.shift_r|release
2021-12-10 16:28:39,682|'r'|press
2021-12-10 16:28:39,791|'a'|press
2021-12-10 16:28:39,885|'r'|release
2021-12-10 16:28:39,916|'a'|release
2021-12-10 16:28:40,085|'z'|press
2021-12-10 16:28:40,137|'z'|release
2021-12-10 16:28:40,230|'z'|press
2021-12-10 16:28:40,328|'z'|release
2021-12-10 16:28:40,415|'a'|press
2021-12-10 16:28:40,519|'a'|release
2021-12-10 16:28:40,614|'v'|press
2021-12-10 16:28:40,718|'i'|press
2021-12-10 16:28:40,737|'v'|release
2021-12-10 16:28:40,799|'i'|release
2021-12-10 16:28:40,893|'l'|press
2021-12-10 16:28:40,987|'l'|release
2021-12-10 16:28:41,050|'l'|press
2021-12-10 16:28:41,157|'l'|release
2021-12-10 16:28:41,171|'e'|press
2021-12-10 16:28:41,246|'e'|release
2021-12-10 16:28:41,968|Key.shift|press
2021-12-10 16:28:42,082|'.'|press
2021-12-10 16:28:42,174|'.'|release
2021-12-10 16:28:42,204|Key.shift|release
