2021-11-24 20:04:15,419|Key.enter|release
2021-11-24 20:04:16,452|Key.shift_r|press
2021-11-24 20:04:16,581|'P'|press
2021-11-24 20:04:16,644|Key.shift_r|release
2021-11-24 20:04:16,709|'p'|release
2021-11-24 20:04:16,784|'o'|press
2021-11-24 20:04:16,880|'o'|release
2021-11-24 20:04:16,899|'r'|press
2021-11-24 20:04:16,994|'t'|press
2021-11-24 20:04:17,043|'r'|release
2021-11-24 20:04:17,108|'t'|release
2021-11-24 20:04:17,305|'e'|press
2021-11-24 20:04:17,395|'z'|press
2021-11-24 20:04:17,455|'e'|release
2021-11-24 20:04:17,517|'z'|release
2021-11-24 20:04:17,538|Key.space|press
2021-11-24 20:04:17,602|'c'|press
2021-11-24 20:04:17,635|Key.space|release
2021-11-24 20:04:17,695|'e'|press
2021-11-24 20:04:17,742|'c'|release
2021-11-24 20:04:17,764|Key.space|press
2021-11-24 20:04:17,809|'e'|release
2021-11-24 20:04:17,874|Key.space|release
2021-11-24 20:04:19,040|'v'|press
2021-11-24 20:04:19,146|'v'|release
2021-11-24 20:04:19,153|'i'|press
2021-11-24 20:04:19,246|'i'|release
2021-11-24 20:04:19,386|'e'|press
2021-11-24 20:04:19,493|'e'|release
2021-11-24 20:04:19,854|'u'|press
2021-11-24 20:04:19,948|'u'|release
2021-11-24 20:04:19,999|'x'|press
2021-11-24 20:04:20,113|'x'|release
2021-11-24 20:04:20,181|Key.space|press
2021-11-24 20:04:20,281|Key.space|release
2021-11-24 20:04:20,536|'w'|press
2021-11-24 20:04:20,653|'w'|release
2021-11-24 20:04:20,810|'h'|press
2021-11-24 20:04:20,909|'h'|release
2021-11-24 20:04:21,110|'i'|press
2021-11-24 20:04:21,196|'i'|release
2021-11-24 20:04:21,397|'s'|press
2021-11-24 20:04:21,497|'s'|release
2021-11-24 20:04:21,509|'k'|press
2021-11-24 20:04:21,599|'k'|release
2021-11-24 20:04:21,709|'y'|press
2021-11-24 20:04:21,794|'y'|release
2021-11-24 20:04:22,697|Key.space|press
2021-11-24 20:04:22,810|Key.space|release
2021-11-24 20:04:22,905|'a'|press
2021-11-24 20:04:22,983|'u'|press
2021-11-24 20:04:23,014|'a'|release
2021-11-24 20:04:23,082|'u'|release
2021-11-24 20:04:23,144|Key.space|press
2021-11-24 20:04:23,250|Key.space|release
2021-11-24 20:04:23,306|'j'|press
2021-11-24 20:04:23,405|'j'|release
2021-11-24 20:04:23,471|'u'|press
2021-11-24 20:04:23,553|'u'|release
2021-11-24 20:04:23,663|'g'|press
2021-11-24 20:04:23,755|'g'|release
2021-11-24 20:04:23,799|'e'|press
2021-11-24 20:04:23,899|'e'|release
2021-11-24 20:04:23,904|Key.space|press
2021-11-24 20:04:24,002|Key.space|release
2021-11-24 20:04:24,102|'b'|press
2021-11-24 20:04:24,194|'b'|release
2021-11-24 20:04:24,288|'l'|press
2021-11-24 20:04:24,380|'l'|release
2021-11-24 20:04:24,464|'o'|press
2021-11-24 20:04:24,554|'n'|press
2021-11-24 20:04:24,583|'o'|release
2021-11-24 20:04:24,672|'n'|release
2021-11-24 20:04:24,785|'d'|press
2021-11-24 20:04:24,893|'d'|release
2021-11-24 20:04:25,262|Key.space|press
2021-11-24 20:04:25,362|Key.space|release
2021-11-24 20:04:25,468|'q'|press
2021-11-24 20:04:25,594|'u'|press
2021-11-24 20:04:25,603|'q'|release
2021-11-24 20:04:25,658|'i'|press
2021-11-24 20:04:25,722|'u'|release
2021-11-24 20:04:25,727|Key.space|press
2021-11-24 20:04:25,792|'i'|release
2021-11-24 20:04:25,841|Key.space|release
2021-11-24 20:04:25,946|'f'|press
2021-11-24 20:04:26,040|'u'|press
2021-11-24 20:04:26,061|'f'|release
2021-11-24 20:04:26,140|'u'|release
2021-11-24 20:04:26,243|'m'|press
2021-11-24 20:04:26,328|'m'|release
2021-11-24 20:04:26,411|'e'|press
2021-11-24 20:04:26,516|'e'|release
2021-11-24 20:04:26,573|Key.shift_r|press
2021-11-24 20:04:26,661|'.'|press
2021-11-24 20:04:26,725|Key.shift_r|release
2021-11-24 20:04:26,781|';'|release
2021-11-24 20:04:26,873|Key.enter|press
2021-11-24 20:04:26,958|Key.enter|release
2021-11-24 20:04:27,767|Key.shift_r|press
2021-11-24 20:04:27,966|'J'|press
2021-11-24 20:04:28,050|Key.shift_r|release
2021-11-24 20:04:28,093|'j'|release
2021-11-24 20:04:28,254|'o'|press
2021-11-24 20:04:28,331|'o'|release
2021-11-24 20:04:28,649|'y'|press
2021-11-24 20:04:28,744|'y'|release
2021-11-24 20:04:28,749|'e'|press
2021-11-24 20:04:28,840|'e'|release
2021-11-24 20:04:28,884|'u'|press
2021-11-24 20:04:28,983|'u'|release
2021-11-24 20:04:29,010|'x'|press
2021-11-24 20:04:29,106|'x'|release
2021-11-24 20:04:29,728|','|press
2021-11-24 20:04:29,784|Key.space|press
2021-11-24 20:04:29,839|','|release
2021-11-24 20:04:29,903|Key.space|release
2021-11-24 20:04:29,957|'i'|press
2021-11-24 20:04:30,065|'i'|release
2021-11-24 20:04:30,234|'v'|press
2021-11-24 20:04:30,326|'v'|release
2021-11-24 20:04:30,353|'r'|press
2021-11-24 20:04:30,429|'e'|press
2021-11-24 20:04:30,500|'r'|release
2021-11-24 20:04:30,552|'e'|release
2021-11-24 20:04:30,664|','|press
2021-11-24 20:04:30,720|Key.space|press
2021-11-24 20:04:30,766|','|release
2021-11-24 20:04:30,824|Key.space|release
2021-11-24 20:04:31,884|'f'|press
2021-11-24 20:04:31,984|'f'|release
2021-11-24 20:04:32,018|'a'|press
2021-11-24 20:04:32,124|'a'|release
2021-11-24 20:04:32,167|'t'|press
2021-11-24 20:04:32,272|'t'|release
2021-11-24 20:04:32,383|'i'|press
2021-11-24 20:04:32,483|'i'|release
2021-11-24 20:04:32,511|'g'|press
2021-11-24 20:04:32,616|'g'|release
2021-11-24 20:04:32,631|'u'|press
2021-11-24 20:04:32,720|'u'|release
2021-11-24 20:04:32,844|'é'|press
2021-11-24 20:04:32,948|'é'|release
2021-11-24 20:04:33,719|','|press
2021-11-24 20:04:33,779|Key.space|press
2021-11-24 20:04:33,838|','|release
2021-11-24 20:04:33,895|Key.space|release
2021-11-24 20:04:34,200|'l'|press
2021-11-24 20:04:34,302|'l'|release
2021-11-24 20:04:34,320|'e'|press
2021-11-24 20:04:34,426|'e'|release
2021-11-24 20:04:34,450|Key.space|press
2021-11-24 20:04:34,551|Key.space|release
2021-11-24 20:04:34,669|'n'|press
2021-11-24 20:04:34,755|'n'|release
2021-11-24 20:04:34,954|'e'|press
2021-11-24 20:04:35,048|'e'|release
2021-11-24 20:04:35,662|'z'|press
2021-11-24 20:04:35,763|'z'|release
2021-11-24 20:04:35,831|Key.space|press
2021-11-24 20:04:35,922|'q'|press
2021-11-24 20:04:35,932|Key.space|release
2021-11-24 20:04:36,019|'u'|press
2021-11-24 20:04:36,040|'q'|release
2021-11-24 20:04:36,087|'i'|press
2021-11-24 20:04:36,143|Key.space|press
2021-11-24 20:04:36,152|'u'|release
2021-11-24 20:04:36,216|'i'|release
2021-11-24 20:04:36,275|Key.space|release
2021-11-24 20:04:36,322|'p'|press
2021-11-24 20:04:36,393|'l'|press
2021-11-24 20:04:36,438|'p'|release
2021-11-24 20:04:36,524|'l'|release
2021-11-24 20:04:37,708|Key.backspace|press
2021-11-24 20:04:37,785|Key.backspace|release
2021-11-24 20:04:37,824|Key.backspace|press
2021-11-24 20:04:37,909|Key.backspace|release
2021-11-24 20:04:38,316|'p'|press
2021-11-24 20:04:38,395|'p'|release
2021-11-24 20:04:38,481|'i'|press
2021-11-24 20:04:38,579|'i'|release
2021-11-24 20:04:38,592|'q'|press
2021-11-24 20:04:38,681|'u'|press
2021-11-24 20:04:38,703|'q'|release
2021-11-24 20:04:38,763|'u'|release
2021-11-24 20:04:38,779|'e'|press
2021-11-24 20:04:38,891|'e'|release
2021-11-24 20:04:39,779|','|press
2021-11-24 20:04:39,842|Key.space|press
2021-11-24 20:04:39,898|','|release
2021-11-24 20:04:39,954|Key.space|release
2021-11-24 20:04:40,035|Key.shift_r|press
2021-11-24 20:04:40,154|'C'|press
2021-11-24 20:04:40,210|Key.shift_r|release
2021-11-24 20:04:40,271|'c'|release
2021-11-24 20:04:40,365|'l'|press
2021-11-24 20:04:40,474|'l'|release
2021-11-24 20:04:40,542|'o'|press
2021-11-24 20:04:40,625|'o'|release
2021-11-24 20:04:40,803|'w'|press
2021-11-24 20:04:40,915|'w'|release
2021-11-24 20:04:40,928|'n'|press
2021-11-24 20:04:41,029|'n'|release
2021-11-24 20:04:41,111|Key.space|press
2021-11-24 20:04:41,211|Key.space|release
2021-11-24 20:04:41,254|Key.shift_r|press
2021-11-24 20:04:41,403|'H'|press
2021-11-24 20:04:41,472|Key.shift_r|release
2021-11-24 20:04:41,502|'h'|release
2021-11-24 20:04:41,622|'a'|press
2021-11-24 20:04:41,723|'a'|release
2021-11-24 20:04:41,829|'r'|press
2021-11-24 20:04:41,933|'r'|release
2021-11-24 20:04:41,973|'y'|press
2021-11-24 20:04:42,066|'y'|release
2021-11-24 20:04:42,712|Key.space|press
2021-11-24 20:04:42,808|Key.space|release
2021-11-24 20:04:42,901|'s'|press
2021-11-24 20:04:43,015|'k'|press
2021-11-24 20:04:43,025|'s'|release
2021-11-24 20:04:43,096|'k'|release
2021-11-24 20:04:43,171|'i'|press
2021-11-24 20:04:43,257|'i'|release
2021-11-24 20:04:43,360|'e'|press
2021-11-24 20:04:43,460|'e'|release
2021-11-24 20:04:43,843|Key.space|press
2021-11-24 20:04:43,933|Key.space|release
2021-11-24 20:04:43,969|'d'|press
2021-11-24 20:04:44,029|'a'|press
2021-11-24 20:04:44,083|'d'|release
2021-11-24 20:04:44,157|'a'|release
2021-11-24 20:04:44,209|'n'|press
2021-11-24 20:04:44,304|'n'|release
2021-11-24 20:04:44,310|'s'|press
2021-11-24 20:04:44,400|Key.space|press
2021-11-24 20:04:44,417|'s'|release
2021-11-24 20:04:44,499|Key.space|release
2021-11-24 20:04:44,560|'l'|press
2021-11-24 20:04:44,655|'l'|release
2021-11-24 20:04:44,764|"'"|press
2021-11-24 20:04:44,866|"'"|release
2021-11-24 20:04:44,923|'o'|press
2021-11-24 20:04:45,030|'o'|release
2021-11-24 20:04:45,063|'m'|press
2021-11-24 20:04:45,149|'m'|release
2021-11-24 20:04:45,293|'b'|press
2021-11-24 20:04:45,379|'b'|release
2021-11-24 20:04:45,411|'r'|press
2021-11-24 20:04:45,497|'e'|press
2021-11-24 20:04:45,560|'r'|release
2021-11-24 20:04:45,623|'e'|release
2021-11-24 20:04:46,350|Key.shift_r|press
2021-11-24 20:04:46,427|'.'|press
2021-11-24 20:04:46,505|Key.shift_r|release
2021-11-24 20:04:46,559|';'|release
2021-11-24 20:04:46,686|Key.enter|press
2021-11-24 20:04:46,788|Key.enter|release
2021-11-24 20:04:47,455|Key.shift_r|press
2021-11-24 20:04:47,529|'M'|press
2021-11-24 20:04:47,672|'M'|release
2021-11-24 20:04:47,722|Key.shift_r|release
2021-11-24 20:04:47,954|'o'|press
2021-11-24 20:04:48,019|'n'|press
2021-11-24 20:04:48,072|'o'|release
2021-11-24 20:04:48,145|'n'|release
2021-11-24 20:04:48,181|'s'|press
2021-11-24 20:04:48,251|'i'|press
2021-11-24 20:04:48,284|'s'|release
2021-11-24 20:04:48,352|'i'|release
2021-11-24 20:04:48,374|'e'|press
2021-11-24 20:04:48,445|'u'|press
2021-11-24 20:04:48,467|'e'|release
2021-11-24 20:04:48,527|'u'|release
2021-11-24 20:04:48,567|'r'|press
2021-11-24 20:04:48,673|'r'|release
2021-11-24 20:04:49,235|Key.space|press
2021-11-24 20:04:49,348|Key.space|release
2021-11-24 20:04:49,435|Key.shift_r|press
2021-11-24 20:04:49,581|'J'|press
2021-11-24 20:04:49,667|Key.shift_r|release
2021-11-24 20:04:49,717|'j'|release
2021-11-24 20:04:49,980|'a'|press
2021-11-24 20:04:50,090|'a'|release
2021-11-24 20:04:50,618|'c'|press
2021-11-24 20:04:50,733|'c'|release
2021-11-24 20:04:50,999|'k'|press
2021-11-24 20:04:51,085|'k'|release
2021-11-24 20:04:51,270|','|press
2021-11-24 20:04:51,338|Key.space|press
2021-11-24 20:04:51,387|','|release
2021-11-24 20:04:51,446|Key.space|release
2021-11-24 20:04:51,662|'v'|press
2021-11-24 20:04:51,755|'o'|press
2021-11-24 20:04:51,765|'v'|release
2021-11-24 20:04:51,812|'u'|press
2021-11-24 20:04:51,873|'o'|release
2021-11-24 20:04:51,946|'u'|release
2021-11-24 20:04:51,954|'s'|press
2021-11-24 20:04:52,063|'s'|release
2021-11-24 20:04:52,069|Key.space|press
2021-11-24 20:04:52,158|Key.space|release
2021-11-24 20:04:52,163|'d'|press
2021-11-24 20:04:52,243|'a'|press
2021-11-24 20:04:52,273|'d'|release
2021-11-24 20:04:52,364|'a'|release
2021-11-24 20:04:52,374|'c'|press
2021-11-24 20:04:52,483|'c'|release
2021-11-24 20:04:52,566|'t'|press
2021-11-24 20:04:52,673|'t'|release
2021-11-24 20:04:52,692|'y'|press
2021-11-24 20:04:52,788|'y'|release
2021-11-24 20:04:52,883|'l'|press
2021-11-24 20:04:52,988|'l'|release
2021-11-24 20:04:53,060|'o'|press
2021-11-24 20:04:53,150|'o'|release
2021-11-24 20:04:53,273|'g'|press
2021-11-24 20:04:53,392|'g'|release
2021-11-24 20:04:53,428|'r'|press
2021-11-24 20:04:53,528|'r'|release
2021-11-24 20:04:53,582|'a'|press
2021-11-24 20:04:53,676|'p'|press
2021-11-24 20:04:53,704|'a'|release
2021-11-24 20:04:53,763|'p'|release
2021-11-24 20:04:53,855|'h'|press
2021-11-24 20:04:53,956|'h'|release
2021-11-24 20:04:53,984|'i'|press
2021-11-24 20:04:54,070|'i'|release
2021-11-24 20:04:54,075|'e'|press
2021-11-24 20:04:54,160|'z'|press
2021-11-24 20:04:54,237|'e'|release
2021-11-24 20:04:54,298|'z'|release
2021-11-24 20:04:54,961|Key.space|press
2021-11-24 20:04:55,066|Key.space|release
2021-11-24 20:04:55,352|'b'|press
2021-11-24 20:04:55,444|'b'|release
2021-11-24 20:04:55,511|'i'|press
2021-11-24 20:04:55,594|'i'|release
2021-11-24 20:04:55,624|'e'|press
2021-11-24 20:04:55,691|'n'|press
2021-11-24 20:04:55,724|'e'|release
2021-11-24 20:04:55,808|'n'|release
2021-11-24 20:04:55,816|Key.space|press
2021-11-24 20:04:55,982|'m'|press
2021-11-24 20:04:55,991|Key.space|release
2021-11-24 20:04:56,127|'m'|release
2021-11-24 20:04:56,181|'i'|press
2021-11-24 20:04:56,303|'i'|release
2021-11-24 20:04:56,315|'e'|press
2021-11-24 20:04:56,411|'e'|release
2021-11-24 20:04:56,431|'u'|press
2021-11-24 20:04:56,526|'u'|release
2021-11-24 20:04:56,554|'x'|press
2021-11-24 20:04:56,662|'x'|release
2021-11-24 20:04:57,098|Key.space|press
2021-11-24 20:04:57,211|Key.space|release
2021-11-24 20:04:57,227|'q'|press
2021-11-24 20:04:57,324|'u'|press
2021-11-24 20:04:57,349|'q'|release
2021-11-24 20:04:57,424|'u'|release
2021-11-24 20:04:57,438|'e'|press
2021-11-24 20:04:57,502|Key.space|press
2021-11-24 20:04:57,544|'e'|release
2021-11-24 20:04:57,615|Key.space|release
2021-11-24 20:04:57,646|Key.shift_r|press
2021-11-24 20:04:57,785|'W'|press
2021-11-24 20:04:57,832|Key.shift_r|release
2021-11-24 20:04:57,898|'w'|release
2021-11-24 20:04:57,931|'o'|press
2021-11-24 20:04:58,015|'l'|press
2021-11-24 20:04:58,083|'o'|release
2021-11-24 20:04:58,155|'l'|release
2021-11-24 20:04:58,524|'f'|press
2021-11-24 20:04:58,632|'f'|release
2021-11-24 20:04:58,678|Key.shift_r|press
2021-11-24 20:04:58,757|'.'|press
2021-11-24 20:04:58,810|Key.shift_r|release
2021-11-24 20:04:58,878|';'|release
2021-11-24 20:04:58,937|Key.enter|press
2021-11-24 20:04:59,022|Key.enter|release
2021-11-24 20:04:59,649|Key.shift_r|press
2021-11-24 20:05:00,148|'H'|press
2021-11-24 20:05:00,257|Key.shift_r|release
2021-11-24 20:05:00,288|'h'|release
2021-11-24 20:05:00,459|'i'|press
2021-11-24 20:05:00,550|'i'|release
2021-11-24 20:05:00,559|'e'|press
2021-11-24 20:05:00,653|'r'|press
2021-11-24 20:05:00,712|'e'|release
2021-11-24 20:05:00,782|'r'|release
2021-11-24 20:05:01,577|','|press
2021-11-24 20:05:01,636|Key.space|press
2021-11-24 20:05:01,688|','|release
2021-11-24 20:05:01,762|Key.space|release
2021-11-24 20:05:01,854|'a'|press
2021-11-24 20:05:01,961|'u'|press
2021-11-24 20:05:01,980|'a'|release
2021-11-24 20:05:02,064|'u'|release
2021-11-24 20:05:02,097|Key.space|press
2021-11-24 20:05:02,220|Key.space|release
2021-11-24 20:05:02,306|'z'|press
2021-11-24 20:05:02,391|'o'|press
2021-11-24 20:05:02,404|'z'|release
2021-11-24 20:05:02,486|'o'|release
2021-11-24 20:05:02,522|'o'|press
2021-11-24 20:05:02,618|'o'|release
2021-11-24 20:05:02,772|','|press
2021-11-24 20:05:02,809|Key.space|press
2021-11-24 20:05:02,855|','|release
2021-11-24 20:05:02,903|Key.space|release
2021-11-24 20:05:03,739|'j'|press
2021-11-24 20:05:03,834|'j'|release
2021-11-24 20:05:03,906|"'"|press
2021-11-24 20:05:04,007|"'"|release
2021-11-24 20:05:04,076|'a'|press
2021-11-24 20:05:04,156|'i'|press
2021-11-24 20:05:04,196|'a'|release
2021-11-24 20:05:04,266|Key.space|press
2021-11-24 20:05:04,275|'i'|release
2021-11-24 20:05:04,382|Key.space|release
2021-11-24 20:05:04,436|'v'|press
2021-11-24 20:05:04,547|'v'|release
2021-11-24 20:05:04,551|'u'|press
2021-11-24 20:05:04,653|'u'|release
2021-11-24 20:05:04,901|Key.space|press
2021-11-24 20:05:05,003|Key.space|release
2021-11-24 20:05:05,115|'d'|press
2021-11-24 20:05:05,220|'d'|release
2021-11-24 20:05:05,345|'i'|press
2021-11-24 20:05:05,439|'i'|release
2021-11-24 20:05:05,552|'x'|press
2021-11-24 20:05:05,651|'x'|release
2021-11-24 20:05:05,743|Key.space|press
2021-11-24 20:05:05,845|Key.space|release
2021-11-24 20:05:07,059|'g'|press
2021-11-24 20:05:07,162|'g'|release
2021-11-24 20:05:07,288|'u'|press
2021-11-24 20:05:07,374|'u'|release
2021-11-24 20:05:07,645|'é'|press
2021-11-24 20:05:07,749|'é'|release
2021-11-24 20:05:07,811|'p'|press
2021-11-24 20:05:07,893|'p'|release
2021-11-24 20:05:07,909|'a'|press
2021-11-24 20:05:08,053|'r'|press
2021-11-24 20:05:08,060|'a'|release
2021-11-24 20:05:08,165|'r'|release
2021-11-24 20:05:08,266|'d'|press
2021-11-24 20:05:08,349|'s'|press
2021-11-24 20:05:08,433|'d'|release
2021-11-24 20:05:08,502|'s'|release
2021-11-24 20:05:08,514|','|press
2021-11-24 20:05:08,557|Key.space|press
2021-11-24 20:05:08,602|','|release
2021-11-24 20:05:08,658|Key.space|release
2021-11-24 20:05:09,404|'c'|press
2021-11-24 20:05:09,517|'c'|release
2021-11-24 20:05:09,535|'i'|press
2021-11-24 20:05:09,618|'n'|press
2021-11-24 20:05:09,696|'i'|release
2021-11-24 20:05:09,752|'n'|release
2021-11-24 20:05:09,857|'q'|press
2021-11-24 20:05:09,969|'q'|release
2021-11-24 20:05:09,985|Key.space|press
2021-11-24 20:05:10,096|Key.space|release
2021-11-24 20:05:10,294|'z'|press
2021-11-24 20:05:10,385|'z'|release
2021-11-24 20:05:10,748|'é'|press
2021-11-24 20:05:10,846|'é'|release
2021-11-24 20:05:11,086|'b'|press
2021-11-24 20:05:11,177|'b'|release
2021-11-24 20:05:11,217|'u'|press
2021-11-24 20:05:11,309|'u'|release
2021-11-24 20:05:11,405|'s'|press
2021-11-24 20:05:11,507|'s'|release
2021-11-24 20:05:11,566|Key.space|press
2021-11-24 20:05:11,675|Key.space|release
2021-11-24 20:05:11,806|'e'|press
2021-11-24 20:05:11,924|'e'|release
2021-11-24 20:05:11,988|'t'|press
2021-11-24 20:05:12,098|'t'|release
2021-11-24 20:05:12,114|Key.space|press
2021-11-24 20:05:12,218|Key.space|release
2021-11-24 20:05:13,580|Key.backspace|press
2021-11-24 20:05:13,669|Key.backspace|release
2021-11-24 20:05:13,912|','|press
2021-11-24 20:05:13,961|Key.space|press
2021-11-24 20:05:14,025|','|release
2021-11-24 20:05:14,081|Key.space|release
2021-11-24 20:05:14,158|'u'|press
2021-11-24 20:05:14,217|'n'|press
2021-11-24 20:05:14,272|'u'|release
2021-11-24 20:05:14,344|'n'|release
2021-11-24 20:05:14,386|Key.space|press
2021-11-24 20:05:14,506|Key.space|release
2021-11-24 20:05:14,738|'y'|press
2021-11-24 20:05:14,816|'y'|release
2021-11-24 20:05:14,897|'a'|press
2021-11-24 20:05:15,017|'a'|release
2021-11-24 20:05:15,405|'k'|press
2021-11-24 20:05:15,500|'k'|release
2021-11-24 20:05:15,970|Key.space|press
2021-11-24 20:05:16,055|Key.space|release
2021-11-24 20:05:16,096|'e'|press
2021-11-24 20:05:16,185|'t'|press
2021-11-24 20:05:16,232|'e'|release
2021-11-24 20:05:16,311|'t'|release
2021-11-24 20:05:16,322|Key.space|press
2021-11-24 20:05:16,424|Key.space|release
2021-11-24 20:05:17,015|'l'|press
2021-11-24 20:05:17,115|'l'|release
2021-11-24 20:05:17,155|'e'|press
2021-11-24 20:05:17,249|Key.space|press
2021-11-24 20:05:17,259|'e'|release
2021-11-24 20:05:17,354|Key.space|release
2021-11-24 20:05:17,516|'w'|press
2021-11-24 20:05:17,619|'w'|release
2021-11-24 20:05:17,735|'a'|press
2021-11-24 20:05:17,830|'a'|release
2021-11-24 20:05:17,950|'p'|press
2021-11-24 20:05:18,037|'p'|release
2021-11-24 20:05:18,132|'i'|press
2021-11-24 20:05:18,222|'i'|release
2021-11-24 20:05:18,316|'t'|press
2021-11-24 20:05:18,424|'t'|release
2021-11-24 20:05:18,434|'i'|press
2021-11-24 20:05:18,522|'i'|release
2021-11-24 20:05:18,889|Key.space|press
2021-11-24 20:05:18,987|Key.space|release
2021-11-24 20:05:19,180|'f'|press
2021-11-24 20:05:19,296|'f'|release
2021-11-24 20:05:19,303|'u'|press
2021-11-24 20:05:19,393|'u'|release
2021-11-24 20:05:19,504|'m'|press
2021-11-24 20:05:19,601|'m'|release
2021-11-24 20:05:19,644|'e'|press
2021-11-24 20:05:19,716|'r'|press
2021-11-24 20:05:19,766|'e'|release
2021-11-24 20:05:19,854|'r'|release
2021-11-24 20:05:19,904|Key.shift_r|press
2021-11-24 20:05:19,974|'.'|press
2021-11-24 20:05:20,054|Key.shift_r|release
2021-11-24 20:05:20,104|';'|release
2021-11-24 20:05:20,193|Key.enter|press
2021-11-24 20:05:20,282|Key.enter|release
2021-11-24 20:05:20,914|Key.shift_r|press
2021-11-24 20:05:21,080|'Y'|press
2021-11-24 20:05:21,164|Key.shift_r|release
2021-11-24 20:05:21,184|'y'|release
2021-11-24 20:05:21,429|'v'|press
2021-11-24 20:05:21,526|'v'|release
2021-11-24 20:05:21,552|'e'|press
2021-11-24 20:05:21,655|'e'|release
2021-11-24 20:05:21,735|'s'|press
2021-11-24 20:05:21,836|'s'|release
2021-11-24 20:05:21,912|Key.space|press
2021-11-24 20:05:21,997|Key.space|release
2021-11-24 20:05:22,459|Key.backspace|press
2021-11-24 20:05:22,544|Key.backspace|release
2021-11-24 20:05:22,981|Key.space|press
2021-11-24 20:05:23,087|Key.space|release
2021-11-24 20:05:23,537|'f'|press
2021-11-24 20:05:23,636|'u'|press
2021-11-24 20:05:23,644|'f'|release
2021-11-24 20:05:23,709|'u'|release
2021-11-24 20:05:23,724|'g'|press
2021-11-24 20:05:23,828|'g'|release
2021-11-24 20:05:23,834|'u'|press
2021-11-24 20:05:23,914|'u'|release
2021-11-24 20:05:23,941|'e'|press
2021-11-24 20:05:24,043|'e'|release
2021-11-24 20:05:24,672|Key.space|press
2021-11-24 20:05:24,782|Key.space|release
2021-11-24 20:05:25,030|'e'|press
2021-11-24 20:05:25,114|'n'|press
2021-11-24 20:05:25,131|'e'|release
2021-11-24 20:05:25,185|Key.space|press
2021-11-24 20:05:25,239|'n'|release
2021-11-24 20:05:25,304|Key.space|release
2021-11-24 20:05:25,435|Key.shift_r|press
2021-11-24 20:05:25,578|'B'|press
2021-11-24 20:05:25,675|'B'|release
2021-11-24 20:05:25,884|'M'|press
2021-11-24 20:05:26,008|'M'|release
2021-11-24 20:05:26,422|'X'|press
2021-11-24 20:05:26,533|'X'|release
2021-11-24 20:05:26,581|Key.shift_r|release
2021-11-24 20:05:27,068|Key.space|press
2021-11-24 20:05:27,175|Key.space|release
2021-11-24 20:05:27,231|'c'|press
2021-11-24 20:05:27,343|'c'|release
2021-11-24 20:05:27,367|'h'|press
2021-11-24 20:05:27,457|'h'|release
2021-11-24 20:05:27,510|'e'|press
2021-11-24 20:05:27,583|'z'|press
2021-11-24 20:05:27,647|'e'|release
2021-11-24 20:05:27,666|Key.space|press
2021-11-24 20:05:27,696|'z'|release
2021-11-24 20:05:27,772|Key.space|release
2021-11-24 20:05:27,802|Key.shift_r|press
2021-11-24 20:05:27,911|'W'|press
2021-11-24 20:05:27,973|Key.shift_r|release
2021-11-24 20:05:28,021|'w'|release
2021-11-24 20:05:28,112|'i'|press
2021-11-24 20:05:28,212|'i'|release
2021-11-24 20:05:28,306|'l'|press
2021-11-24 20:05:28,373|'l'|release
2021-11-24 20:05:28,436|'l'|press
2021-11-24 20:05:28,512|'l'|release
2021-11-24 20:05:29,103|','|press
2021-11-24 20:05:29,239|Key.space|press
2021-11-24 20:05:29,278|','|release
2021-11-24 20:05:29,381|Key.space|release
2021-11-24 20:05:29,448|'q'|press
2021-11-24 20:05:29,545|'u'|press
2021-11-24 20:05:29,572|'q'|release
2021-11-24 20:05:29,611|'i'|press
2021-11-24 20:05:29,672|'u'|release
2021-11-24 20:05:29,694|Key.space|press
2021-11-24 20:05:29,755|'i'|release
2021-11-24 20:05:29,823|Key.space|release
2021-11-24 20:05:29,859|'e'|press
2021-11-24 20:05:29,956|'e'|release
2021-11-24 20:05:30,044|'s'|press
2021-11-24 20:05:30,148|'s'|release
2021-11-24 20:05:30,170|'t'|press
2021-11-24 20:05:30,243|Key.space|press
2021-11-24 20:05:30,292|'t'|release
2021-11-24 20:05:30,368|Key.space|release
2021-11-24 20:05:30,937|'p'|press
2021-11-24 20:05:31,033|'p'|release
2021-11-24 20:05:31,105|'r'|press
2021-11-24 20:05:31,206|'r'|release
2021-11-24 20:05:31,508|'è'|press
2021-11-24 20:05:31,602|'è'|release
2021-11-24 20:05:31,638|'s'|press
2021-11-24 20:05:31,742|'s'|release
2021-11-24 20:05:31,763|Key.space|press
2021-11-24 20:05:31,866|Key.space|release
2021-11-24 20:05:31,890|'d'|press
2021-11-24 20:05:31,987|'u'|press
2021-11-24 20:05:32,007|'d'|release
2021-11-24 20:05:32,063|Key.space|press
2021-11-24 20:05:32,094|'u'|release
2021-11-24 20:05:32,167|Key.space|release
2021-11-24 20:05:32,243|Key.shift_r|press
2021-11-24 20:05:32,343|'K'|press
2021-11-24 20:05:32,418|Key.shift_r|release
2021-11-24 20:05:32,475|'k'|release
2021-11-24 20:05:32,553|'i'|press
2021-11-24 20:05:32,643|'i'|release
2021-11-24 20:05:32,729|'l'|press
2021-11-24 20:05:32,826|'l'|release
2021-11-24 20:05:32,897|'i'|press
2021-11-24 20:05:32,990|'i'|release
2021-11-24 20:05:33,071|'m'|press
2021-11-24 20:05:33,156|'m'|release
2021-11-24 20:05:33,218|'a'|press
2021-11-24 20:05:33,312|'n'|press
2021-11-24 20:05:33,321|'a'|release
2021-11-24 20:05:33,404|'n'|release
2021-11-24 20:05:33,493|'d'|press
2021-11-24 20:05:33,607|'d'|release
2021-11-24 20:05:33,817|'j'|press
2021-11-24 20:05:33,914|'j'|release
2021-11-24 20:05:33,918|'a'|press
2021-11-24 20:05:34,023|'a'|release
2021-11-24 20:05:34,125|'r'|press
2021-11-24 20:05:34,230|'o'|press
2021-11-24 20:05:34,239|'r'|release
2021-11-24 20:05:34,315|'o'|release
2021-11-24 20:05:34,889|Key.shift_r|press
2021-11-24 20:05:34,955|'.'|press
2021-11-24 20:05:35,019|Key.shift_r|release
2021-11-24 20:05:35,077|';'|release
2021-11-24 20:05:35,200|Key.enter|press
2021-11-24 20:05:35,292|Key.enter|release
2021-11-24 20:05:35,866|Key.shift_r|press
2021-11-24 20:05:36,088|'J'|press
2021-11-24 20:05:36,198|Key.shift_r|release
2021-11-24 20:05:36,218|'j'|release
2021-11-24 20:05:36,242|"'"|press
2021-11-24 20:05:36,333|"'"|release
2021-11-24 20:05:36,389|'a'|press
2021-11-24 20:05:36,477|'i'|press
2021-11-24 20:05:36,514|'a'|release
2021-11-24 20:05:36,555|'i'|release
2021-11-24 20:05:36,685|'m'|press
2021-11-24 20:05:36,773|'m'|release
2021-11-24 20:05:36,825|'e'|press
2021-11-24 20:05:36,924|'e'|release
2021-11-24 20:05:36,935|Key.space|press
2021-11-24 20:05:37,039|Key.space|release
2021-11-24 20:05:37,135|'l'|press
2021-11-24 20:05:37,232|'l'|release
2021-11-24 20:05:37,425|"'"|press
2021-11-24 20:05:37,520|"'"|release
2021-11-24 20:05:37,686|'i'|press
2021-11-24 20:05:37,760|'d'|press
2021-11-24 20:05:37,777|'i'|release
2021-11-24 20:05:37,883|'d'|release
2021-11-24 20:05:37,899|'é'|press
2021-11-24 20:05:37,963|'e'|press
2021-11-24 20:05:38,007|'é'|release
2021-11-24 20:05:38,090|'e'|release
2021-11-24 20:05:38,095|Key.space|press
2021-11-24 20:05:38,172|Key.space|release
2021-11-24 20:05:38,513|'q'|press
2021-11-24 20:05:38,636|'q'|release
2021-11-24 20:05:38,641|'u'|press
2021-11-24 20:05:38,725|'e'|press
2021-11-24 20:05:38,732|'u'|release
2021-11-24 20:05:38,778|Key.space|press
2021-11-24 20:05:38,825|'e'|release
2021-11-24 20:05:38,886|Key.space|release
2021-11-24 20:05:38,933|'l'|press
2021-11-24 20:05:39,053|'l'|release
2021-11-24 20:05:39,064|'e'|press
2021-11-24 20:05:39,129|Key.space|press
2021-11-24 20:05:39,165|'e'|release
2021-11-24 20:05:39,232|Key.space|release
2021-11-24 20:05:39,265|'p'|press
2021-11-24 20:05:39,343|'l'|press
2021-11-24 20:05:39,402|'p'|release
2021-11-24 20:05:39,467|'l'|release
2021-11-24 20:05:39,556|'u'|press
2021-11-24 20:05:39,648|'u'|release
2021-11-24 20:05:39,687|'s'|press
2021-11-24 20:05:39,802|'s'|release
2021-11-24 20:05:39,807|Key.space|press
2021-11-24 20:05:39,912|Key.space|release
2021-11-24 20:05:39,965|'g'|press
2021-11-24 20:05:40,046|'r'|press
2021-11-24 20:05:40,093|'g'|release
2021-11-24 20:05:40,164|'r'|release
2021-11-24 20:05:40,225|'a'|press
2021-11-24 20:05:40,337|'a'|release
2021-11-24 20:05:40,343|'n'|press
2021-11-24 20:05:40,433|'n'|release
2021-11-24 20:05:40,443|'d'|press
2021-11-24 20:05:40,547|Key.space|press
2021-11-24 20:05:40,561|'d'|release
2021-11-24 20:05:40,650|Key.space|release
2021-11-24 20:05:40,664|'d'|press
2021-11-24 20:05:40,744|'e'|press
2021-11-24 20:05:40,795|'d'|release
2021-11-24 20:05:40,864|'e'|release
2021-11-24 20:05:40,949|'s'|press
2021-11-24 20:05:41,013|Key.space|press
2021-11-24 20:05:41,049|'s'|release
2021-11-24 20:05:41,114|Key.space|release
2021-11-24 20:05:41,161|Key.shift_r|press
2021-11-24 20:05:41,245|'S'|press
2021-11-24 20:05:41,361|'S'|release
2021-11-24 20:05:41,369|Key.shift_r|release
2021-11-24 20:05:41,437|'e'|press
2021-11-24 20:05:41,530|'e'|release
2021-11-24 20:05:41,656|'x'|press
2021-11-24 20:05:41,754|'x'|release
2021-11-24 20:05:41,972|'-'|press
2021-11-24 20:05:42,053|'-'|release
2021-11-24 20:05:42,218|'s'|press
2021-11-24 20:05:42,321|'s'|release
2021-11-24 20:05:42,414|'y'|press
2021-11-24 20:05:42,498|'y'|release
2021-11-24 20:05:43,010|'m'|press
2021-11-24 20:05:43,102|'m'|release
2021-11-24 20:05:43,274|'b'|press
2021-11-24 20:05:43,372|'b'|release
2021-11-24 20:05:43,386|'o'|press
2021-11-24 20:05:43,426|'l'|press
2021-11-24 20:05:43,482|'o'|release
2021-11-24 20:05:43,554|'l'|release
2021-11-24 20:05:43,683|'s'|press
2021-11-24 20:05:43,794|'s'|release
2021-11-24 20:05:44,094|Key.space|press
2021-11-24 20:05:44,190|Key.space|release
2021-11-24 20:05:44,245|'n'|press
2021-11-24 20:05:44,332|'n'|release
2021-11-24 20:05:44,343|'e'|press
2021-11-24 20:05:44,438|'e'|release
2021-11-24 20:05:44,579|'w'|press
2021-11-24 20:05:44,688|'w'|release
2021-11-24 20:05:44,934|'_'|press
2021-11-24 20:05:45,034|'_'|release
2021-11-24 20:05:45,775|'y'|press
2021-11-24 20:05:45,870|'y'|release
2021-11-24 20:05:46,082|'r'|press
2021-11-24 20:05:46,194|'r'|release
2021-11-24 20:05:46,226|'k'|press
2021-11-24 20:05:46,298|'a'|press
2021-11-24 20:05:46,324|'k'|release
2021-11-24 20:05:46,384|'i'|press
2021-11-24 20:05:46,394|'a'|release
2021-11-24 20:05:46,478|'i'|release
2021-11-24 20:05:46,507|'s'|press
2021-11-24 20:05:46,619|'s'|release
2021-11-24 20:05:47,273|Key.space|press
2021-11-24 20:05:47,369|Key.space|release
2021-11-24 20:05:47,439|'n'|press
2021-11-24 20:05:47,521|"'"|press
2021-11-24 20:05:47,528|'n'|release
2021-11-24 20:05:47,620|"'"|release
2021-11-24 20:05:47,674|'a'|press
2021-11-24 20:05:47,783|'a'|release
2021-11-24 20:05:47,866|'t'|press
2021-11-24 20:05:47,972|'t'|release
2021-11-24 20:05:48,014|'i'|press
2021-11-24 20:05:48,103|'i'|release
2021-11-24 20:05:48,970|'t'|press
2021-11-24 20:05:49,080|'t'|release
2021-11-24 20:05:49,234|Key.space|press
2021-11-24 20:05:49,348|Key.space|release
2021-11-24 20:05:49,409|'q'|press
2021-11-24 20:05:49,529|'q'|release
2021-11-24 20:05:49,656|'u'|press
2021-11-24 20:05:49,757|'u'|release
2021-11-24 20:05:50,365|"'"|press
2021-11-24 20:05:50,404|'u'|press
2021-11-24 20:05:50,461|"'"|release
2021-11-24 20:05:50,472|'n'|press
2021-11-24 20:05:50,520|'u'|release
2021-11-24 20:05:50,571|'n'|release
2021-11-24 20:05:50,841|Key.space|press
2021-11-24 20:05:50,956|Key.space|release
2021-11-24 20:05:50,974|'c'|press
2021-11-24 20:05:51,049|'h'|press
2021-11-24 20:05:51,085|'c'|release
2021-11-24 20:05:51,154|'h'|release
2021-11-24 20:05:51,184|'i'|press
2021-11-24 20:05:51,268|'i'|release
2021-11-24 20:05:51,296|'e'|press
2021-11-24 20:05:51,394|'n'|press
2021-11-24 20:05:51,413|'e'|release
2021-11-24 20:05:51,497|'n'|release
2021-11-24 20:05:51,861|Key.space|press
2021-11-24 20:05:51,938|'d'|press
2021-11-24 20:05:51,957|Key.space|release
2021-11-24 20:05:52,003|'a'|press
2021-11-24 20:05:52,045|'d'|release
2021-11-24 20:05:52,121|'a'|release
2021-11-24 20:05:52,127|'n'|press
2021-11-24 20:05:52,199|'s'|press
2021-11-24 20:05:52,226|'n'|release
2021-11-24 20:05:52,274|Key.space|press
2021-11-24 20:05:52,308|'s'|release
2021-11-24 20:05:52,385|Key.space|release
2021-11-24 20:05:52,420|'u'|press
2021-11-24 20:05:52,484|'n'|press
2021-11-24 20:05:52,550|'u'|release
2021-11-24 20:05:52,606|'n'|release
2021-11-24 20:05:52,646|Key.space|press
2021-11-24 20:05:52,761|Key.space|release
2021-11-24 20:05:53,239|'f'|press
2021-11-24 20:05:53,351|'f'|release
2021-11-24 20:05:53,363|'o'|press
2021-11-24 20:05:53,457|'o'|release
2021-11-24 20:05:53,918|'y'|press
2021-11-24 20:05:54,008|'y'|release
2021-11-24 20:05:54,023|'e'|press
2021-11-24 20:05:54,092|'r'|press
2021-11-24 20:05:54,151|'e'|release
2021-11-24 20:05:54,222|'r'|release
2021-11-24 20:05:54,265|Key.space|press
2021-11-24 20:05:54,370|Key.space|release
2021-11-24 20:05:54,424|'d'|press
2021-11-24 20:05:54,500|'e'|press
2021-11-24 20:05:54,563|'d'|release
2021-11-24 20:05:54,578|Key.space|press
2021-11-24 20:05:54,624|'e'|release
2021-11-24 20:05:54,681|Key.space|release
2021-11-24 20:05:54,724|Key.shift_r|press
2021-11-24 20:05:54,866|'B'|press
2021-11-24 20:05:54,934|Key.shift_r|release
2021-11-24 20:05:54,961|'b'|release
2021-11-24 20:05:55,095|'r'|press
2021-11-24 20:05:55,208|'a'|press
2021-11-24 20:05:55,218|'r'|release
2021-11-24 20:05:55,317|'a'|release
2021-11-24 20:05:55,532|'z'|press
2021-11-24 20:05:55,625|'z'|release
2021-11-24 20:05:55,891|'z'|press
2021-11-24 20:05:55,996|'z'|release
2021-11-24 20:05:56,077|'a'|press
2021-11-24 20:05:56,194|'a'|release
2021-11-24 20:05:56,427|'v'|press
2021-11-24 20:05:56,532|'v'|release
2021-11-24 20:05:56,560|'i'|press
2021-11-24 20:05:56,654|'i'|release
2021-11-24 20:05:56,722|'l'|press
2021-11-24 20:05:56,804|'l'|release
2021-11-24 20:05:56,842|'l'|press
2021-11-24 20:05:56,935|'l'|release
2021-11-24 20:05:56,944|'e'|press
2021-11-24 20:05:57,035|Key.shift_r|press
2021-11-24 20:05:57,042|'E'|release
2021-11-24 20:05:57,114|'.'|press
2021-11-24 20:05:57,170|Key.shift_r|release
2021-11-24 20:05:57,233|';'|release
