|Timestamp|Key|Action
0|2021-11-24 20:07:42,686|Key.enter|release
1|2021-11-24 20:07:53,103|Key.shift_r|press
2|2021-11-24 20:07:53,215|'C'|press
3|2021-11-24 20:07:53,316|Key.shift_r|release
4|2021-11-24 20:07:53,334|'c'|release
5|2021-11-24 20:07:53,850|'h'|press
6|2021-11-24 20:07:53,927|'h'|release
7|2021-11-24 20:07:54,422|'a'|press
8|2021-11-24 20:07:54,540|'p'|press
9|2021-11-24 20:07:54,548|'a'|release
10|2021-11-24 20:07:54,634|'p'|release
11|2021-11-24 20:07:54,799|'t'|press
12|2021-11-24 20:07:54,880|'t'|release
13|2021-11-24 20:07:54,916|'e'|press
14|2021-11-24 20:07:54,998|'r'|press
15|2021-11-24 20:07:55,062|'e'|release
16|2021-11-24 20:07:55,126|'r'|release
17|2021-11-24 20:07:55,188|Key.space|press
18|2021-11-24 20:07:55,288|Key.space|release
19|2021-11-24 20:07:55,365|Key.shift_r|press
20|2021-11-24 20:07:55,493|'1'|press
21|2021-11-24 20:07:55,600|'1'|release
22|2021-11-24 20:07:55,652|'1'|press
23|2021-11-24 20:07:55,753|'1'|release
24|2021-11-24 20:07:55,761|Key.shift_r|release
25|2021-11-24 20:07:55,963|Key.enter|press
26|2021-11-24 20:07:56,040|Key.enter|release
27|2021-11-24 20:07:56,081|Key.enter|press
28|2021-11-24 20:07:56,166|Key.enter|release
29|2021-11-24 20:07:57,059|'|press
30|2021-11-24 20:07:57,159|'|release
31|2021-11-24 20:07:57,214|Key.shift_r|press
32|2021-11-24 20:07:57,384|'W'|press
33|2021-11-24 20:07:57,485|'W'|release
34|2021-11-24 20:07:57,509|Key.shift_r|release
35|2021-11-24 20:07:57,587|'e'|press
36|2021-11-24 20:07:57,692|'e'|release
37|2021-11-24 20:07:58,034|Key.space|press
38|2021-11-24 20:07:58,118|'c'|press
39|2021-11-24 20:07:58,144|Key.space|release
40|2021-11-24 20:07:58,211|'a'|press
41|2021-11-24 20:07:58,226|'c'|release
42|2021-11-24 20:07:58,337|'a'|release
43|2021-11-24 20:07:58,357|'n'|press
44|2021-11-24 20:07:58,447|Key.space|press
45|2021-11-24 20:07:58,485|'n'|release
46|2021-11-24 20:07:58,550|Key.space|release
47|2021-11-24 20:07:59,031|'c'|press
48|2021-11-24 20:07:59,130|'o'|press
49|2021-11-24 20:07:59,150|'c'|release
50|2021-11-24 20:07:59,212|'m'|press
51|2021-11-24 20:07:59,260|'o'|release
52|2021-11-24 20:07:59,349|'m'|release
53|2021-11-24 20:07:59,383|'e'|press
54|2021-11-24 20:07:59,489|'e'|release
55|2021-11-24 20:07:59,541|Key.space|press
56|2021-11-24 20:07:59,650|Key.space|release
57|2021-11-24 20:07:59,998|'h'|press
58|2021-11-24 20:08:00,091|'h'|release
59|2021-11-24 20:08:00,096|'e'|press
60|2021-11-24 20:08:00,179|'r'|press
61|2021-11-24 20:08:00,211|'e'|release
62|2021-11-24 20:08:00,294|'r'|release
63|2021-11-24 20:08:00,308|'e'|press
64|2021-11-24 20:08:00,418|'e'|release
65|2021-11-24 20:08:00,603|Key.space|press
66|2021-11-24 20:08:00,713|Key.space|release
67|2021-11-24 20:08:00,858|'o'|press
68|2021-11-24 20:08:00,948|'n'|press
69|2021-11-24 20:08:01,005|'o'|release
70|2021-11-24 20:08:01,070|'n'|release
71|2021-11-24 20:08:01,105|'c'|press
72|2021-11-24 20:08:01,173|'e'|press
73|2021-11-24 20:08:01,232|'c'|release
74|2021-11-24 20:08:01,302|'e'|release
75|2021-11-24 20:08:01,319|Key.space|press
76|2021-11-24 20:08:01,425|Key.space|release
77|2021-11-24 20:08:01,560|'a'|press
78|2021-11-24 20:08:01,674|'a'|release
79|2021-11-24 20:08:01,806|'g'|press
80|2021-11-24 20:08:01,910|'g'|release
81|2021-11-24 20:08:01,964|'a'|press
82|2021-11-24 20:08:02,062|'i'|press
83|2021-11-24 20:08:02,075|'a'|release
84|2021-11-24 20:08:02,135|'n'|press
85|2021-11-24 20:08:02,210|'i'|release
86|2021-11-24 20:08:02,256|'n'|release
87|2021-11-24 20:08:03,068|','|press
88|2021-11-24 20:08:03,172|','|release
89|2021-11-24 20:08:03,186|'|press
90|2021-11-24 20:08:03,296|'|release
91|2021-11-24 20:08:03,315|Key.space|press
92|2021-11-24 20:08:03,426|Key.space|release
93|2021-11-24 20:08:03,876|'s'|press
94|2021-11-24 20:08:03,980|'a'|press
95|2021-11-24 20:08:03,994|'s'|release
96|2021-11-24 20:08:04,097|'a'|release
97|2021-11-24 20:08:04,104|'i'|press
98|2021-11-24 20:08:04,201|'i'|release
99|2021-11-24 20:08:04,288|'d'|press
100|2021-11-24 20:08:04,410|'d'|release
101|2021-11-24 20:08:04,770|Key.space|press
102|2021-11-24 20:08:04,872|Key.space|release
103|2021-11-24 20:08:04,879|Key.shift_r|press
104|2021-11-24 20:08:05,108|'J'|press
105|2021-11-24 20:08:05,207|'J'|release
106|2021-11-24 20:08:05,217|Key.shift_r|release
107|2021-11-24 20:08:05,409|'u'|press
108|2021-11-24 20:08:05,499|'u'|release
109|2021-11-24 20:08:05,517|'i'|press
110|2021-11-24 20:08:05,607|'i'|release
111|2021-11-24 20:08:05,716|'l'|press
112|2021-11-24 20:08:05,805|'l'|release
113|2021-11-24 20:08:05,822|'a'|press
114|2021-11-24 20:08:05,938|'a'|release
115|2021-11-24 20:08:06,401|Key.backspace|press
116|2021-11-24 20:08:06,484|Key.backspace|release
117|2021-11-24 20:08:06,517|Key.backspace|press
118|2021-11-24 20:08:06,612|Key.backspace|release
119|2021-11-24 20:08:06,645|Key.backspace|press
120|2021-11-24 20:08:06,745|Key.backspace|release
121|2021-11-24 20:08:07,289|'l'|press
122|2021-11-24 20:08:07,378|'i'|press
123|2021-11-24 20:08:07,387|'l'|release
124|2021-11-24 20:08:07,472|'i'|release
125|2021-11-24 20:08:07,484|'a'|press
126|2021-11-24 20:08:07,592|'a'|release
127|2021-11-24 20:08:08,154|Key.shift_r|press
128|2021-11-24 20:08:08,227|'.'|press
129|2021-11-24 20:08:08,351|Key.shift_r|release
130|2021-11-24 20:08:08,359|';'|release
131|2021-11-24 20:08:08,613|Key.space|press
132|2021-11-24 20:08:08,709|Key.space|release
133|2021-11-24 20:08:08,800|Key.shift_r|press
134|2021-11-24 20:08:09,007|Key.shift_r|release
135|2021-11-24 20:08:09,224|'|press
136|2021-11-24 20:08:09,327|'|release
137|2021-11-24 20:08:09,543|'i'|press
138|2021-11-24 20:08:09,624|'i'|release
139|2021-11-24 20:08:09,870|Key.backspace|press
140|2021-11-24 20:08:09,945|Key.backspace|release
141|2021-11-24 20:08:10,063|Key.shift_r|press
142|2021-11-24 20:08:10,179|'T'|press
143|2021-11-24 20:08:10,281|'T'|release
144|2021-11-24 20:08:10,562|Key.shift_r|release
145|2021-11-24 20:08:10,678|Key.backspace|press
146|2021-11-24 20:08:10,768|Key.backspace|release
147|2021-11-24 20:08:10,875|Key.shift_r|press
148|2021-11-24 20:08:11,010|'I'|press
149|2021-11-24 20:08:11,095|Key.shift_r|release
150|2021-11-24 20:08:11,122|'i'|release
151|2021-11-24 20:08:11,314|'t'|press
152|2021-11-24 20:08:11,407|'t'|release
153|2021-11-24 20:08:11,635|'|press
154|2021-11-24 20:08:11,726|'|release
155|2021-11-24 20:08:11,767|'s'|press
156|2021-11-24 20:08:11,873|'s'|release
157|2021-11-24 20:08:12,502|'|press
158|2021-11-24 20:08:12,605|'|release
159|2021-11-24 20:08:13,079|Key.backspace|press
160|2021-11-24 20:08:13,155|Key.backspace|release
161|2021-11-24 20:08:13,970|Key.space|press
162|2021-11-24 20:08:14,075|Key.space|release
163|2021-11-24 20:08:14,171|'g'|press
164|2021-11-24 20:08:14,267|'g'|release
165|2021-11-24 20:08:14,313|'e'|press
166|2021-11-24 20:08:14,433|'e'|release
167|2021-11-24 20:08:14,463|'n'|press
168|2021-11-24 20:08:14,551|'n'|release
169|2021-11-24 20:08:14,738|'r'|press
170|2021-11-24 20:08:14,825|'a'|press
171|2021-11-24 20:08:14,846|'r'|release
172|2021-11-24 20:08:14,938|'a'|release
173|2021-11-24 20:08:14,972|'l'|press
174|2021-11-24 20:08:15,058|'l'|release
175|2021-11-24 20:08:15,110|'l'|press
176|2021-11-24 20:08:15,200|'l'|release
177|2021-11-24 20:08:15,359|Key.backspace|press
178|2021-11-24 20:08:15,436|Key.backspace|release
179|2021-11-24 20:08:15,472|Key.backspace|press
180|2021-11-24 20:08:15,569|Key.backspace|release
181|2021-11-24 20:08:15,605|Key.backspace|press
182|2021-11-24 20:08:15,699|Key.backspace|release
183|2021-11-24 20:08:15,726|Key.backspace|press
184|2021-11-24 20:08:15,819|Key.backspace|release
185|2021-11-24 20:08:16,132|'e'|press
186|2021-11-24 20:08:16,240|'r'|press
187|2021-11-24 20:08:16,251|'e'|release
188|2021-11-24 20:08:16,358|'r'|release
189|2021-11-24 20:08:16,363|'a'|press
190|2021-11-24 20:08:16,486|'a'|release
191|2021-11-24 20:08:16,502|'l'|press
192|2021-11-24 20:08:16,576|'l'|release
193|2021-11-24 20:08:16,619|'l'|press
194|2021-11-24 20:08:16,716|'l'|release
195|2021-11-24 20:08:16,826|'y'|press
196|2021-11-24 20:08:16,931|'y'|release
197|2021-11-24 20:08:17,346|Key.space|press
198|2021-11-24 20:08:17,457|Key.space|release
199|2021-11-24 20:08:17,471|'s'|press
200|2021-11-24 20:08:17,557|'a'|press
201|2021-11-24 20:08:17,621|'s'|release
202|2021-11-24 20:08:17,671|'a'|release
203|2021-11-24 20:08:17,739|'f'|press
204|2021-11-24 20:08:17,830|'e'|press
205|2021-11-24 20:08:17,883|'f'|release
206|2021-11-24 20:08:17,967|'e'|release
207|2021-11-24 20:08:18,319|Key.space|press
208|2021-11-24 20:08:18,432|Key.space|release
209|2021-11-24 20:08:18,654|'t'|press
210|2021-11-24 20:08:18,729|'o'|press
211|2021-11-24 20:08:18,770|'t'|release
212|2021-11-24 20:08:18,792|Key.space|press
213|2021-11-24 20:08:18,848|'o'|release
214|2021-11-24 20:08:18,901|Key.space|release
215|2021-11-24 20:08:19,586|'u'|press
216|2021-11-24 20:08:19,677|'u'|release
217|2021-11-24 20:08:19,711|'s'|press
218|2021-11-24 20:08:19,810|'s'|release
219|2021-11-24 20:08:19,849|'e'|press
220|2021-11-24 20:08:19,948|'e'|release
221|2021-11-24 20:08:19,957|Key.space|press
222|2021-11-24 20:08:20,048|Key.space|release
223|2021-11-24 20:08:20,066|'a'|press
224|2021-11-24 20:08:20,179|'a'|release
225|2021-11-24 20:08:20,184|'n'|press
226|2021-11-24 20:08:20,277|'n'|release
227|2021-11-24 20:08:20,371|'y'|press
228|2021-11-24 20:08:20,454|'y'|release
229|2021-11-24 20:08:21,348|Key.space|press
230|2021-11-24 20:08:21,445|Key.space|release
231|2021-11-24 20:08:22,387|'h'|press
232|2021-11-24 20:08:22,487|'h'|release
233|2021-11-24 20:08:22,512|'i'|press
234|2021-11-24 20:08:22,606|'i'|release
235|2021-11-24 20:08:22,692|'d'|press
236|2021-11-24 20:08:22,795|'e'|press
237|2021-11-24 20:08:22,878|'d'|release
238|2021-11-24 20:08:22,926|'e'|release
239|2021-11-24 20:08:23,481|'-'|press
240|2021-11-24 20:08:23,581|'-'|release
241|2021-11-24 20:08:23,689|'o'|press
242|2021-11-24 20:08:23,767|'u'|press
243|2021-11-24 20:08:23,832|'o'|release
244|2021-11-24 20:08:23,880|'u'|release
245|2021-11-24 20:08:23,918|'t'|press
246|2021-11-24 20:08:24,040|'t'|release
247|2021-11-24 20:08:24,355|Key.space|press
248|2021-11-24 20:08:24,460|Key.space|release
249|2021-11-24 20:08:24,521|'t'|press
250|2021-11-24 20:08:24,619|'t'|release
251|2021-11-24 20:08:24,931|'w'|press
252|2021-11-24 20:08:25,055|'w'|release
253|2021-11-24 20:08:25,114|'i'|press
254|2021-11-24 20:08:25,208|'i'|release
255|2021-11-24 20:08:25,282|'c'|press
256|2021-11-24 20:08:25,355|'e'|press
257|2021-11-24 20:08:25,408|'c'|release
258|2021-11-24 20:08:25,421|Key.space|press
259|2021-11-24 20:08:25,474|'e'|release
260|2021-11-24 20:08:25,506|Key.space|release
261|2021-11-24 20:08:26,045|Key.backspace|press
262|2021-11-24 20:08:26,132|Key.backspace|release
263|2021-11-24 20:08:26,348|Key.shift_r|press
264|2021-11-24 20:08:26,404|'.'|press
265|2021-11-24 20:08:26,522|Key.shift_r|release
266|2021-11-24 20:08:26,530|';'|release
267|2021-11-24 20:08:26,606|Key.space|press
268|2021-11-24 20:08:26,701|Key.space|release
269|2021-11-24 20:08:26,788|Key.shift_r|press
270|2021-11-24 20:08:27,040|'B'|press
271|2021-11-24 20:08:27,099|Key.shift_r|release
272|2021-11-24 20:08:27,150|'b'|release
273|2021-11-24 20:08:27,189|'u'|press
274|2021-11-24 20:08:27,289|'t'|press
275|2021-11-24 20:08:27,298|'u'|release
276|2021-11-24 20:08:27,381|Key.space|press
277|2021-11-24 20:08:27,391|'t'|release
278|2021-11-24 20:08:27,471|Key.space|release
279|2021-11-24 20:08:27,864|'n'|press
280|2021-11-24 20:08:27,960|'n'|release
281|2021-11-24 20:08:27,998|'o'|press
282|2021-11-24 20:08:28,095|'o'|release
283|2021-11-24 20:08:28,146|'t'|press
284|2021-11-24 20:08:28,219|Key.space|press
285|2021-11-24 20:08:28,250|'t'|release
286|2021-11-24 20:08:28,310|Key.space|release
287|2021-11-24 20:08:28,788|'f'|press
288|2021-11-24 20:08:28,866|'o'|press
289|2021-11-24 20:08:28,890|'f'|release
290|2021-11-24 20:08:28,953|'o'|release
291|2021-11-24 20:08:28,959|'r'|press
292|2021-11-24 20:08:29,064|'r'|release
293|2021-11-24 20:08:29,078|Key.space|press
294|2021-11-24 20:08:29,185|Key.space|release
295|2021-11-24 20:08:29,502|'a'|press
296|2021-11-24 20:08:29,586|'n'|press
297|2021-11-24 20:08:29,627|'a'|release
298|2021-11-24 20:08:29,683|'n'|release
299|2021-11-24 20:08:29,771|'o'|press
300|2021-11-24 20:08:29,841|'o'|release
301|2021-11-24 20:08:29,893|'t'|press
302|2021-11-24 20:08:30,000|'t'|release
303|2021-11-24 20:08:30,006|'h'|press
304|2021-11-24 20:08:30,087|'e'|press
305|2021-11-24 20:08:30,095|'h'|release
306|2021-11-24 20:08:30,156|'r'|press
307|2021-11-24 20:08:30,208|'e'|release
308|2021-11-24 20:08:30,261|Key.space|press
309|2021-11-24 20:08:30,296|'r'|release
310|2021-11-24 20:08:30,357|Key.space|release
311|2021-11-24 20:08:30,716|'m'|press
312|2021-11-24 20:08:30,801|'m'|release
313|2021-11-24 20:08:30,859|'o'|press
314|2021-11-24 20:08:30,934|'n'|press
315|2021-11-24 20:08:31,003|'o'|release
316|2021-11-24 20:08:31,054|'n'|release
317|2021-11-24 20:08:31,069|'t'|press
318|2021-11-24 20:08:31,162|'h'|press
319|2021-11-24 20:08:31,184|'t'|release
320|2021-11-24 20:08:31,245|'h'|release
321|2021-11-24 20:08:31,728|Key.space|press
322|2021-11-24 20:08:31,827|Key.space|release
323|2021-11-24 20:08:31,982|'o'|press
324|2021-11-24 20:08:32,073|'o'|release
325|2021-11-24 20:08:32,441|'r'|press
326|2021-11-24 20:08:32,546|'r'|release
327|2021-11-24 20:08:32,552|Key.space|press
328|2021-11-24 20:08:32,615|'t'|press
329|2021-11-24 20:08:32,645|Key.space|release
330|2021-11-24 20:08:32,710|'t'|release
331|2021-11-24 20:08:32,982|'w'|press
332|2021-11-24 20:08:33,074|'o'|press
333|2021-11-24 20:08:33,084|'w'|release
334|2021-11-24 20:08:33,133|Key.space|press
335|2021-11-24 20:08:33,179|'o'|release
336|2021-11-24 20:08:33,220|Key.space|release
337|2021-11-24 20:08:33,675|Key.backspace|press
338|2021-11-24 20:08:33,752|Key.backspace|release
339|2021-11-24 20:08:33,896|','|press
340|2021-11-24 20:08:33,944|Key.space|press
341|2021-11-24 20:08:34,004|','|release
342|2021-11-24 20:08:34,049|Key.space|release
343|2021-11-24 20:08:34,215|'o'|press
344|2021-11-24 20:08:34,298|'o'|release
345|2021-11-24 20:08:34,471|'f'|press
346|2021-11-24 20:08:34,549|Key.space|press
347|2021-11-24 20:08:34,563|'f'|release
348|2021-11-24 20:08:34,670|Key.space|release
349|2021-11-24 20:08:34,820|'c'|press
350|2021-11-24 20:08:34,894|'o'|press
351|2021-11-24 20:08:34,918|'c'|release
352|2021-11-24 20:08:34,949|'u'|press
353|2021-11-24 20:08:35,009|'o'|release
354|2021-11-24 20:08:35,032|'r'|press
355|2021-11-24 20:08:35,053|'u'|release
356|2021-11-24 20:08:35,137|'r'|release
357|2021-11-24 20:08:35,190|'s'|press
358|2021-11-24 20:08:35,295|'s'|release
359|2021-11-24 20:08:35,358|'e'|press
360|2021-11-24 20:08:35,460|'e'|release
361|2021-11-24 20:08:35,480|Key.shift_r|press
362|2021-11-24 20:08:35,540|'.'|press
363|2021-11-24 20:08:35,627|Key.shift_r|release
364|2021-11-24 20:08:35,663|';'|release
365|2021-11-24 20:08:36,179|'|press
366|2021-11-24 20:08:36,284|'|release
367|2021-11-24 20:08:36,320|Key.enter|press
368|2021-11-24 20:08:36,394|Key.enter|release
369|2021-11-24 20:08:36,449|Key.enter|press
370|2021-11-24 20:08:36,536|Key.enter|release
371|2021-11-24 20:08:36,907|Key.shift_r|press
372|2021-11-24 20:08:37,006|'A'|press
373|2021-11-24 20:08:37,089|Key.shift_r|release
374|2021-11-24 20:08:37,116|'a'|release
375|2021-11-24 20:08:37,192|'s'|press
376|2021-11-24 20:08:37,263|Key.space|press
377|2021-11-24 20:08:37,285|'s'|release
378|2021-11-24 20:08:37,366|'s'|press
379|2021-11-24 20:08:37,383|Key.space|release
380|2021-11-24 20:08:37,448|'o'|press
381|2021-11-24 20:08:37,468|'s'|release
382|2021-11-24 20:08:37,542|'o'|release
383|2021-11-24 20:08:37,599|'o'|press
384|2021-11-24 20:08:37,696|'o'|release
385|2021-11-24 20:08:37,701|'n'|press
386|2021-11-24 20:08:37,809|'n'|release
387|2021-11-24 20:08:38,091|Key.space|press
388|2021-11-24 20:08:38,200|'a'|press
389|2021-11-24 20:08:38,209|Key.space|release
390|2021-11-24 20:08:38,307|'s'|press
391|2021-11-24 20:08:38,316|'a'|release
392|2021-11-24 20:08:38,437|'s'|release
393|2021-11-24 20:08:38,460|Key.space|press
394|2021-11-24 20:08:38,559|Key.space|release
395|2021-11-24 20:08:38,573|'s'|press
396|2021-11-24 20:08:38,683|'s'|release
397|2021-11-24 20:08:38,694|'h'|press
398|2021-11-24 20:08:38,788|'h'|release
399|2021-11-24 20:08:38,799|'e'|press
400|2021-11-24 20:08:38,866|Key.space|press
401|2021-11-24 20:08:38,902|'e'|release
402|2021-11-24 20:08:38,984|Key.space|release
403|2021-11-24 20:08:39,359|'w'|press
404|2021-11-24 20:08:39,478|'w'|release
405|2021-11-24 20:08:39,483|'o'|press
406|2021-11-24 20:08:39,584|'o'|release
407|2021-11-24 20:08:40,041|'k'|press
408|2021-11-24 20:08:40,126|'e'|press
409|2021-11-24 20:08:40,143|'k'|release
410|2021-11-24 20:08:40,206|Key.space|press
411|2021-11-24 20:08:40,224|'e'|release
412|2021-11-24 20:08:40,326|Key.space|release
413|2021-11-24 20:08:40,475|'u'|press
414|2021-11-24 20:08:40,550|'u'|release
415|2021-11-24 20:08:40,585|'p'|press
416|2021-11-24 20:08:40,653|Key.space|press
417|2021-11-24 20:08:40,689|'p'|release
418|2021-11-24 20:08:40,754|Key.space|release
419|2021-11-24 20:08:41,223|'h'|press
420|2021-11-24 20:08:41,311|'h'|release
421|2021-11-24 20:08:41,322|'e'|press
422|2021-11-24 20:08:41,409|'r'|press
423|2021-11-24 20:08:41,440|'e'|release
424|2021-11-24 20:08:41,541|'r'|release
425|2021-11-24 20:08:41,547|Key.space|press
426|2021-11-24 20:08:41,642|Key.space|release
427|2021-11-24 20:08:42,151|'d'|press
428|2021-11-24 20:08:42,223|'e'|press
429|2021-11-24 20:08:42,284|'d'|release
430|2021-11-24 20:08:42,342|'e'|release
431|2021-11-24 20:08:42,366|'m'|press
432|2021-11-24 20:08:42,448|'m'|release
433|2021-11-24 20:08:42,830|'e'|press
434|2021-11-24 20:08:42,936|'e'|release
435|2021-11-24 20:08:43,167|'a'|press
436|2021-11-24 20:08:43,266|'a'|release
437|2021-11-24 20:08:43,307|'n'|press
438|2021-11-24 20:08:43,396|'n'|release
439|2021-11-24 20:08:43,447|'o'|press
440|2021-11-24 20:08:43,496|'u'|press
441|2021-11-24 20:08:43,557|'o'|release
442|2021-11-24 20:08:43,615|'u'|release
443|2021-11-24 20:08:43,620|'r'|press
444|2021-11-24 20:08:43,740|'r'|release
445|2021-11-24 20:08:44,036|Key.space|press
446|2021-11-24 20:08:44,144|Key.space|release
447|2021-11-24 20:08:44,428|'h'|press
448|2021-11-24 20:08:44,522|'h'|release
449|2021-11-24 20:08:44,535|'a'|press
450|2021-11-24 20:08:44,612|'d'|press
451|2021-11-24 20:08:44,664|'a'|release
452|2021-11-24 20:08:44,752|'d'|release
453|2021-11-24 20:08:44,823|Key.space|press
454|2021-11-24 20:08:44,928|Key.space|release
455|2021-11-24 20:08:45,334|'c'|press
456|2021-11-24 20:08:45,400|'h'|press
457|2021-11-24 20:08:45,442|'c'|release
458|2021-11-24 20:08:45,469|'a'|press
459|2021-11-24 20:08:45,491|'h'|release
460|2021-11-24 20:08:45,583|'a'|release
461|2021-11-24 20:08:45,590|'n'|press
462|2021-11-24 20:08:45,690|'n'|release
463|2021-11-24 20:08:46,677|'g'|press
464|2021-11-24 20:08:46,761|'g'|release
465|2021-11-24 20:08:46,765|'e'|press
466|2021-11-24 20:08:46,892|'e'|release
467|2021-11-24 20:08:47,236|'d'|press
468|2021-11-24 20:08:47,344|'d'|release
469|2021-11-24 20:08:47,388|Key.shift_r|press
470|2021-11-24 20:08:47,451|'.'|press
471|2021-11-24 20:08:47,543|Key.shift_r|release
472|2021-11-24 20:08:47,557|';'|release
473|2021-11-24 20:08:47,754|Key.shift_r|press
474|2021-11-24 20:08:47,938|Key.space|press
475|2021-11-24 20:08:48,073|Key.space|release
476|2021-11-24 20:08:48,201|'S'|press
477|2021-11-24 20:08:48,301|'S'|release
478|2021-11-24 20:08:48,382|Key.shift_r|release
479|2021-11-24 20:08:48,883|'h'|press
480|2021-11-24 20:08:48,980|'h'|release
481|2021-11-24 20:08:48,986|'e'|press
482|2021-11-24 20:08:49,069|Key.space|press
483|2021-11-24 20:08:49,081|'e'|release
484|2021-11-24 20:08:49,158|Key.space|release
485|2021-11-24 20:08:49,788|'b'|press
486|2021-11-24 20:08:49,876|'b'|release
487|2021-11-24 20:08:49,881|'a'|press
488|2021-11-24 20:08:49,998|'a'|release
489|2021-11-24 20:08:50,147|'c'|press
490|2021-11-24 20:08:50,257|'c'|release
491|2021-11-24 20:08:50,262|'a'|press
492|2021-11-24 20:08:50,360|'m'|press
493|2021-11-24 20:08:50,368|'a'|release
494|2021-11-24 20:08:50,450|'m'|release
495|2021-11-24 20:08:50,488|'e'|press
496|2021-11-24 20:08:50,588|'e'|release
497|2021-11-24 20:08:50,648|Key.backspace|press
498|2021-11-24 20:08:50,729|Key.backspace|release
499|2021-11-24 20:08:50,763|Key.backspace|press
500|2021-11-24 20:08:50,854|Key.backspace|release
501|2021-11-24 20:08:50,889|Key.backspace|press
502|2021-11-24 20:08:50,990|Key.backspace|release
503|2021-11-24 20:08:51,027|Key.backspace|press
504|2021-11-24 20:08:51,104|Key.backspace|release
505|2021-11-24 20:08:51,136|Key.backspace|press
506|2021-11-24 20:08:51,228|'e'|press
507|2021-11-24 20:08:51,236|Key.backspace|release
508|2021-11-24 20:08:51,314|'c'|press
509|2021-11-24 20:08:51,343|'e'|release
510|2021-11-24 20:08:51,425|'c'|release
511|2021-11-24 20:08:51,596|Key.backspace|press
512|2021-11-24 20:08:51,679|Key.backspace|release
513|2021-11-24 20:08:51,705|Key.backspace|press
514|2021-11-24 20:08:51,772|Key.backspace|release
515|2021-11-24 20:08:52,332|'e'|press
516|2021-11-24 20:08:52,407|'c'|press
517|2021-11-24 20:08:52,447|'e'|release
518|2021-11-24 20:08:52,532|'a'|press
519|2021-11-24 20:08:52,541|'c'|release
520|2021-11-24 20:08:52,604|'m'|press
521|2021-11-24 20:08:52,651|'a'|release
522|2021-11-24 20:08:52,713|'m'|release
523|2021-11-24 20:08:52,740|'e'|press
524|2021-11-24 20:08:52,808|Key.space|press
525|2021-11-24 20:08:52,850|'e'|release
526|2021-11-24 20:08:52,911|Key.space|release
527|2021-11-24 20:08:53,214|'a'|press
528|2021-11-24 20:08:53,314|'l'|press
529|2021-11-24 20:08:53,336|'a'|release
530|2021-11-24 20:08:53,421|'l'|release
531|2021-11-24 20:08:53,516|'e'|press
532|2021-11-24 20:08:53,622|'r'|press
533|2021-11-24 20:08:53,639|'e'|release
534|2021-11-24 20:08:53,757|'r'|release
535|2021-11-24 20:08:53,799|'t'|press
536|2021-11-24 20:08:53,913|'t'|release
537|2021-11-24 20:08:54,062|Key.space|press
538|2021-11-24 20:08:54,167|'a'|press
539|2021-11-24 20:08:54,176|Key.space|release
540|2021-11-24 20:08:54,255|'n'|press
541|2021-11-24 20:08:54,268|'a'|release
542|2021-11-24 20:08:54,352|'d'|press
543|2021-11-24 20:08:54,362|'n'|release
544|2021-11-24 20:08:54,474|'d'|release
545|2021-11-24 20:08:54,492|Key.space|press
546|2021-11-24 20:08:54,587|Key.space|release
547|2021-11-24 20:08:55,141|'b'|press
548|2021-11-24 20:08:55,229|'b'|release
549|2021-11-24 20:08:55,464|'u'|press
550|2021-11-24 20:08:55,548|'u'|release
551|2021-11-24 20:08:55,660|'s'|press
552|2021-11-24 20:08:55,764|'s'|release
553|2021-11-24 20:08:55,772|'i'|press
554|2021-11-24 20:08:55,850|'i'|release
555|2021-11-24 20:08:55,941|'n'|press
556|2021-11-24 20:08:56,022|'n'|release
557|2021-11-24 20:08:56,028|'e'|press
558|2021-11-24 20:08:56,123|'e'|release
559|2021-11-24 20:08:56,203|'s'|press
560|2021-11-24 20:08:56,289|'s'|release
561|2021-11-24 20:08:56,360|'s'|press
562|2021-11-24 20:08:56,452|'s'|release
563|2021-11-24 20:08:56,982|'-'|press
564|2021-11-24 20:08:57,062|'-'|release
565|2021-11-24 20:08:57,642|'l'|press
566|2021-11-24 20:08:57,745|'l'|release
567|2021-11-24 20:08:57,806|'i'|press
568|2021-11-24 20:08:57,892|'i'|release
569|2021-11-24 20:08:57,991|'k'|press
570|2021-11-24 20:08:58,089|'k'|release
571|2021-11-24 20:08:58,114|'e'|press
572|2021-11-24 20:08:58,211|'e'|release
573|2021-11-24 20:08:58,302|','|press
574|2021-11-24 20:08:58,349|Key.space|press
575|2021-11-24 20:08:58,403|','|release
576|2021-11-24 20:08:58,442|Key.space|release
577|2021-11-24 20:08:58,637|'p'|press
578|2021-11-24 20:08:58,747|'p'|release
579|2021-11-24 20:08:58,819|'u'|press
580|2021-11-24 20:08:58,921|'u'|release
581|2021-11-24 20:08:58,943|'t'|press
582|2021-11-24 20:08:59,015|Key.space|press
583|2021-11-24 20:08:59,058|'t'|release
584|2021-11-24 20:08:59,119|Key.space|release
585|2021-11-24 20:08:59,633|'h'|press
586|2021-11-24 20:08:59,718|'h'|release
587|2021-11-24 20:08:59,770|'e'|press
588|2021-11-24 20:08:59,862|'r'|press
589|2021-11-24 20:08:59,907|'e'|release
590|2021-11-24 20:08:59,981|Key.space|press
591|2021-11-24 20:08:59,988|'r'|release
592|2021-11-24 20:09:00,093|Key.space|release
593|2021-11-24 20:09:00,445|'c'|press
594|2021-11-24 20:09:00,549|'c'|release
595|2021-11-24 20:09:00,553|'l'|press
596|2021-11-24 20:09:00,640|'l'|release
597|2021-11-24 20:09:00,687|'o'|press
598|2021-11-24 20:09:00,771|'o'|release
599|2021-11-24 20:09:01,136|'t'|press
600|2021-11-24 20:09:01,236|'h'|press
601|2021-11-24 20:09:01,258|'t'|release
602|2021-11-24 20:09:01,299|'e'|press
603|2021-11-24 20:09:01,327|'h'|release
604|2021-11-24 20:09:01,359|'r'|press
605|2021-11-24 20:09:01,421|'e'|release
606|2021-11-24 20:09:01,495|'r'|release
607|2021-11-24 20:09:01,942|Key.backspace|press
608|2021-11-24 20:09:02,010|Key.backspace|release
609|2021-11-24 20:09:02,014|'s'|press
610|2021-11-24 20:09:02,046|Key.space|press
611|2021-11-24 20:09:02,128|'s'|release
612|2021-11-24 20:09:02,148|Key.space|release
613|2021-11-24 20:09:02,284|'o'|press
614|2021-11-24 20:09:02,333|'n'|press
615|2021-11-24 20:09:02,414|'o'|release
616|2021-11-24 20:09:02,440|'n'|release
617|2021-11-24 20:09:02,651|','|press
618|2021-11-24 20:09:02,709|Key.space|press
619|2021-11-24 20:09:02,754|','|release
620|2021-11-24 20:09:02,804|Key.space|release
621|2021-11-24 20:09:03,334|'k'|press
622|2021-11-24 20:09:03,412|'k'|release
623|2021-11-24 20:09:03,480|'n'|press
624|2021-11-24 20:09:03,576|'n'|release
625|2021-11-24 20:09:03,611|'o'|press
626|2021-11-24 20:09:03,688|'o'|release
627|2021-11-24 20:09:03,726|'t'|press
628|2021-11-24 20:09:03,821|'t'|release
629|2021-11-24 20:09:03,873|'t'|press
630|2021-11-24 20:09:03,961|'t'|release
631|2021-11-24 20:09:03,981|'e'|press
632|2021-11-24 20:09:04,060|'d'|press
633|2021-11-24 20:09:04,117|'e'|release
634|2021-11-24 20:09:04,128|Key.space|press
635|2021-11-24 20:09:04,188|'d'|release
636|2021-11-24 20:09:04,223|Key.space|release
637|2021-11-24 20:09:04,552|'t'|press
638|2021-11-24 20:09:04,616|'h'|press
639|2021-11-24 20:09:04,662|'t'|release
640|2021-11-24 20:09:04,680|'e'|press
641|2021-11-24 20:09:04,709|'h'|release
642|2021-11-24 20:09:04,772|Key.space|press
643|2021-11-24 20:09:04,799|'e'|release
644|2021-11-24 20:09:04,858|Key.space|release
645|2021-11-24 20:09:04,961|'s'|press
646|2021-11-24 20:09:05,075|'s'|release
647|2021-11-24 20:09:05,161|'c'|press
648|2021-11-24 20:09:05,269|'c'|release
649|2021-11-24 20:09:05,359|'a'|press
650|2021-11-24 20:09:05,477|'a'|release
651|2021-11-24 20:09:05,939|'r'|press
652|2021-11-24 20:09:06,046|'r'|release
653|2021-11-24 20:09:06,056|'l'|press
654|2021-11-24 20:09:06,134|'l'|release
655|2021-11-24 20:09:06,265|'t'|press
656|2021-11-24 20:09:06,384|'t'|release
657|2021-11-24 20:09:06,785|Key.backspace|press
658|2021-11-24 20:09:06,852|'e'|press
659|2021-11-24 20:09:06,866|Key.backspace|release
660|2021-11-24 20:09:06,878|'r'|press
661|2021-11-24 20:09:06,945|'e'|release
662|2021-11-24 20:09:07,020|'r'|release
663|2021-11-24 20:09:07,889|Key.backspace|press
664|2021-11-24 20:09:07,979|Key.backspace|release
665|2021-11-24 20:09:08,692|'e'|press
666|2021-11-24 20:09:08,749|'t'|press
667|2021-11-24 20:09:08,806|'e'|release
668|2021-11-24 20:09:08,878|'t'|release
669|2021-11-24 20:09:08,990|Key.space|press
670|2021-11-24 20:09:09,066|Key.space|release
671|2021-11-24 20:09:09,272|Key.backspace|press
672|2021-11-24 20:09:09,349|Key.backspace|release
673|2021-11-24 20:09:09,395|Key.backspace|press
674|2021-11-24 20:09:09,488|Key.backspace|release
675|2021-11-24 20:09:09,527|Key.backspace|press
676|2021-11-24 20:09:09,621|Key.backspace|release
677|2021-11-24 20:09:09,654|Key.backspace|press
678|2021-11-24 20:09:09,722|Key.backspace|release
679|2021-11-24 20:09:10,653|'e'|press
680|2021-11-24 20:09:10,723|'t'|press
681|2021-11-24 20:09:10,774|'e'|release
682|2021-11-24 20:09:10,849|'t'|release
683|2021-11-24 20:09:11,387|Key.space|press
684|2021-11-24 20:09:11,494|Key.space|release
685|2021-11-24 20:09:11,527|'s'|press
686|2021-11-24 20:09:11,631|'s'|release
687|2021-11-24 20:09:11,733|'a'|press
688|2021-11-24 20:09:11,836|'a'|release
689|2021-11-24 20:09:11,943|'s'|press
690|2021-11-24 20:09:12,061|'h'|press
691|2021-11-24 20:09:12,073|'s'|release
692|2021-11-24 20:09:12,140|'h'|release
693|2021-11-24 20:09:12,596|Key.space|press
694|2021-11-24 20:09:12,697|Key.space|release
695|2021-11-24 20:09:12,703|'a'|press
696|2021-11-24 20:09:12,800|'b'|press
697|2021-11-24 20:09:12,810|'a'|release
698|2021-11-24 20:09:12,899|'b'|release
699|2021-11-24 20:09:12,959|'o'|press
700|2021-11-24 20:09:13,015|'u'|press
701|2021-11-24 20:09:13,055|'o'|release
702|2021-11-24 20:09:13,125|'u'|release
703|2021-11-24 20:09:13,138|'t'|press
704|2021-11-24 20:09:13,257|'t'|release
705|2021-11-24 20:09:13,472|Key.space|press
706|2021-11-24 20:09:13,580|Key.space|release
707|2021-11-24 20:09:13,832|'h'|press
708|2021-11-24 20:09:13,903|'h'|release
709|2021-11-24 20:09:13,958|'e'|press
710|2021-11-24 20:09:14,024|'r'|press
711|2021-11-24 20:09:14,085|'e'|release
712|2021-11-24 20:09:14,168|'r'|release
713|2021-11-24 20:09:14,417|Key.space|press
714|2021-11-24 20:09:14,515|Key.space|release
715|2021-11-24 20:09:14,750|'w'|press
716|2021-11-24 20:09:14,860|'w'|release
717|2021-11-24 20:09:14,877|'a'|press
718|2021-11-24 20:09:15,012|'a'|release
719|2021-11-24 20:09:15,861|'i'|press
720|2021-11-24 20:09:15,947|'i'|release
721|2021-11-24 20:09:15,962|'s'|press
722|2021-11-24 20:09:16,069|'s'|release
723|2021-11-24 20:09:16,479|'t'|press
724|2021-11-24 20:09:16,584|'t'|release
725|2021-11-24 20:09:16,635|','|press
726|2021-11-24 20:09:16,705|Key.space|press
727|2021-11-24 20:09:16,753|','|release
728|2021-11-24 20:09:16,833|Key.space|release
729|2021-11-24 20:09:17,142|'a'|press
730|2021-11-24 20:09:17,223|'n'|press
731|2021-11-24 20:09:17,241|'a'|release
732|2021-11-24 20:09:17,308|'d'|press
733|2021-11-24 20:09:17,321|'n'|release
734|2021-11-24 20:09:17,395|Key.space|press
735|2021-11-24 20:09:17,427|'d'|release
736|2021-11-24 20:09:17,494|Key.space|release
737|2021-11-24 20:09:18,155|'b'|press
738|2021-11-24 20:09:18,239|'b'|release
739|2021-11-24 20:09:18,297|'a'|press
740|2021-11-24 20:09:18,413|'a'|release
741|2021-11-24 20:09:18,615|Key.backspace|press
742|2021-11-24 20:09:18,685|'e'|press
743|2021-11-24 20:09:18,694|Key.backspace|release
744|2021-11-24 20:09:18,778|'g'|press
745|2021-11-24 20:09:18,791|'e'|release
746|2021-11-24 20:09:18,884|'g'|release
747|2021-11-24 20:09:18,913|'a'|press
748|2021-11-24 20:09:18,989|'n'|press
749|2021-11-24 20:09:19,035|'a'|release
750|2021-11-24 20:09:19,080|'n'|release
751|2021-11-24 20:09:19,404|Key.space|press
752|2021-11-24 20:09:19,481|'a'|press
753|2021-11-24 20:09:19,497|Key.space|release
754|2021-11-24 20:09:19,598|'a'|release
755|2021-11-24 20:09:19,620|'r'|press
756|2021-11-24 20:09:19,708|'r'|release
757|2021-11-24 20:09:19,762|'r'|press
758|2021-11-24 20:09:19,826|'a'|press
759|2021-11-24 20:09:19,855|'r'|release
760|2021-11-24 20:09:19,939|'n'|press
761|2021-11-24 20:09:19,947|'a'|release
762|2021-11-24 20:09:20,031|'n'|release
763|2021-11-24 20:09:20,041|'g'|press
764|2021-11-24 20:09:20,147|'g'|release
765|2021-11-24 20:09:20,172|'i'|press
766|2021-11-24 20:09:20,239|'n'|press
767|2021-11-24 20:09:20,300|'i'|release
768|2021-11-24 20:09:20,366|'n'|release
769|2021-11-24 20:09:20,371|'g'|press
770|2021-11-24 20:09:20,483|'g'|release
771|2021-11-24 20:09:20,903|Key.space|press
772|2021-11-24 20:09:21,006|'t'|press
773|2021-11-24 20:09:21,014|Key.space|release
774|2021-11-24 20:09:21,079|'h'|press
775|2021-11-24 20:09:21,113|'t'|release
776|2021-11-24 20:09:21,146|'e'|press
777|2021-11-24 20:09:21,171|'h'|release
778|2021-11-24 20:09:21,238|Key.space|press
779|2021-11-24 20:09:21,261|'e'|release
780|2021-11-24 20:09:21,343|Key.space|release
781|2021-11-24 20:09:21,389|'d'|press
782|2021-11-24 20:09:21,504|'e'|press
783|2021-11-24 20:09:21,544|'d'|release
784|2021-11-24 20:09:21,612|'e'|release
785|2021-11-24 20:09:21,823|'t'|press
786|2021-11-24 20:09:21,929|'t'|release
787|2021-11-24 20:09:21,971|'a'|press
788|2021-11-24 20:09:22,087|'a'|release
789|2021-11-24 20:09:22,297|'i'|press
790|2021-11-24 20:09:22,383|'l'|press
791|2021-11-24 20:09:22,444|'i'|release
792|2021-11-24 20:09:22,502|'l'|release
793|2021-11-24 20:09:22,535|'s'|press
794|2021-11-24 20:09:22,658|'s'|release
795|2021-11-24 20:09:22,662|Key.space|press
796|2021-11-24 20:09:22,786|Key.space|release
797|2021-11-24 20:09:22,851|'o'|press
798|2021-11-24 20:09:22,941|'o'|release
799|2021-11-24 20:09:23,027|'t'|press
800|2021-11-24 20:09:23,148|'t'|release
801|2021-11-24 20:09:23,521|Key.backspace|press
802|2021-11-24 20:09:23,622|Key.backspace|release
803|2021-11-24 20:09:23,722|'f'|press
804|2021-11-24 20:09:23,768|Key.space|press
805|2021-11-24 20:09:23,817|'f'|release
806|2021-11-24 20:09:23,863|Key.space|release
807|2021-11-24 20:09:23,883|'t'|press
808|2021-11-24 20:09:23,931|'h'|press
809|2021-11-24 20:09:23,986|'t'|release
810|2021-11-24 20:09:24,012|'e'|press
811|2021-11-24 20:09:24,022|'h'|release
812|2021-11-24 20:09:24,099|Key.space|press
813|2021-11-24 20:09:24,124|'e'|release
814|2021-11-24 20:09:24,195|Key.space|release
815|2021-11-24 20:09:24,521|'j'|press
816|2021-11-24 20:09:24,603|'j'|release
817|2021-11-24 20:09:24,611|'o'|press
818|2021-11-24 20:09:24,691|'u'|press
819|2021-11-24 20:09:24,733|'o'|release
820|2021-11-24 20:09:24,772|'r'|press
821|2021-11-24 20:09:24,782|'u'|release
822|2021-11-24 20:09:24,871|'n'|press
823|2021-11-24 20:09:24,888|'r'|release
824|2021-11-24 20:09:24,969|'n'|release
825|2021-11-24 20:09:25,019|'e'|press
826|2021-11-24 20:09:25,064|'e'|release
827|2021-11-24 20:09:25,721|Key.backspace|press
828|2021-11-24 20:09:25,791|Key.backspace|release
829|2021-11-24 20:09:25,804|'z'|press
830|2021-11-24 20:09:25,907|'z'|release
831|2021-11-24 20:09:26,252|Key.backspace|press
832|2021-11-24 20:09:26,327|Key.backspace|release
833|2021-11-24 20:09:26,561|'e'|press
834|2021-11-24 20:09:26,630|'z'|press
835|2021-11-24 20:09:26,676|'e'|release
836|2021-11-24 20:09:26,688|Key.space|press
837|2021-11-24 20:09:26,731|Key.space|release
838|2021-11-24 20:09:26,745|'z'|release
839|2021-11-24 20:09:27,126|Key.backspace|press
840|2021-11-24 20:09:27,209|Key.backspace|release
841|2021-11-24 20:09:27,242|Key.backspace|press
842|2021-11-24 20:09:27,310|'z'|press
843|2021-11-24 20:09:27,321|Key.backspace|release
844|2021-11-24 20:09:27,419|'z'|release
845|2021-11-24 20:09:27,871|Key.backspace|press
846|2021-11-24 20:09:27,967|Key.backspace|release
847|2021-11-24 20:09:28,422|'y'|press
848|2021-11-24 20:09:28,531|'y'|release
849|2021-11-24 20:09:29,050|Key.space|press
850|2021-11-24 20:09:29,162|Key.space|release
851|2021-11-24 20:09:29,304|'h'|press
852|2021-11-24 20:09:29,401|'h'|release
853|2021-11-24 20:09:29,451|'o'|press
854|2021-11-24 20:09:29,537|'o'|release
855|2021-11-24 20:09:29,635|'m'|press
856|2021-11-24 20:09:29,717|'m'|release
857|2021-11-24 20:09:29,768|'e'|press
858|2021-11-24 20:09:29,870|'e'|release
859|2021-11-24 20:09:29,885|Key.shift_r|press
860|2021-11-24 20:09:29,911|'.'|press
861|2021-11-24 20:09:29,990|Key.shift_r|release
862|2021-11-24 20:09:30,027|';'|release
863|2021-11-24 20:09:30,192|Key.space|press
864|2021-11-24 20:09:30,236|Key.shift_r|press
865|2021-11-24 20:09:30,293|Key.space|release
866|2021-11-24 20:09:30,502|'O'|press
867|2021-11-24 20:09:30,626|'O'|release
868|2021-11-24 20:09:30,673|Key.shift_r|release
869|2021-11-24 20:09:30,950|Key.backspace|press
870|2021-11-24 20:09:31,031|Key.backspace|release
871|2021-11-24 20:09:31,110|Key.shift_r|press
872|2021-11-24 20:09:31,228|'I'|press
873|2021-11-24 20:09:31,312|Key.shift_r|release
874|2021-11-24 20:09:31,351|'i'|release
875|2021-11-24 20:09:31,404|'t'|press
876|2021-11-24 20:09:31,497|Key.space|press
877|2021-11-24 20:09:31,519|'t'|release
878|2021-11-24 20:09:31,608|Key.space|release
879|2021-11-24 20:09:31,843|'s'|press
880|2021-11-24 20:09:31,926|'s'|release
881|2021-11-24 20:09:31,981|'e'|press
882|2021-11-24 20:09:32,081|'e'|release
883|2021-11-24 20:09:32,171|'e'|press
884|2021-11-24 20:09:32,249|'m'|press
885|2021-11-24 20:09:32,259|'e'|release
886|2021-11-24 20:09:32,334|'m'|release
887|2021-11-24 20:09:32,357|'s'|press
888|2021-11-24 20:09:32,452|'s'|release
889|2021-11-24 20:09:32,660|Key.backspace|press
890|2021-11-24 20:09:32,705|'e'|press
891|2021-11-24 20:09:32,723|Key.backspace|release
892|2021-11-24 20:09:32,756|'d'|press
893|2021-11-24 20:09:32,808|'e'|release
894|2021-11-24 20:09:32,882|'d'|release
895|2021-11-24 20:09:33,879|Key.space|press
896|2021-11-24 20:09:33,973|Key.space|release
897|2021-11-24 20:09:34,034|'n'|press
898|2021-11-24 20:09:34,112|'a'|press
899|2021-11-24 20:09:34,120|'n'|release
900|2021-11-24 20:09:34,211|'a'|release
901|2021-11-24 20:09:34,261|'t'|press
902|2021-11-24 20:09:34,371|'t'|release
903|2021-11-24 20:09:34,461|'u'|press
904|2021-11-24 20:09:34,553|'u'|release
905|2021-11-24 20:09:34,673|'r'|press
906|2021-11-24 20:09:34,759|'a'|press
907|2021-11-24 20:09:34,778|'r'|release
908|2021-11-24 20:09:34,870|'a'|release
909|2021-11-24 20:09:34,876|'l'|press
910|2021-11-24 20:09:34,943|'l'|release
911|2021-11-24 20:09:34,997|'l'|press
912|2021-11-24 20:09:35,091|'l'|release
913|2021-11-24 20:09:35,101|'y'|press
914|2021-11-24 20:09:35,213|Key.space|press
915|2021-11-24 20:09:35,221|'y'|release
916|2021-11-24 20:09:35,311|Key.space|release
917|2021-11-24 20:09:35,585|Key.backspace|press
918|2021-11-24 20:09:35,663|Key.backspace|release
919|2021-11-24 20:09:35,694|Key.backspace|press
920|2021-11-24 20:09:35,789|Key.backspace|release
921|2021-11-24 20:09:35,822|Key.backspace|press
922|2021-11-24 20:09:35,935|Key.backspace|release
923|2021-11-24 20:09:36,433|'l'|press
924|2021-11-24 20:09:36,533|'l'|release
925|2021-11-24 20:09:36,590|'y'|press
926|2021-11-24 20:09:36,696|'y'|release
927|2021-11-24 20:09:36,709|Key.space|press
928|2021-11-24 20:09:36,827|Key.space|release
929|2021-11-24 20:09:37,536|Key.backspace|press
930|2021-11-24 20:09:37,614|Key.backspace|release
931|2021-11-24 20:09:37,657|Key.backspace|press
932|2021-11-24 20:09:37,770|Key.backspace|release
933|2021-11-24 20:09:37,872|Key.backspace|press
934|2021-11-24 20:09:37,974|Key.backspace|release
935|2021-11-24 20:09:38,971|Key.space|press
936|2021-11-24 20:09:39,078|Key.space|release
937|2021-11-24 20:09:39,106|'t'|press
938|2021-11-24 20:09:39,150|'o'|press
939|2021-11-24 20:09:39,199|Key.space|press
940|2021-11-24 20:09:39,210|'t'|release
941|2021-11-24 20:09:39,240|'o'|release
942|2021-11-24 20:09:39,278|Key.space|release
943|2021-11-24 20:09:39,910|'l'|press
944|2021-11-24 20:09:40,011|'l'|release
945|2021-11-24 20:09:40,062|'e'|press
946|2021-11-24 20:09:40,158|'a'|press
947|2021-11-24 20:09:40,184|'e'|release
948|2021-11-24 20:09:40,282|'a'|release
949|2021-11-24 20:09:40,338|'v'|press
950|2021-11-24 20:09:40,428|'e'|press
951|2021-11-24 20:09:40,461|'v'|release
952|2021-11-24 20:09:40,553|'e'|release
953|2021-11-24 20:09:40,877|Key.space|press
954|2021-11-24 20:09:40,999|Key.space|release
955|2021-11-24 20:09:41,262|'t'|press
956|2021-11-24 20:09:41,328|'h'|press
957|2021-11-24 20:09:41,370|'t'|release
958|2021-11-24 20:09:41,424|'h'|release
959|2021-11-24 20:09:41,465|'i'|press
960|2021-11-24 20:09:41,557|'i'|release
961|2021-11-24 20:09:41,584|'s'|press
962|2021-11-24 20:09:41,682|Key.space|press
963|2021-11-24 20:09:41,691|'s'|release
964|2021-11-24 20:09:41,768|Key.space|release
965|2021-11-24 20:09:42,030|'t'|press
966|2021-11-24 20:09:42,165|'t'|release
967|2021-11-24 20:09:42,169|'h'|press
968|2021-11-24 20:09:42,261|'h'|release
969|2021-11-24 20:09:42,632|Key.backspace|press
970|2021-11-24 20:09:42,712|Key.backspace|release
971|2021-11-24 20:09:42,825|'o'|press
972|2021-11-24 20:09:42,875|Key.space|press
973|2021-11-24 20:09:42,928|'o'|release
974|2021-11-24 20:09:42,987|Key.space|release
975|2021-11-24 20:09:43,917|'h'|press
976|2021-11-24 20:09:44,009|'h'|release
977|2021-11-24 20:09:44,085|'e'|press
978|2021-11-24 20:09:44,143|'r'|press
979|2021-11-24 20:09:44,201|'e'|release
980|2021-11-24 20:09:44,282|'r'|release
981|2021-11-24 20:09:44,809|Key.shift_r|press
982|2021-11-24 20:09:44,872|'.'|press
983|2021-11-24 20:09:45,003|'.'|release
984|2021-11-24 20:09:45,568|Key.shift_r|release
985|2021-11-24 20:09:45,790|Key.space|press
986|2021-11-24 20:09:45,870|Key.space|release
987|2021-11-24 20:09:45,991|Key.shift_r|press
988|2021-11-24 20:09:46,252|'S'|press
989|2021-11-24 20:09:46,347|Key.shift_r|release
990|2021-11-24 20:09:46,355|'s'|release
991|2021-11-24 20:09:46,560|'h'|press
992|2021-11-24 20:09:46,644|'h'|release
993|2021-11-24 20:09:46,667|'e'|press
994|2021-11-24 20:09:46,751|Key.space|press
995|2021-11-24 20:09:46,768|'e'|release
996|2021-11-24 20:09:46,830|Key.space|release
997|2021-11-24 20:09:47,255|'o'|press
998|2021-11-24 20:09:47,325|'o'|release
999|2021-11-24 20:09:47,485|'b'|press
1000|2021-11-24 20:09:47,580|'b'|release
1001|2021-11-24 20:09:47,982|'v'|press
1002|2021-11-24 20:09:48,086|'v'|release
1003|2021-11-24 20:09:48,112|'i'|press
1004|2021-11-24 20:09:48,197|'i'|release
1005|2021-11-24 20:09:48,295|'o'|press
1006|2021-11-24 20:09:48,382|'u'|press
1007|2021-11-24 20:09:48,401|'o'|release
1008|2021-11-24 20:09:48,495|'u'|release
1009|2021-11-24 20:09:48,521|'l'|press
1010|2021-11-24 20:09:48,621|'l'|release
1011|2021-11-24 20:09:48,872|'s'|press
1012|2021-11-24 20:09:48,978|'s'|release
1013|2021-11-24 20:09:49,725|Key.backspace|press
1014|2021-11-24 20:09:49,822|Key.backspace|release
1015|2021-11-24 20:09:49,837|Key.backspace|press
1016|2021-11-24 20:09:49,937|Key.backspace|release
1017|2021-11-24 20:09:51,453|'s'|press
1018|2021-11-24 20:09:51,545|'l'|press
1019|2021-11-24 20:09:51,557|'s'|release
1020|2021-11-24 20:09:51,637|'l'|release
1021|2021-11-24 20:09:51,748|'y'|press
1022|2021-11-24 20:09:51,829|'y'|release
1023|2021-11-24 20:09:52,215|Key.space|press
1024|2021-11-24 20:09:52,321|Key.space|release
1025|2021-11-24 20:09:52,520|'h'|press
1026|2021-11-24 20:09:52,613|'h'|release
1027|2021-11-24 20:09:52,703|'a'|press
1028|2021-11-24 20:09:52,804|'d'|press
1029|2021-11-24 20:09:52,856|'a'|release
1030|2021-11-24 20:09:52,931|'d'|release
1031|2021-11-24 20:09:53,222|Key.space|press
1032|2021-11-24 20:09:53,308|Key.space|release
1033|2021-11-24 20:09:53,318|'a'|press
1034|2021-11-24 20:09:53,420|Key.space|press
1035|2021-11-24 20:09:53,436|'a'|release
1036|2021-11-24 20:09:53,524|Key.space|release
1037|2021-11-24 20:09:53,865|'p'|press
1038|2021-11-24 20:09:53,953|'p'|release
1039|2021-11-24 20:09:54,037|'r'|press
1040|2021-11-24 20:09:54,120|'a'|press
1041|2021-11-24 20:09:54,174|'r'|release
1042|2021-11-24 20:09:54,247|'a'|release
1043|2021-11-24 20:09:54,672|'t'|press
1044|2021-11-24 20:09:54,779|'t'|release
1045|2021-11-24 20:09:55,377|'c'|press
1046|2021-11-24 20:09:55,458|'i'|press
1047|2021-11-24 20:09:55,496|'c'|release
1048|2021-11-24 20:09:55,538|'i'|release
1049|2021-11-24 20:09:55,568|'a'|press
1050|2021-11-24 20:09:55,674|'a'|release
1051|2021-11-24 20:09:55,853|Key.backspace|press
1052|2021-11-24 20:09:55,926|Key.backspace|release
1053|2021-11-24 20:09:55,959|Key.backspace|press
1054|2021-11-24 20:09:56,051|Key.backspace|release
1055|2021-11-24 20:09:56,089|Key.backspace|press
1056|2021-11-24 20:09:56,182|Key.backspace|release
1057|2021-11-24 20:09:56,413|Key.backspace|press
1058|2021-11-24 20:09:56,503|Key.backspace|release
1059|2021-11-24 20:09:56,852|'c'|press
1060|2021-11-24 20:09:56,961|'c'|release
1061|2021-11-24 20:09:57,056|'t'|press
1062|2021-11-24 20:09:57,151|'i'|press
1063|2021-11-24 20:09:57,161|'t'|release
1064|2021-11-24 20:09:57,238|'i'|release
1065|2021-11-24 20:09:57,572|'c'|press
1066|2021-11-24 20:09:57,630|'a'|press
1067|2021-11-24 20:09:57,687|'c'|release
1068|2021-11-24 20:09:57,719|'l'|press
1069|2021-11-24 20:09:57,753|'a'|release
1070|2021-11-24 20:09:57,820|'l'|release
1071|2021-11-24 20:09:58,367|Key.space|press
1072|2021-11-24 20:09:58,480|Key.space|release
1073|2021-11-24 20:09:58,500|'c'|press
1074|2021-11-24 20:09:58,614|'c'|release
1075|2021-11-24 20:09:58,641|'u'|press
1076|2021-11-24 20:09:58,745|'u'|release
1077|2021-11-24 20:09:58,819|'n'|press
1078|2021-11-24 20:09:58,897|'n'|release
1079|2021-11-24 20:09:58,949|'n'|press
1080|2021-11-24 20:09:59,067|'n'|release
1081|2021-11-24 20:09:59,072|'i'|press
1082|2021-11-24 20:09:59,136|'n'|press
1083|2021-11-24 20:09:59,189|'i'|release
1084|2021-11-24 20:09:59,231|'n'|release
1085|2021-11-24 20:09:59,241|'g'|press
1086|2021-11-24 20:09:59,365|'g'|release
1087|2021-11-24 20:09:59,761|Key.space|press
1088|2021-11-24 20:09:59,862|Key.space|release
1089|2021-11-24 20:10:00,274|'w'|press
1090|2021-11-24 20:10:00,367|'h'|press
1091|2021-11-24 20:10:00,389|'w'|release
1092|2021-11-24 20:10:00,428|'i'|press
1093|2021-11-24 20:10:00,468|'h'|release
1094|2021-11-24 20:10:00,571|'i'|release
1095|2021-11-24 20:10:00,644|'c'|press
1096|2021-11-24 20:10:00,701|'h'|press
1097|2021-11-24 20:10:00,744|'c'|release
1098|2021-11-24 20:10:00,801|'h'|release
1099|2021-11-24 20:10:01,413|Key.space|press
1100|2021-11-24 20:10:01,513|Key.space|release
1101|2021-11-24 20:10:01,620|Key.shift_r|press
1102|2021-11-24 20:10:01,766|'W'|press
1103|2021-11-24 20:10:01,837|Key.shift_r|release
1104|2021-11-24 20:10:01,879|'w'|release
1105|2021-11-24 20:10:01,909|'i'|press
1106|2021-11-24 20:10:01,970|'n'|press
1107|2021-11-24 20:10:02,042|'i'|release
1108|2021-11-24 20:10:02,093|'n'|release
1109|2021-11-24 20:10:02,097|'s'|press
1110|2021-11-24 20:10:02,199|'s'|release
1111|2021-11-24 20:10:02,265|'t'|press
1112|2021-11-24 20:10:02,357|'o'|press
1113|2021-11-24 20:10:02,374|'t'|release
1114|2021-11-24 20:10:02,421|'n'|press
1115|2021-11-24 20:10:02,497|'o'|release
1116|2021-11-24 20:10:02,545|'n'|release
1117|2021-11-24 20:10:03,006|Key.space|press
1118|2021-11-24 20:10:03,115|Key.space|release
1119|2021-11-24 20:10:03,257|'l'|press
1120|2021-11-24 20:10:03,356|'l'|release
1121|2021-11-24 20:10:03,369|'a'|press
1122|2021-11-24 20:10:03,490|'a'|release
1123|2021-11-24 20:10:03,522|'c'|press
1124|2021-11-24 20:10:03,632|'k'|press
1125|2021-11-24 20:10:03,642|'c'|release
1126|2021-11-24 20:10:03,719|'k'|release
1127|2021-11-24 20:10:03,739|'e'|press
1128|2021-11-24 20:10:03,800|'d'|press
1129|2021-11-24 20:10:03,848|'e'|release
1130|2021-11-24 20:10:03,885|Key.space|press
1131|2021-11-24 20:10:03,922|'d'|release
1132|2021-11-24 20:10:03,980|Key.space|release
1133|2021-11-24 20:10:04,412|Key.backspace|press
1134|2021-11-24 20:10:04,496|Key.backspace|release
1135|2021-11-24 20:10:04,681|','|press
1136|2021-11-24 20:10:04,738|Key.space|press
1137|2021-11-24 20:10:04,796|','|release
1138|2021-11-24 20:10:04,846|Key.space|release
1139|2021-11-24 20:10:04,995|'a'|press
1140|2021-11-24 20:10:05,094|'n'|press
1141|2021-11-24 20:10:05,111|'a'|release
1142|2021-11-24 20:10:05,181|'n'|release
1143|2021-11-24 20:10:05,203|'d'|press
1144|2021-11-24 20:10:05,283|Key.space|press
1145|2021-11-24 20:10:05,328|'d'|release
1146|2021-11-24 20:10:05,392|Key.space|release
1147|2021-11-24 20:10:05,686|'s'|press
1148|2021-11-24 20:10:05,787|'h'|press
1149|2021-11-24 20:10:05,797|'s'|release
1150|2021-11-24 20:10:05,880|'e'|press
1151|2021-11-24 20:10:05,888|'h'|release
1152|2021-11-24 20:10:05,965|Key.space|press
1153|2021-11-24 20:10:05,984|'e'|release
1154|2021-11-24 20:10:06,061|Key.space|release
1155|2021-11-24 20:10:06,225|'s'|press
1156|2021-11-24 20:10:06,332|'s'|release
1157|2021-11-24 20:10:06,377|'e'|press
1158|2021-11-24 20:10:06,475|'e'|release
1159|2021-11-24 20:10:06,538|'e'|press
1160|2021-11-24 20:10:06,620|'m'|press
1161|2021-11-24 20:10:06,630|'e'|release
1162|2021-11-24 20:10:06,699|'m'|release
1163|2021-11-24 20:10:07,081|'e'|press
1164|2021-11-24 20:10:07,132|'d'|press
1165|2021-11-24 20:10:07,181|'e'|release
1166|2021-11-24 20:10:07,271|'d'|release
1167|2021-11-24 20:10:07,610|Key.space|press
1168|2021-11-24 20:10:07,712|Key.space|release
1169|2021-11-24 20:10:07,719|'a'|press
1170|2021-11-24 20:10:07,818|'a'|release
1171|2021-11-24 20:10:07,822|'l'|press
1172|2021-11-24 20:10:07,922|'l'|release
1173|2021-11-24 20:10:07,936|'s'|press
1174|2021-11-24 20:10:08,027|'o'|press
1175|2021-11-24 20:10:08,041|'s'|release
1176|2021-11-24 20:10:08,092|Key.space|press
1177|2021-11-24 20:10:08,125|'o'|release
1178|2021-11-24 20:10:08,187|Key.space|release
1179|2021-11-24 20:10:08,935|'t'|press
1180|2021-11-24 20:10:09,035|'o'|press
1181|2021-11-24 20:10:09,044|'t'|release
1182|2021-11-24 20:10:09,117|Key.space|press
1183|2021-11-24 20:10:09,163|'o'|release
1184|2021-11-24 20:10:09,232|Key.space|release
1185|2021-11-24 20:10:09,280|'h'|press
1186|2021-11-24 20:10:09,376|'h'|release
1187|2021-11-24 20:10:09,386|'a'|press
1188|2021-11-24 20:10:09,498|'a'|release
1189|2021-11-24 20:10:09,508|'v'|press
1190|2021-11-24 20:10:09,604|'v'|release
1191|2021-11-24 20:10:09,655|'e'|press
1192|2021-11-24 20:10:09,761|'e'|release
1193|2021-11-24 20:10:09,767|Key.space|press
1194|2021-11-24 20:10:09,866|Key.space|release
1195|2021-11-24 20:10:09,951|'a'|press
1196|2021-11-24 20:10:10,061|'a'|release
1197|2021-11-24 20:10:10,075|'n'|press
1198|2021-11-24 20:10:10,177|'n'|release
1199|2021-11-24 20:10:10,192|Key.space|press
1200|2021-11-24 20:10:10,296|Key.space|release
1201|2021-11-24 20:10:10,788|'e'|press
1202|2021-11-24 20:10:10,882|'e'|release
1203|2021-11-24 20:10:11,055|'x'|press
1204|2021-11-24 20:10:11,160|'x'|release
1205|2021-11-24 20:10:11,246|'h'|press
1206|2021-11-24 20:10:11,337|'h'|release
1207|2021-11-24 20:10:11,399|'a'|press
1208|2021-11-24 20:10:11,481|'u'|press
1209|2021-11-24 20:10:11,499|'a'|release
1210|2021-11-24 20:10:11,559|'u'|release
1211|2021-11-24 20:10:11,617|'s'|press
1212|2021-11-24 20:10:11,720|'s'|release
1213|2021-11-24 20:10:11,783|'t'|press
1214|2021-11-24 20:10:11,880|'i'|press
1215|2021-11-24 20:10:11,890|'t'|release
1216|2021-11-24 20:10:11,979|'i'|release
1217|2021-11-24 20:10:12,005|'v'|press
1218|2021-11-24 20:10:12,081|'e'|press
1219|2021-11-24 20:10:12,110|'v'|release
1220|2021-11-24 20:10:12,190|Key.space|press
1221|2021-11-24 20:10:12,197|'e'|release
1222|2021-11-24 20:10:12,268|Key.space|release
1223|2021-11-24 20:10:12,951|'k'|press
1224|2021-11-24 20:10:13,038|'k'|release
1225|2021-11-24 20:10:13,144|'n'|press
1226|2021-11-24 20:10:13,241|'n'|release
1227|2021-11-24 20:10:13,312|'o'|press
1228|2021-11-24 20:10:13,401|'o'|release
1229|2021-11-24 20:10:13,594|'w'|press
1230|2021-11-24 20:10:13,703|'w'|release
1231|2021-11-24 20:10:13,992|'l'|press
1232|2021-11-24 20:10:14,098|'l'|release
1233|2021-11-24 20:10:14,136|'e'|press
1234|2021-11-24 20:10:14,243|'e'|release
1235|2021-11-24 20:10:14,446|'d'|press
1236|2021-11-24 20:10:14,549|'d'|release
1237|2021-11-24 20:10:14,619|'g'|press
1238|2021-11-24 20:10:14,721|'g'|release
1239|2021-11-24 20:10:14,758|'e'|press
1240|2021-11-24 20:10:14,859|Key.space|press
1241|2021-11-24 20:10:14,869|'e'|release
1242|2021-11-24 20:10:14,946|Key.space|release
1243|2021-11-24 20:10:15,144|'o'|press
1244|2021-11-24 20:10:15,233|'o'|release
1245|2021-11-24 20:10:15,262|'f'|press
1246|2021-11-24 20:10:15,336|Key.space|press
1247|2021-11-24 20:10:15,384|'f'|release
1248|2021-11-24 20:10:15,443|Key.space|release
1249|2021-11-24 20:10:15,468|'t'|press
1250|2021-11-24 20:10:15,524|'h'|press
1251|2021-11-24 20:10:15,571|'t'|release
1252|2021-11-24 20:10:15,624|'h'|release
1253|2021-11-24 20:10:15,679|'e'|press
1254|2021-11-24 20:10:15,789|Key.space|press
1255|2021-11-24 20:10:15,799|'e'|release
1256|2021-11-24 20:10:15,889|Key.space|release
1257|2021-11-24 20:10:16,344|'c'|press
1258|2021-11-24 20:10:16,430|'o'|press
1259|2021-11-24 20:10:16,444|'c'|release
1260|2021-11-24 20:10:16,499|'u'|press
1261|2021-11-24 20:10:16,551|'o'|release
1262|2021-11-24 20:10:16,584|'n'|press
1263|2021-11-24 20:10:16,653|'u'|release
1264|2021-11-24 20:10:16,711|'n'|release
1265|2021-11-24 20:10:16,817|'t'|press
1266|2021-11-24 20:10:16,905|'r'|press
1267|2021-11-24 20:10:16,968|'t'|release
1268|2021-11-24 20:10:17,024|'r'|release
1269|2021-11-24 20:10:17,160|'y'|press
1270|2021-11-24 20:10:17,247|'y'|release
1271|2021-11-24 20:10:17,314|'s'|press
1272|2021-11-24 20:10:17,416|'i'|press
1273|2021-11-24 20:10:17,424|'s'|release
1274|2021-11-24 20:10:17,502|'i'|release
1275|2021-11-24 20:10:17,529|'d'|press
1276|2021-11-24 20:10:17,605|'e'|press
1277|2021-11-24 20:10:17,669|'d'|release
1278|2021-11-24 20:10:17,675|Key.space|press
1279|2021-11-24 20:10:17,734|'e'|release
1280|2021-11-24 20:10:17,752|Key.space|release
1281|2021-11-24 20:10:18,314|'r'|press
1282|2021-11-24 20:10:18,428|'r'|release
1283|2021-11-24 20:10:18,455|'o'|press
1284|2021-11-24 20:10:18,536|'u'|press
1285|2021-11-24 20:10:18,587|'o'|release
1286|2021-11-24 20:10:18,614|'n'|press
1287|2021-11-24 20:10:18,681|'u'|release
1288|2021-11-24 20:10:18,735|'n'|release
1289|2021-11-24 20:10:18,798|'d'|press
1290|2021-11-24 20:10:18,900|Key.space|press
1291|2021-11-24 20:10:18,918|'d'|release
1292|2021-11-24 20:10:19,005|Key.space|release
1293|2021-11-24 20:10:19,187|Key.shift_r|press
1294|2021-11-24 20:10:19,307|'L'|press
1295|2021-11-24 20:10:19,404|Key.shift_r|release
1296|2021-11-24 20:10:19,442|'l'|release
1297|2021-11-24 20:10:19,520|'o'|press
1298|2021-11-24 20:10:19,585|'n'|press
1299|2021-11-24 20:10:19,651|'o'|release
1300|2021-11-24 20:10:19,712|'n'|release
1301|2021-11-24 20:10:19,732|'d'|press
1302|2021-11-24 20:10:19,798|'o'|press
1303|2021-11-24 20:10:19,854|'d'|release
1304|2021-11-24 20:10:19,871|'n'|press
1305|2021-11-24 20:10:19,924|'o'|release
1306|2021-11-24 20:10:19,977|'n'|release
1307|2021-11-24 20:10:20,304|Key.space|press
1308|2021-11-24 20:10:20,405|Key.space|release
1309|2021-11-24 20:10:20,502|'s'|press
1310|2021-11-24 20:10:20,617|'s'|release
1311|2021-11-24 20:10:20,756|'t'|press
1312|2021-11-24 20:10:20,870|'t'|release
1313|2021-11-24 20:10:20,988|'o'|press
1314|2021-11-24 20:10:21,088|'o'|release
1315|2021-11-24 20:10:21,129|'r'|press
1316|2021-11-24 20:10:21,235|'r'|release
1317|2021-11-24 20:10:21,280|'l'|press
1318|2021-11-24 20:10:21,362|'l'|release
1319|2021-11-24 20:10:21,555|Key.backspace|press
1320|2021-11-24 20:10:21,633|Key.backspace|release
1321|2021-11-24 20:10:21,675|Key.backspace|press
1322|2021-11-24 20:10:21,772|Key.backspace|release
1323|2021-11-24 20:10:21,810|Key.backspace|press
1324|2021-11-24 20:10:21,910|Key.backspace|release
1325|2021-11-24 20:10:21,947|Key.backspace|press
1326|2021-11-24 20:10:22,044|Key.backspace|release
1327|2021-11-24 20:10:22,092|Key.backspace|press
1328|2021-11-24 20:10:22,184|Key.backspace|release
1329|2021-11-24 20:10:22,225|Key.backspace|press
1330|2021-11-24 20:10:22,337|Key.backspace|release
1331|2021-11-24 20:10:22,750|','|press
1332|2021-11-24 20:10:22,823|Key.space|press
1333|2021-11-24 20:10:22,885|','|release
1334|2021-11-24 20:10:22,928|Key.space|release
1335|2021-11-24 20:10:22,985|'s'|press
1336|2021-11-24 20:10:23,090|'s'|release
1337|2021-11-24 20:10:23,165|'t'|press
1338|2021-11-24 20:10:23,243|'o'|press
1339|2021-11-24 20:10:23,267|'t'|release
1340|2021-11-24 20:10:23,336|'o'|release
1341|2021-11-24 20:10:23,357|'r'|press
1342|2021-11-24 20:10:23,482|'r'|release
1343|2021-11-24 20:10:23,508|'e'|press
1344|2021-11-24 20:10:23,580|'d'|press
1345|2021-11-24 20:10:23,633|'e'|release
1346|2021-11-24 20:10:23,647|Key.space|press
1347|2021-11-24 20:10:23,702|'d'|release
1348|2021-11-24 20:10:23,728|Key.space|release
1349|2021-11-24 20:10:24,038|'a'|press
1350|2021-11-24 20:10:24,152|'a'|release
1351|2021-11-24 20:10:24,435|'w'|press
1352|2021-11-24 20:10:24,552|'w'|release
1353|2021-11-24 20:10:24,859|'a'|press
1354|2021-11-24 20:10:24,974|'a'|release
1355|2021-11-24 20:10:25,152|'y'|press
1356|2021-11-24 20:10:25,247|'y'|release
1357|2021-11-24 20:10:25,785|Key.space|press
1358|2021-11-24 20:10:25,903|Key.space|release
1359|2021-11-24 20:10:25,971|'f'|press
1360|2021-11-24 20:10:26,076|'f'|release
1361|2021-11-24 20:10:26,095|'r'|press
1362|2021-11-24 20:10:26,146|'o'|press
1363|2021-11-24 20:10:26,207|'r'|release
1364|2021-11-24 20:10:26,213|'m'|press
1365|2021-11-24 20:10:26,270|Key.space|press
1366|2021-11-24 20:10:26,277|'o'|release
1367|2021-11-24 20:10:26,329|'m'|release
1368|2021-11-24 20:10:26,377|Key.space|release
1369|2021-11-24 20:10:26,833|'i'|press
1370|2021-11-24 20:10:26,882|'n'|press
1371|2021-11-24 20:10:26,972|'i'|release
1372|2021-11-24 20:10:27,019|'n'|release
1373|2021-11-24 20:10:27,161|'m'|press
1374|2021-11-24 20:10:27,248|'m'|release
1375|2021-11-24 20:10:27,314|'u'|press
1376|2021-11-24 20:10:27,403|'u'|release
1377|2021-11-24 20:10:27,670|Key.backspace|press
1378|2021-11-24 20:10:27,739|Key.backspace|release
1379|2021-11-24 20:10:27,778|Key.backspace|press
1380|2021-11-24 20:10:27,892|Key.backspace|release
1381|2021-11-24 20:10:30,077|'n'|press
1382|2021-11-24 20:10:30,164|'n'|release
1383|2021-11-24 20:10:30,253|'u'|press
1384|2021-11-24 20:10:30,334|'u'|release
1385|2021-11-24 20:10:30,437|'m'|press
1386|2021-11-24 20:10:30,523|'m'|release
1387|2021-11-24 20:10:30,587|'e'|press
1388|2021-11-24 20:10:30,683|'r'|press
1389|2021-11-24 20:10:30,693|'e'|release
1390|2021-11-24 20:10:30,802|'r'|release
1391|2021-11-24 20:10:30,847|'a'|press
1392|2021-11-24 20:10:30,966|'b'|press
1393|2021-11-24 20:10:30,976|'a'|release
1394|2021-11-24 20:10:31,052|'b'|release
1395|2021-11-24 20:10:31,141|'l'|press
1396|2021-11-24 20:10:31,229|'l'|release
1397|2021-11-24 20:10:31,235|'e'|press
1398|2021-11-24 20:10:31,312|Key.space|press
1399|2021-11-24 20:10:31,336|'e'|release
1400|2021-11-24 20:10:31,414|Key.space|release
1401|2021-11-24 20:10:31,891|'c'|press
1402|2021-11-24 20:10:31,999|'c'|release
1403|2021-11-24 20:10:32,034|'o'|press
1404|2021-11-24 20:10:32,129|'o'|release
1405|2021-11-24 20:10:32,183|'m'|press
1406|2021-11-24 20:10:32,266|'m'|release
1407|2021-11-24 20:10:32,318|'m'|press
1408|2021-11-24 20:10:32,403|'m'|release
1409|2021-11-24 20:10:32,522|'u'|press
1410|2021-11-24 20:10:32,599|'n'|press
1411|2021-11-24 20:10:32,651|'u'|release
1412|2021-11-24 20:10:32,726|'n'|release
1413|2021-11-24 20:10:32,747|'i'|press
1414|2021-11-24 20:10:32,847|'i'|release
1415|2021-11-24 20:10:32,937|'t'|press
1416|2021-11-24 20:10:33,000|'y'|press
1417|2021-11-24 20:10:33,042|'t'|release
1418|2021-11-24 20:10:33,078|'y'|release
1419|2021-11-24 20:10:33,627|Key.space|press
1420|2021-11-24 20:10:33,717|Key.space|release
1421|2021-11-24 20:10:34,214|'h'|press
1422|2021-11-24 20:10:34,307|'h'|release
1423|2021-11-24 20:10:34,349|'i'|press
1424|2021-11-24 20:10:34,433|'i'|release
1425|2021-11-24 20:10:34,546|'k'|press
1426|2021-11-24 20:10:34,604|'k'|release
1427|2021-11-24 20:10:34,665|'e'|press
1428|2021-11-24 20:10:34,767|'e'|release
1429|2021-11-24 20:10:34,880|'s'|press
1430|2021-11-24 20:10:34,973|'s'|release
1431|2021-11-24 20:10:35,367|Key.shift_r|press
1432|2021-11-24 20:10:35,386|'.'|press
1433|2021-11-24 20:10:35,479|Key.shift_r|release
1434|2021-11-24 20:10:35,500|';'|release
1435|2021-11-24 20:10:36,250|Key.space|press
1436|2021-11-24 20:10:36,305|Key.shift_r|press
1437|2021-11-24 20:10:36,348|Key.space|release
1438|2021-11-24 20:10:36,413|'T'|press
1439|2021-11-24 20:10:36,452|Key.shift_r|release
1440|2021-11-24 20:10:36,517|'t'|release
1441|2021-11-24 20:10:36,532|'h'|press
1442|2021-11-24 20:10:36,575|'e'|press
1443|2021-11-24 20:10:36,623|'h'|release
1444|2021-11-24 20:10:36,674|Key.space|press
1445|2021-11-24 20:10:36,684|'e'|release
1446|2021-11-24 20:10:36,761|'r'|press
1447|2021-11-24 20:10:36,783|Key.space|release
1448|2021-11-24 20:10:36,826|'o'|press
1449|2021-11-24 20:10:36,870|'r'|release
1450|2021-11-24 20:10:36,889|'u'|press
1451|2021-11-24 20:10:36,939|'o'|release
1452|2021-11-24 20:10:36,975|'t'|press
1453|2021-11-24 20:10:36,997|'u'|release
1454|2021-11-24 20:10:37,090|'e'|press
1455|2021-11-24 20:10:37,107|'t'|release
1456|2021-11-24 20:10:37,200|'e'|release
1457|2021-11-24 20:10:37,211|Key.space|press
1458|2021-11-24 20:10:37,311|Key.space|release
1459|2021-11-24 20:10:37,562|'s'|press
1460|2021-11-24 20:10:37,676|'s'|release
1461|2021-11-24 20:10:37,789|'h'|press
1462|2021-11-24 20:10:37,883|'h'|release
1463|2021-11-24 20:10:37,909|'e'|press
1464|2021-11-24 20:10:37,983|Key.space|press
1465|2021-11-24 20:10:38,009|'e'|release
1466|2021-11-24 20:10:38,100|Key.space|release
1467|2021-11-24 20:10:38,234|'g'|press
1468|2021-11-24 20:10:38,323|'g'|release
1469|2021-11-24 20:10:38,328|'a'|press
1470|2021-11-24 20:10:38,433|'v'|press
1471|2021-11-24 20:10:38,443|'a'|release
1472|2021-11-24 20:10:38,531|'v'|release
1473|2021-11-24 20:10:38,545|'e'|press
1474|2021-11-24 20:10:38,651|'e'|release
1475|2021-11-24 20:10:38,977|Key.space|press
1476|2021-11-24 20:10:39,095|Key.space|release
1477|2021-11-24 20:10:39,221|'h'|press
1478|2021-11-24 20:10:39,320|'h'|release
1479|2021-11-24 20:10:39,473|'i'|press
1480|2021-11-24 20:10:39,567|'m'|press
1481|2021-11-24 20:10:39,575|'i'|release
1482|2021-11-24 20:10:39,629|Key.space|press
1483|2021-11-24 20:10:39,676|'m'|release
1484|2021-11-24 20:10:39,738|Key.space|release
1485|2021-11-24 20:10:40,189|'w'|press
1486|2021-11-24 20:10:40,292|'w'|release
1487|2021-11-24 20:10:40,313|'a'|press
1488|2021-11-24 20:10:40,388|'s'|press
1489|2021-11-24 20:10:40,420|'a'|release
1490|2021-11-24 20:10:40,506|Key.space|press
1491|2021-11-24 20:10:40,516|'s'|release
1492|2021-11-24 20:10:40,602|Key.space|release
1493|2021-11-24 20:10:40,668|'q'|press
1494|2021-11-24 20:10:40,795|'q'|release
1495|2021-11-24 20:10:40,838|'u'|press
1496|2021-11-24 20:10:40,897|'i'|press
1497|2021-11-24 20:10:40,964|'u'|release
1498|2021-11-24 20:10:41,021|'i'|release
1499|2021-11-24 20:10:41,042|'t'|press
1500|2021-11-24 20:10:41,125|'e'|press
1501|2021-11-24 20:10:41,187|'t'|release
1502|2021-11-24 20:10:41,251|'e'|release
1503|2021-11-24 20:10:41,255|Key.space|press
1504|2021-11-24 20:10:41,349|Key.space|release
1505|2021-11-24 20:10:42,005|'d'|press
1506|2021-11-24 20:10:42,136|'d'|release
1507|2021-11-24 20:10:42,147|'i'|press
1508|2021-11-24 20:10:42,221|'i'|release
1509|2021-11-24 20:10:42,244|'f'|press
1510|2021-11-24 20:10:42,332|'f'|release
1511|2021-11-24 20:10:42,398|'f'|press
1512|2021-11-24 20:10:42,481|'f'|release
1513|2021-11-24 20:10:43,201|'r'|press
1514|2021-11-24 20:10:43,299|'e'|press
1515|2021-11-24 20:10:43,339|'r'|release
1516|2021-11-24 20:10:43,421|'e'|release
1517|2021-11-24 20:10:43,723|Key.backspace|press
1518|2021-11-24 20:10:43,790|Key.backspace|release
1519|2021-11-24 20:10:43,829|Key.backspace|press
1520|2021-11-24 20:10:43,911|Key.backspace|release
1521|2021-11-24 20:10:43,957|'e'|press
1522|2021-11-24 20:10:44,062|'e'|release
1523|2021-11-24 20:10:44,344|'r'|press
1524|2021-11-24 20:10:44,447|'r'|release
1525|2021-11-24 20:10:44,454|'e'|press
1526|2021-11-24 20:10:44,524|'n'|press
1527|2021-11-24 20:10:44,558|'e'|release
1528|2021-11-24 20:10:44,615|'n'|release
1529|2021-11-24 20:10:44,619|'t'|press
1530|2021-11-24 20:10:44,725|'t'|release
1531|2021-11-24 20:10:45,028|Key.space|press
1532|2021-11-24 20:10:45,139|Key.space|release
1533|2021-11-24 20:10:45,200|'f'|press
1534|2021-11-24 20:10:45,296|'r'|press
1535|2021-11-24 20:10:45,349|'f'|release
1536|2021-11-24 20:10:45,416|'r'|release
1537|2021-11-24 20:10:45,445|'o'|press
1538|2021-11-24 20:10:45,516|'m'|press
1539|2021-11-24 20:10:45,569|Key.space|press
1540|2021-11-24 20:10:45,584|'o'|release
1541|2021-11-24 20:10:45,629|'m'|release
1542|2021-11-24 20:10:45,689|Key.space|release
1543|2021-11-24 20:10:45,805|'t'|press
1544|2021-11-24 20:10:45,860|'h'|press
1545|2021-11-24 20:10:45,915|'t'|release
1546|2021-11-24 20:10:45,949|'e'|press
1547|2021-11-24 20:10:45,958|'h'|release
1548|2021-11-24 20:10:46,030|Key.space|press
1549|2021-11-24 20:10:46,062|'e'|release
1550|2021-11-24 20:10:46,148|Key.space|release
1551|2021-11-24 20:10:46,225|'o'|press
1552|2021-11-24 20:10:46,297|'n'|press
1553|2021-11-24 20:10:46,363|'o'|release
1554|2021-11-24 20:10:46,429|'n'|release
1555|2021-11-24 20:10:46,483|'e'|press
1556|2021-11-24 20:10:46,587|Key.space|press
1557|2021-11-24 20:10:46,595|'e'|release
1558|2021-11-24 20:10:46,681|Key.space|release
1559|2021-11-24 20:10:47,098|'b'|press
1560|2021-11-24 20:10:47,200|'b'|release
1561|2021-11-24 20:10:47,205|'y'|press
1562|2021-11-24 20:10:47,258|Key.space|press
1563|2021-11-24 20:10:47,314|'y'|release
1564|2021-11-24 20:10:47,387|Key.space|release
1565|2021-11-24 20:10:47,663|'w'|press
1566|2021-11-24 20:10:47,742|'h'|press
1567|2021-11-24 20:10:47,769|'w'|release
1568|2021-11-24 20:10:47,845|'h'|release
1569|2021-11-24 20:10:47,856|'i'|press
1570|2021-11-24 20:10:47,949|'i'|release
1571|2021-11-24 20:10:47,994|'c'|press
1572|2021-11-24 20:10:48,057|'h'|press
1573|2021-11-24 20:10:48,101|'c'|release
1574|2021-11-24 20:10:48,157|Key.space|press
1575|2021-11-24 20:10:48,189|'h'|release
1576|2021-11-24 20:10:48,283|Key.space|release
1577|2021-11-24 20:10:48,707|'h'|press
1578|2021-11-24 20:10:48,796|'e'|press
1579|2021-11-24 20:10:48,807|'h'|release
1580|2021-11-24 20:10:48,897|Key.space|press
1581|2021-11-24 20:10:48,907|'e'|release
1582|2021-11-24 20:10:49,007|Key.space|release
1583|2021-11-24 20:10:49,164|'h'|press
1584|2021-11-24 20:10:49,261|'h'|release
1585|2021-11-24 20:10:49,395|'a'|press
1586|2021-11-24 20:10:49,458|'d'|press
1587|2021-11-24 20:10:49,514|'a'|release
1588|2021-11-24 20:10:49,526|Key.space|press
1589|2021-11-24 20:10:49,600|'d'|release
1590|2021-11-24 20:10:49,619|Key.space|release
1591|2021-11-24 20:10:50,042|'c'|press
1592|2021-11-24 20:10:50,103|'o'|press
1593|2021-11-24 20:10:50,167|'c'|release
1594|2021-11-24 20:10:50,183|'m'|press
1595|2021-11-24 20:10:50,236|'o'|release
1596|2021-11-24 20:10:50,286|'m'|release
1597|2021-11-24 20:10:50,305|'e'|press
1598|2021-11-24 20:10:50,415|'e'|release
1599|2021-11-24 20:10:50,492|','|press
1600|2021-11-24 20:10:50,553|Key.space|press
1601|2021-11-24 20:10:50,603|','|release
1602|2021-11-24 20:10:50,658|Key.space|release
1603|2021-11-24 20:10:50,911|'a'|press
1604|2021-11-24 20:10:51,018|'a'|release
1605|2021-11-24 20:10:51,029|'n'|press
1606|2021-11-24 20:10:51,110|'n'|release
1607|2021-11-24 20:10:51,129|'d'|press
1608|2021-11-24 20:10:51,231|Key.space|press
1609|2021-11-24 20:10:51,241|'d'|release
1610|2021-11-24 20:10:51,329|Key.space|release
1611|2021-11-24 20:10:51,814|'b'|press
1612|2021-11-24 20:10:51,906|'b'|release
1613|2021-11-24 20:10:52,032|'r'|press
1614|2021-11-24 20:10:52,108|'o'|press
1615|2021-11-24 20:10:52,132|'r'|release
1616|2021-11-24 20:10:52,179|'u'|press
1617|2021-11-24 20:10:52,234|'o'|release
1618|2021-11-24 20:10:52,276|'u'|release
1619|2021-11-24 20:10:52,293|'g'|press
1620|2021-11-24 20:10:52,396|'g'|release
1621|2021-11-24 20:10:52,402|'h'|press
1622|2021-11-24 20:10:52,471|'t'|press
1623|2021-11-24 20:10:52,481|'h'|release
1624|2021-11-24 20:10:52,578|'t'|release
1625|2021-11-24 20:10:52,587|Key.space|press
1626|2021-11-24 20:10:52,683|Key.space|release
1627|2021-11-24 20:10:53,145|'h'|press
1628|2021-11-24 20:10:53,252|'h'|release
1629|2021-11-24 20:10:53,257|'i'|press
1630|2021-11-24 20:10:53,360|'i'|release
1631|2021-11-24 20:10:53,372|'m'|press
1632|2021-11-24 20:10:53,453|Key.space|press
1633|2021-11-24 20:10:53,470|'m'|release
1634|2021-11-24 20:10:53,552|Key.space|release
1635|2021-11-24 20:10:53,986|'o'|press
1636|2021-11-24 20:10:54,046|'u'|press
1637|2021-11-24 20:10:54,110|'o'|release
1638|2021-11-24 20:10:54,167|'u'|release
1639|2021-11-24 20:10:54,220|'t'|press
1640|2021-11-24 20:10:54,328|'t'|release
1641|2021-11-24 20:10:54,341|Key.space|press
1642|2021-11-24 20:10:54,435|Key.space|release
1643|2021-11-24 20:10:54,473|'a'|press
1644|2021-11-24 20:10:54,546|Key.space|press
1645|2021-11-24 20:10:54,582|'a'|release
1646|2021-11-24 20:10:54,637|Key.space|release
1647|2021-11-24 20:10:55,050|Key.backspace|press
1648|2021-11-24 20:10:55,131|Key.backspace|release
1649|2021-11-24 20:10:55,361|'t'|press
1650|2021-11-24 20:10:55,424|Key.space|press
1651|2021-11-24 20:10:55,481|'t'|release
1652|2021-11-24 20:10:55,519|Key.space|release
1653|2021-11-24 20:10:55,640|'a'|press
1654|2021-11-24 20:10:55,719|Key.space|press
1655|2021-11-24 20:10:55,758|'a'|release
1656|2021-11-24 20:10:55,814|Key.space|release
1657|2021-11-24 20:10:56,210|'d'|press
1658|2021-11-24 20:10:56,329|'d'|release
1659|2021-11-24 20:10:56,415|'f'|press
1660|2021-11-24 20:10:56,509|'f'|release
1661|2021-11-24 20:10:56,793|Key.backspace|press
1662|2021-11-24 20:10:56,865|Key.backspace|release
1663|2021-11-24 20:10:57,300|'i'|press
1664|2021-11-24 20:10:57,384|'i'|release
1665|2021-11-24 20:10:57,390|'f'|press
1666|2021-11-24 20:10:57,478|'f'|release
1667|2021-11-24 20:10:57,535|'f'|press
1668|2021-11-24 20:10:57,622|'f'|release
1669|2021-11-24 20:10:57,628|'e'|press
1670|2021-11-24 20:10:57,726|'r'|press
1671|2021-11-24 20:10:57,747|'e'|release
1672|2021-11-24 20:10:57,826|'n'|press
1673|2021-11-24 20:10:57,836|'r'|release
1674|2021-11-24 20:10:57,880|'e'|press
1675|2021-11-24 20:10:57,912|'n'|release
1676|2021-11-24 20:10:57,994|'e'|release
1677|2021-11-24 20:10:58,023|'t'|press
1678|2021-11-24 20:10:58,114|Key.space|press
1679|2021-11-24 20:10:58,133|'t'|release
1680|2021-11-24 20:10:58,192|Key.space|release
1681|2021-11-24 20:10:58,350|Key.backspace|press
1682|2021-11-24 20:10:58,426|Key.backspace|release
1683|2021-11-24 20:10:58,455|Key.backspace|press
1684|2021-11-24 20:10:58,546|Key.backspace|release
1685|2021-11-24 20:10:58,585|Key.backspace|press
1686|2021-11-24 20:10:58,661|Key.backspace|release
1687|2021-11-24 20:10:58,683|Key.backspace|press
1688|2021-11-24 20:10:58,766|Key.backspace|release
1689|2021-11-24 20:10:58,788|'e'|press
1690|2021-11-24 20:10:58,862|'n'|press
1691|2021-11-24 20:10:58,902|'e'|release
1692|2021-11-24 20:10:58,918|'t'|press
1693|2021-11-24 20:10:58,960|'n'|release
1694|2021-11-24 20:10:59,000|Key.space|press
1695|2021-11-24 20:10:59,043|'t'|release
1696|2021-11-24 20:10:59,104|Key.space|release
1697|2021-11-24 20:10:59,624|'r'|press
1698|2021-11-24 20:10:59,730|'r'|release
1699|2021-11-24 20:10:59,734|'a'|press
1700|2021-11-24 20:10:59,858|'a'|release
1701|2021-11-24 20:10:59,867|'i'|press
1702|2021-11-24 20:10:59,940|'l'|press
1703|2021-11-24 20:10:59,978|'i'|release
1704|2021-11-24 20:11:00,057|'l'|release
1705|2021-11-24 20:11:00,159|'w'|press
1706|2021-11-24 20:11:00,264|'w'|release
1707|2021-11-24 20:11:00,301|'a'|press
1708|2021-11-24 20:11:00,400|'y'|press
1709|2021-11-24 20:11:00,420|'a'|release
1710|2021-11-24 20:11:00,490|'y'|release
1711|2021-11-24 20:11:00,918|Key.space|press
1712|2021-11-24 20:11:01,023|Key.space|release
1713|2021-11-24 20:11:01,045|'s'|press
1714|2021-11-24 20:11:01,163|'s'|release
1715|2021-11-24 20:11:01,186|'t'|press
1716|2021-11-24 20:11:01,275|'t'|release
1717|2021-11-24 20:11:01,284|'a'|press
1718|2021-11-24 20:11:01,391|'a'|release
1719|2021-11-24 20:11:01,465|'t'|press
1720|2021-11-24 20:11:01,553|'i'|press
1721|2021-11-24 20:11:01,574|'t'|release
1722|2021-11-24 20:11:01,612|'o'|press
1723|2021-11-24 20:11:01,660|'n'|press
1724|2021-11-24 20:11:01,683|'i'|release
1725|2021-11-24 20:11:01,724|'o'|release
1726|2021-11-24 20:11:01,776|'n'|release
1727|2021-11-24 20:11:01,891|Key.space|press
1728|2021-11-24 20:11:01,971|Key.space|release
1729|2021-11-24 20:11:02,226|Key.backspace|press
1730|2021-11-24 20:11:02,272|Key.backspace|release
1731|2021-11-24 20:11:02,539|Key.shift_r|press
1732|2021-11-24 20:11:02,614|'.'|press
1733|2021-11-24 20:11:02,754|'.'|release
1734|2021-11-24 20:11:02,931|'4'|press
1735|2021-11-24 20:11:02,989|Key.shift_r|release
1736|2021-11-24 20:11:03,024|'|release
1737|2021-11-24 20:11:03,408|Key.backspace|press
1738|2021-11-24 20:11:03,479|Key.backspace|release
1739|2021-11-24 20:11:03,504|'|press
1740|2021-11-24 20:11:03,629|'|release
1741|2021-11-24 20:11:04,138|Key.backspace|press
1742|2021-11-24 20:11:04,222|Key.backspace|release
1743|2021-11-24 20:11:04,938|Key.space|press
1744|2021-11-24 20:11:05,018|Key.space|release
1745|2021-11-24 20:11:05,029|'|press
1746|2021-11-24 20:11:05,139|'|release
1747|2021-11-24 20:11:05,506|Key.shift_r|press
1748|2021-11-24 20:11:05,746|'N'|press
1749|2021-11-24 20:11:05,815|Key.shift_r|release
1750|2021-11-24 20:11:05,844|'n'|release
1751|2021-11-24 20:11:05,969|'e'|press
1752|2021-11-24 20:11:06,057|'v'|press
1753|2021-11-24 20:11:06,071|'e'|release
1754|2021-11-24 20:11:06,151|'v'|release
1755|2021-11-24 20:11:06,169|'e'|press
1756|2021-11-24 20:11:06,247|'r'|press
1757|2021-11-24 20:11:06,264|'e'|release
1758|2021-11-24 20:11:06,382|'r'|release
1759|2021-11-24 20:11:06,824|Key.space|press
1760|2021-11-24 20:11:06,944|Key.space|release
1761|2021-11-24 20:11:07,033|'g'|press
1762|2021-11-24 20:11:07,094|'o'|press
1763|2021-11-24 20:11:07,139|'g'|release
1764|2021-11-24 20:11:07,174|Key.space|press
1765|2021-11-24 20:11:07,229|'o'|release
1766|2021-11-24 20:11:07,302|Key.space|release
1767|2021-11-24 20:11:07,472|'h'|press
1768|2021-11-24 20:11:07,586|'o'|press
1769|2021-11-24 20:11:07,594|'h'|release
1770|2021-11-24 20:11:07,646|'m'|press
1771|2021-11-24 20:11:07,701|'o'|release
1772|2021-11-24 20:11:07,750|'m'|release
1773|2021-11-24 20:11:07,805|'e'|press
1774|2021-11-24 20:11:07,922|'e'|release
1775|2021-11-24 20:11:08,556|Key.space|press
1776|2021-11-24 20:11:08,670|Key.space|release
1777|2021-11-24 20:11:08,693|'t'|press
1778|2021-11-24 20:11:08,756|'h'|press
1779|2021-11-24 20:11:08,793|'t'|release
1780|2021-11-24 20:11:08,836|'e'|press
1781|2021-11-24 20:11:08,866|'h'|release
1782|2021-11-24 20:11:08,921|Key.space|press
1783|2021-11-24 20:11:08,935|'e'|release
1784|2021-11-24 20:11:09,033|Key.space|release
1785|2021-11-24 20:11:09,038|'s'|press
1786|2021-11-24 20:11:09,135|'s'|release
1787|2021-11-24 20:11:09,177|'a'|press
1788|2021-11-24 20:11:09,292|'a'|release
1789|2021-11-24 20:11:09,384|'e'|press
1790|2021-11-24 20:11:09,500|'e'|release
1791|2021-11-24 20:11:09,745|Key.backspace|press
1792|2021-11-24 20:11:09,813|Key.backspace|release
1793|2021-11-24 20:11:09,927|'m'|press
1794|2021-11-24 20:11:10,027|'m'|release
1795|2021-11-24 20:11:10,031|'e'|press
1796|2021-11-24 20:11:10,140|'e'|release
1797|2021-11-24 20:11:10,146|Key.space|press
1798|2021-11-24 20:11:10,240|Key.space|release
1799|2021-11-24 20:11:10,537|'w'|press
1800|2021-11-24 20:11:10,632|'a'|press
1801|2021-11-24 20:11:10,678|'w'|release
1802|2021-11-24 20:11:10,757|'a'|release
1803|2021-11-24 20:11:10,894|'y'|press
1804|2021-11-24 20:11:10,988|'y'|release
1805|2021-11-24 20:11:11,419|Key.space|press
1806|2021-11-24 20:11:11,515|Key.space|release
1807|2021-11-24 20:11:11,546|'a'|press
1808|2021-11-24 20:11:11,624|'s'|press
1809|2021-11-24 20:11:11,669|'a'|release
1810|2021-11-24 20:11:11,745|Key.space|press
1811|2021-11-24 20:11:11,757|'s'|release
1812|2021-11-24 20:11:11,831|Key.space|release
1813|2021-11-24 20:11:12,276|'y'|press
1814|2021-11-24 20:11:12,312|'o'|press
1815|2021-11-24 20:11:12,376|'y'|release
1816|2021-11-24 20:11:12,381|'u'|press
1817|2021-11-24 20:11:12,445|'o'|release
1818|2021-11-24 20:11:12,461|Key.space|press
1819|2021-11-24 20:11:12,510|'u'|release
1820|2021-11-24 20:11:12,570|Key.space|release
1821|2021-11-24 20:11:12,797|'w'|press
1822|2021-11-24 20:11:12,867|'w'|release
1823|2021-11-24 20:11:12,972|'e'|press
1824|2021-11-24 20:11:13,053|'n'|press
1825|2021-11-24 20:11:13,085|'e'|release
1826|2021-11-24 20:11:13,137|'t'|press
1827|2021-11-24 20:11:13,147|'n'|release
1828|2021-11-24 20:11:13,255|'t'|release
1829|2021-11-24 20:11:13,269|Key.space|press
1830|2021-11-24 20:11:13,371|Key.space|release
1831|2021-11-24 20:11:13,735|'o'|press
1832|2021-11-24 20:11:13,789|'u'|press
1833|2021-11-24 20:11:13,861|'o'|release
1834|2021-11-24 20:11:13,916|'u'|release
1835|2021-11-24 20:11:13,922|'t'|press
1836|2021-11-24 20:11:14,031|'t'|release
1837|2021-11-24 20:11:15,131|','|press
1838|2021-11-24 20:11:15,233|','|release
1839|2021-11-24 20:11:15,254|'|press
1840|2021-11-24 20:11:15,355|'|release
1841|2021-11-24 20:11:15,759|Key.space|press
1842|2021-11-24 20:11:15,869|Key.space|release
1843|2021-11-24 20:11:15,932|'s'|press
1844|2021-11-24 20:11:16,055|'s'|release
1845|2021-11-24 20:11:16,716|'h'|press
1846|2021-11-24 20:11:16,796|'h'|release
1847|2021-11-24 20:11:16,800|'e'|press
1848|2021-11-24 20:11:16,883|Key.space|press
1849|2021-11-24 20:11:16,893|'e'|release
1850|2021-11-24 20:11:16,978|Key.space|release
1851|2021-11-24 20:11:17,130|'s'|press
1852|2021-11-24 20:11:17,239|'s'|release
1853|2021-11-24 20:11:17,248|'a'|press
1854|2021-11-24 20:11:17,359|'a'|release
1855|2021-11-24 20:11:17,413|'i'|press
1856|2021-11-24 20:11:17,497|'i'|release
1857|2021-11-24 20:11:17,519|'t'|press
1858|2021-11-24 20:11:17,607|Key.space|press
1859|2021-11-24 20:11:17,632|'t'|release
1860|2021-11-24 20:11:17,716|Key.space|release
1861|2021-11-24 20:11:18,027|Key.backspace|press
1862|2021-11-24 20:11:18,110|Key.backspace|release
1863|2021-11-24 20:11:18,267|','|press
1864|2021-11-24 20:11:18,334|Key.space|press
1865|2021-11-24 20:11:18,381|','|release
1866|2021-11-24 20:11:18,453|Key.space|release
1867|2021-11-24 20:11:18,632|'a'|press
1868|2021-11-24 20:11:18,720|'s'|press
1869|2021-11-24 20:11:18,741|'a'|release
1870|2021-11-24 20:11:18,844|Key.space|press
1871|2021-11-24 20:11:18,861|'s'|release
1872|2021-11-24 20:11:18,934|Key.space|release
1873|2021-11-24 20:11:19,174|Key.backspace|press
1874|2021-11-24 20:11:19,252|Key.backspace|release
1875|2021-11-24 20:11:19,287|Key.backspace|press
1876|2021-11-24 20:11:19,376|Key.backspace|release
1877|2021-11-24 20:11:19,411|Key.backspace|press
1878|2021-11-24 20:11:19,516|Key.backspace|release
1879|2021-11-24 20:11:19,547|Key.backspace|press
1880|2021-11-24 20:11:19,637|Key.backspace|release
1881|2021-11-24 20:11:19,667|Key.backspace|press
1882|2021-11-24 20:11:19,760|Key.backspace|release
1883|2021-11-24 20:11:19,765|'d'|press
1884|2021-11-24 20:11:19,792|Key.space|press
1885|2021-11-24 20:11:19,882|'d'|release
1886|2021-11-24 20:11:19,892|Key.space|release
1887|2021-11-24 20:11:20,098|Key.backspace|press
1888|2021-11-24 20:11:20,175|Key.backspace|release
1889|2021-11-24 20:11:20,217|Key.backspace|press
1890|2021-11-24 20:11:20,302|Key.backspace|release
1891|2021-11-24 20:11:20,330|Key.backspace|press
1892|2021-11-24 20:11:20,423|'d'|press
1893|2021-11-24 20:11:20,434|Key.backspace|release
1894|2021-11-24 20:11:20,538|'d'|release
1895|2021-11-24 20:11:20,996|','|press
1896|2021-11-24 20:11:21,107|','|release
1897|2021-11-24 20:11:21,180|'a'|press
1898|2021-11-24 20:11:21,226|'s'|press
1899|2021-11-24 20:11:21,285|'a'|release
1900|2021-11-24 20:11:21,290|Key.space|press
1901|2021-11-24 20:11:21,360|'s'|release
1902|2021-11-24 20:11:21,377|Key.space|release
1903|2021-11-24 20:11:21,714|Key.backspace|press
1904|2021-11-24 20:11:21,784|Key.backspace|release
1905|2021-11-24 20:11:21,820|Key.backspace|press
1906|2021-11-24 20:11:21,911|Key.backspace|release
1907|2021-11-24 20:11:21,949|Key.backspace|press
1908|2021-11-24 20:11:22,036|Key.backspace|release
1909|2021-11-24 20:11:22,067|Key.backspace|press
1910|2021-11-24 20:11:22,155|Key.backspace|release
1911|2021-11-24 20:11:22,222|Key.space|press
1912|2021-11-24 20:11:22,300|Key.space|release
1913|2021-11-24 20:11:22,634|Key.backspace|press
1914|2021-11-24 20:11:22,717|Key.backspace|release
1915|2021-11-24 20:11:22,988|','|press
1916|2021-11-24 20:11:23,023|Key.space|press
1917|2021-11-24 20:11:23,072|','|release
1918|2021-11-24 20:11:23,121|Key.space|release
1919|2021-11-24 20:11:23,668|'a'|press
1920|2021-11-24 20:11:23,725|'s'|press
1921|2021-11-24 20:11:23,782|'a'|release
1922|2021-11-24 20:11:23,787|Key.space|press
1923|2021-11-24 20:11:23,850|Key.space|release
1924|2021-11-24 20:11:23,860|'s'|release
1925|2021-11-24 20:11:24,282|'t'|press
1926|2021-11-24 20:11:24,339|'h'|press
1927|2021-11-24 20:11:24,389|'t'|release
1928|2021-11-24 20:11:24,421|'h'|release
1929|2021-11-24 20:11:24,477|'o'|press
1930|2021-11-24 20:11:24,552|'u'|press
1931|2021-11-24 20:11:24,593|'o'|release
1932|2021-11-24 20:11:24,641|'u'|release
1933|2021-11-24 20:11:24,657|'g'|press
1934|2021-11-24 20:11:24,739|'h'|press
1935|2021-11-24 20:11:24,757|'g'|release
1936|2021-11-24 20:11:24,812|'h'|release
1937|2021-11-24 20:11:25,276|Key.space|press
1938|2021-11-24 20:11:25,373|Key.space|release
1939|2021-11-24 20:11:25,397|'e'|press
1940|2021-11-24 20:11:25,480|'n'|press
1941|2021-11-24 20:11:25,499|'e'|release
1942|2021-11-24 20:11:25,560|'n'|release
1943|2021-11-24 20:11:26,587|'u'|press
1944|2021-11-24 20:11:26,634|'n'|press
1945|2021-11-24 20:11:26,697|'u'|release
1946|2021-11-24 20:11:26,757|'n'|release
1947|2021-11-24 20:11:26,949|'c'|press
1948|2021-11-24 20:11:27,030|'i'|press
1949|2021-11-24 20:11:27,065|'c'|release
1950|2021-11-24 20:11:27,123|'i'|release
1951|2021-11-24 20:11:27,145|'a'|press
1952|2021-11-24 20:11:27,253|'a'|release
1953|2021-11-24 20:11:27,330|'t'|press
1954|2021-11-24 20:11:27,438|'t'|release
1955|2021-11-24 20:11:27,497|'i'|press
1956|2021-11-24 20:11:27,586|'i'|release
1957|2021-11-24 20:11:27,686|'n'|press
1958|2021-11-24 20:11:27,785|'g'|press
1959|2021-11-24 20:11:27,798|'n'|release
1960|2021-11-24 20:11:27,906|'g'|release
1961|2021-11-24 20:11:27,912|Key.space|press
1962|2021-11-24 20:11:27,978|Key.space|release
1963|2021-11-24 20:11:28,341|Key.backspace|press
1964|2021-11-24 20:11:28,416|Key.backspace|release
1965|2021-11-24 20:11:28,934|Key.space|press
1966|2021-11-24 20:11:29,029|Key.space|release
1967|2021-11-24 20:11:29,079|'a'|press
1968|2021-11-24 20:11:29,178|'n'|press
1969|2021-11-24 20:11:29,191|'a'|release
1970|2021-11-24 20:11:29,276|'n'|release
1971|2021-11-24 20:11:29,335|Key.space|press
1972|2021-11-24 20:11:29,438|Key.space|release
1973|2021-11-24 20:11:29,773|'i'|press
1974|2021-11-24 20:11:29,889|'m'|press
1975|2021-11-24 20:11:29,924|'i'|release
1976|2021-11-24 20:11:29,952|'m'|release
1977|2021-11-24 20:11:30,091|'p'|press
1978|2021-11-24 20:11:30,215|'o'|press
1979|2021-11-24 20:11:30,264|'p'|release
1980|2021-11-24 20:11:30,336|'o'|release
1981|2021-11-24 20:11:30,716|'r'|press
1982|2021-11-24 20:11:30,773|'t'|press
1983|2021-11-24 20:11:30,817|'r'|release
1984|2021-11-24 20:11:30,888|'t'|release
1985|2021-11-24 20:11:30,921|'a'|press
1986|2021-11-24 20:11:30,984|'n'|press
1987|2021-11-24 20:11:31,017|'a'|release
1988|2021-11-24 20:11:31,043|'t'|press
1989|2021-11-24 20:11:31,072|'n'|release
1990|2021-11-24 20:11:31,154|Key.space|press
1991|2021-11-24 20:11:31,162|'t'|release
1992|2021-11-24 20:11:31,247|Key.space|release
1993|2021-11-24 20:11:32,032|'g'|press
1994|2021-11-24 20:11:32,132|'g'|release
1995|2021-11-24 20:11:32,160|'e'|press
1996|2021-11-24 20:11:32,273|'e'|release
1997|2021-11-24 20:11:32,279|'n'|press
1998|2021-11-24 20:11:32,372|'n'|release
1999|2021-11-24 20:11:32,506|'r'|press
2000|2021-11-24 20:11:32,592|'r'|release
2001|2021-11-24 20:11:32,685|'a'|press
2002|2021-11-24 20:11:32,800|'a'|release
2003|2021-11-24 20:11:32,992|Key.backspace|press
2004|2021-11-24 20:11:33,070|Key.backspace|release
2005|2021-11-24 20:11:33,106|Key.backspace|press
2006|2021-11-24 20:11:33,190|Key.backspace|release
2007|2021-11-24 20:11:33,222|'e'|press
2008|2021-11-24 20:11:33,324|'r'|press
2009|2021-11-24 20:11:33,351|'e'|release
2010|2021-11-24 20:11:33,447|'r'|release
2011|2021-11-24 20:11:33,565|'a'|press
2012|2021-11-24 20:11:33,643|'l'|press
2013|2021-11-24 20:11:33,680|'a'|release
2014|2021-11-24 20:11:33,733|'l'|release
2015|2021-11-24 20:11:34,070|Key.space|press
2016|2021-11-24 20:11:34,183|Key.space|release
2017|2021-11-24 20:11:34,224|'p'|press
2018|2021-11-24 20:11:34,366|'p'|release
2019|2021-11-24 20:11:34,619|'r'|press
2020|2021-11-24 20:11:34,703|'i'|press
2021|2021-11-24 20:11:34,715|'r'|release
2022|2021-11-24 20:11:34,765|'n'|press
2023|2021-11-24 20:11:34,837|'i'|release
2024|2021-11-24 20:11:34,885|'n'|release
2025|2021-11-24 20:11:34,901|'c'|press
2026|2021-11-24 20:11:35,011|'c'|release
2027|2021-11-24 20:11:35,113|'p'|press
2028|2021-11-24 20:11:35,205|'p'|release
2029|2021-11-24 20:11:35,293|'l'|press
2030|2021-11-24 20:11:35,389|'l'|release
2031|2021-11-24 20:11:35,461|'e'|press
2032|2021-11-24 20:11:35,517|'e'|release
2033|2021-11-24 20:11:35,572|Key.backspace|press
2034|2021-11-24 20:11:35,661|Key.backspace|release
2035|2021-11-24 20:11:35,697|Key.backspace|press
2036|2021-11-24 20:11:35,783|Key.backspace|release
2037|2021-11-24 20:11:35,817|Key.backspace|press
2038|2021-11-24 20:11:35,919|Key.backspace|release
2039|2021-11-24 20:11:36,248|'i'|press
2040|2021-11-24 20:11:36,337|'i'|release
2041|2021-11-24 20:11:36,369|'p'|press
2042|2021-11-24 20:11:36,436|'l'|press
2043|2021-11-24 20:11:36,468|'p'|release
2044|2021-11-24 20:11:36,547|'l'|release
2045|2021-11-24 20:11:36,573|'e'|press
2046|2021-11-24 20:11:36,678|'e'|release
2047|2021-11-24 20:11:36,696|Key.space|press
2048|2021-11-24 20:11:36,792|Key.space|release
2049|2021-11-24 20:11:37,056|Key.backspace|press
2050|2021-11-24 20:11:37,134|Key.backspace|release
2051|2021-11-24 20:11:37,241|Key.shift_r|press
2052|2021-11-24 20:11:37,271|'.'|press
2053|2021-11-24 20:11:37,368|Key.shift_r|release
2054|2021-11-24 20:11:37,378|';'|release
2055|2021-11-24 20:11:37,470|Key.space|press
2056|2021-11-24 20:11:37,570|Key.shift_r|press
2057|2021-11-24 20:11:37,579|Key.space|release
2058|2021-11-24 20:11:37,691|'S'|press
2059|2021-11-24 20:11:37,744|Key.shift_r|release
2060|2021-11-24 20:11:37,809|'s'|release
2061|2021-11-24 20:11:38,186|'h'|press
2062|2021-11-24 20:11:38,281|'h'|release
2063|2021-11-24 20:11:38,287|'e'|press
2064|2021-11-24 20:11:38,329|Key.space|press
2065|2021-11-24 20:11:38,383|'e'|release
2066|2021-11-24 20:11:38,431|Key.space|release
2067|2021-11-24 20:11:38,834|'w'|press
2068|2021-11-24 20:11:38,911|'o'|press
2069|2021-11-24 20:11:38,958|'w'|release
2070|2021-11-24 20:11:38,964|'u'|press
2071|2021-11-24 20:11:39,024|'o'|release
2072|2021-11-24 20:11:39,081|'u'|release
2073|2021-11-24 20:11:39,118|'l'|press
2074|2021-11-24 20:11:39,207|'l'|release
2075|2021-11-24 20:11:39,220|'d'|press
2076|2021-11-24 20:11:39,290|Key.space|press
2077|2021-11-24 20:11:39,331|'d'|release
2078|2021-11-24 20:11:39,395|Key.space|release
2079|2021-11-24 20:11:39,420|'l'|press
2080|2021-11-24 20:11:39,507|'l'|release
2081|2021-11-24 20:11:39,531|'e'|press
2082|2021-11-24 20:11:39,612|'a'|press
2083|2021-11-24 20:11:39,661|'e'|release
2084|2021-11-24 20:11:39,733|'a'|release
2085|2021-11-24 20:11:39,774|'v'|press
2086|2021-11-24 20:11:39,855|'e'|press
2087|2021-11-24 20:11:39,893|'v'|release
2088|2021-11-24 20:11:39,980|'e'|release
2089|2021-11-24 20:11:40,018|Key.space|press
2090|2021-11-24 20:11:40,116|Key.space|release
2091|2021-11-24 20:11:40,400|'f'|press
2092|2021-11-24 20:11:40,518|'f'|release
2093|2021-11-24 20:11:40,540|'i'|press
2094|2021-11-24 20:11:40,616|'i'|release
2095|2021-11-24 20:11:40,641|'r'|press
2096|2021-11-24 20:11:40,744|'r'|release
2097|2021-11-24 20:11:40,831|'s'|press
2098|2021-11-24 20:11:40,921|'t'|press
2099|2021-11-24 20:11:40,933|'s'|release
2100|2021-11-24 20:11:41,013|'t'|release
2101|2021-11-24 20:11:41,239|','|press
2102|2021-11-24 20:11:41,296|Key.space|press
2103|2021-11-24 20:11:41,349|','|release
2104|2021-11-24 20:11:41,401|Key.space|release
2105|2021-11-24 20:11:41,490|'a'|press
2106|2021-11-24 20:11:41,602|'b'|press
2107|2021-11-24 20:11:41,611|'a'|release
2108|2021-11-24 20:11:41,678|'b'|release
2109|2021-11-24 20:11:41,689|'d'|press
2110|2021-11-24 20:11:41,799|Key.space|press
2111|2021-11-24 20:11:41,819|'d'|release
2112|2021-11-24 20:11:41,904|Key.space|release
2113|2021-11-24 20:11:42,080|Key.backspace|press
2114|2021-11-24 20:11:42,157|Key.backspace|release
2115|2021-11-24 20:11:42,193|Key.backspace|press
2116|2021-11-24 20:11:42,280|Key.backspace|release
2117|2021-11-24 20:11:42,317|Key.backspace|press
2118|2021-11-24 20:11:42,397|Key.backspace|release
2119|2021-11-24 20:11:42,496|'n'|press
2120|2021-11-24 20:11:42,590|'d'|press
2121|2021-11-24 20:11:42,600|'n'|release
2122|2021-11-24 20:11:42,668|Key.space|press
2123|2021-11-24 20:11:42,705|'d'|release
2124|2021-11-24 20:11:42,760|Key.space|release
2125|2021-11-24 20:11:43,115|Key.shift_r|press
2126|2021-11-24 20:11:43,262|'W'|press
2127|2021-11-24 20:11:43,306|Key.shift_r|release
2128|2021-11-24 20:11:43,367|'w'|release
2129|2021-11-24 20:11:43,411|'i'|press
2130|2021-11-24 20:11:43,460|'n'|press
2131|2021-11-24 20:11:43,530|'i'|release
2132|2021-11-24 20:11:43,564|'s'|press
2133|2021-11-24 20:11:43,601|'n'|release
2134|2021-11-24 20:11:43,674|'s'|release
2135|2021-11-24 20:11:43,721|'t'|press
2136|2021-11-24 20:11:43,809|'o'|press
2137|2021-11-24 20:11:43,826|'t'|release
2138|2021-11-24 20:11:43,887|'n'|press
2139|2021-11-24 20:11:43,952|'o'|release
2140|2021-11-24 20:11:44,016|'n'|release
2141|2021-11-24 20:11:44,327|Key.space|press
2142|2021-11-24 20:11:44,429|Key.space|release
2143|2021-11-24 20:11:44,510|'w'|press
2144|2021-11-24 20:11:44,597|'a'|press
2145|2021-11-24 20:11:44,627|'w'|release
2146|2021-11-24 20:11:44,674|'s'|press
2147|2021-11-24 20:11:44,716|'a'|release
2148|2021-11-24 20:11:44,765|Key.space|press
2149|2021-11-24 20:11:44,810|'s'|release
2150|2021-11-24 20:11:44,852|Key.space|release
2151|2021-11-24 20:11:45,377|'t'|press
2152|2021-11-24 20:11:45,433|'o'|press
2153|2021-11-24 20:11:45,490|'t'|release
2154|2021-11-24 20:11:45,506|Key.space|press
2155|2021-11-24 20:11:45,557|'o'|release
2156|2021-11-24 20:11:45,615|Key.space|release
2157|2021-11-24 20:11:45,748|'w'|press
2158|2021-11-24 20:11:45,895|'a'|press
2159|2021-11-24 20:11:45,904|'w'|release
2160|2021-11-24 20:11:46,008|'i'|press
2161|2021-11-24 20:11:46,017|'a'|release
2162|2021-11-24 20:11:46,091|'t'|press
2163|2021-11-24 20:11:46,104|'i'|release
2164|2021-11-24 20:11:46,155|Key.space|press
2165|2021-11-24 20:11:46,212|'t'|release
2166|2021-11-24 20:11:46,264|Key.space|release
2167|2021-11-24 20:11:46,918|'h'|press
2168|2021-11-24 20:11:47,011|'h'|release
2169|2021-11-24 20:11:47,015|'a'|press
2170|2021-11-24 20:11:47,124|'a'|release
2171|2021-11-24 20:11:47,130|'l'|press
2172|2021-11-24 20:11:47,216|'l'|release
2173|2021-11-24 20:11:47,377|'f'|press
2174|2021-11-24 20:11:47,488|'f'|release
2175|2021-11-24 20:11:47,820|Key.space|press
2176|2021-11-24 20:11:47,922|Key.space|release
2177|2021-11-24 20:11:47,931|'a'|press
2178|2021-11-24 20:11:48,019|'n'|press
2179|2021-11-24 20:11:48,041|'a'|release
2180|2021-11-24 20:11:48,119|'n'|release
2181|2021-11-24 20:11:48,562|Key.space|press
2182|2021-11-24 20:11:48,667|Key.space|release
2183|2021-11-24 20:11:48,738|'h'|press
2184|2021-11-24 20:11:48,826|'h'|release
2185|2021-11-24 20:11:48,856|'o'|press
2186|2021-11-24 20:11:48,931|'u'|press
2187|2021-11-24 20:11:48,974|'o'|release
2188|2021-11-24 20:11:49,021|'r'|press
2189|2021-11-24 20:11:49,040|'u'|release
2190|2021-11-24 20:11:49,124|'r'|release
2191|2021-11-24 20:11:49,380|Key.space|press
2192|2021-11-24 20:11:49,476|Key.space|release
2193|2021-11-24 20:11:49,617|'b'|press
2194|2021-11-24 20:11:49,699|'b'|release
2195|2021-11-24 20:11:49,734|'e'|press
2196|2021-11-24 20:11:49,828|'e'|release
2197|2021-11-24 20:11:49,861|'f'|press
2198|2021-11-24 20:11:49,952|'o'|press
2199|2021-11-24 20:11:49,977|'f'|release
2200|2021-11-24 20:11:50,039|'o'|release
2201|2021-11-24 20:11:50,066|'r'|press
2202|2021-11-24 20:11:50,148|'e'|press
2203|2021-11-24 20:11:50,206|'r'|release
2204|2021-11-24 20:11:50,268|'e'|release
2205|2021-11-24 20:11:50,304|Key.space|press
2206|2021-11-24 20:11:50,390|Key.space|release
2207|2021-11-24 20:11:50,702|'f'|press
2208|2021-11-24 20:11:50,810|'o'|press
2209|2021-11-24 20:11:50,819|'f'|release
2210|2021-11-24 20:11:50,901|'o'|release
2211|2021-11-24 20:11:50,987|'l'|press
2212|2021-11-24 20:11:51,078|'l'|release
2213|2021-11-24 20:11:51,113|'l'|press
2214|2021-11-24 20:11:51,206|'l'|release
2215|2021-11-24 20:11:51,242|'o'|press
2216|2021-11-24 20:11:51,345|'o'|release
2217|2021-11-24 20:11:51,840|'w'|press
2218|2021-11-24 20:11:51,928|'i'|press
2219|2021-11-24 20:11:51,937|'w'|release
2220|2021-11-24 20:11:51,997|'n'|press
2221|2021-11-24 20:11:52,053|'i'|release
2222|2021-11-24 20:11:52,115|'n'|release
2223|2021-11-24 20:11:52,120|'g'|press
2224|2021-11-24 20:11:52,243|'g'|release
2225|2021-11-24 20:11:52,660|Key.space|press
2226|2021-11-24 20:11:52,770|Key.space|release
2227|2021-11-24 20:11:52,930|'h'|press
2228|2021-11-24 20:11:53,017|'h'|release
2229|2021-11-24 20:11:53,022|'e'|press
2230|2021-11-24 20:11:53,086|'r'|press
2231|2021-11-24 20:11:53,146|'e'|release
2232|2021-11-24 20:11:53,222|'r'|release
2233|2021-11-24 20:11:53,227|Key.shift_r|press
2234|2021-11-24 20:11:53,344|'?'|press
2235|2021-11-24 20:11:53,408|'.'|press
2236|2021-11-24 20:11:53,444|'?'|release
2237|2021-11-24 20:11:53,569|'.'|release
2238|2021-11-24 20:11:53,617|Key.shift_r|release
2239|2021-11-24 20:11:53,921|Key.backspace|press
2240|2021-11-24 20:11:53,981|Key.backspace|release
2241|2021-11-24 20:11:54,099|Key.shift_r|press
2242|2021-11-24 20:11:54,155|'.'|press
2243|2021-11-24 20:11:54,217|Key.shift_r|release
2244|2021-11-24 20:11:54,254|';'|release
