2021-11-03 10:09:25,940;Key.enter;release
2021-11-03 10:09:30,304;Key.shift;press
2021-11-03 10:09:30,541;'P';press
2021-11-03 10:09:30,657;'P';release
2021-11-03 10:09:30,708;Key.shift;release
2021-11-03 10:09:30,754;'o';press
2021-11-03 10:09:30,886;'o';release
2021-11-03 10:09:30,986;'r';press
2021-11-03 10:09:31,070;'t';press
2021-11-03 10:09:31,139;'r';release
2021-11-03 10:09:31,192;'t';release
2021-11-03 10:09:31,256;'e';press
2021-11-03 10:09:31,382;'e';release
2021-11-03 10:09:31,396;'z';press
2021-11-03 10:09:31,537;'z';release
2021-11-03 10:09:31,628;Key.space;press
2021-11-03 10:09:31,741;Key.space;release
2021-11-03 10:09:32,266;'c';press
2021-11-03 10:09:32,382;'e';press
2021-11-03 10:09:32,458;'c';release
2021-11-03 10:09:32,488;'e';release
2021-11-03 10:09:32,496;Key.space;press
2021-11-03 10:09:32,636;Key.space;release
2021-11-03 10:09:32,697;'v';press
2021-11-03 10:09:32,825;'i';press
2021-11-03 10:09:32,838;'v';release
2021-11-03 10:09:32,963;'i';release
2021-11-03 10:09:32,972;'e';press
2021-11-03 10:09:33,086;'e';release
2021-11-03 10:09:33,098;'u';press
2021-11-03 10:09:33,231;'u';release
2021-11-03 10:09:33,303;'x';press
2021-11-03 10:09:33,432;'x';release
2021-11-03 10:09:33,535;Key.space;press
2021-11-03 10:09:33,675;Key.space;release
2021-11-03 10:09:33,821;'w';press
2021-11-03 10:09:33,929;'h';press
2021-11-03 10:09:33,937;'w';release
2021-11-03 10:09:34,041;'h';release
2021-11-03 10:09:34,069;'i';press
2021-11-03 10:09:34,185;'i';release
2021-11-03 10:09:34,206;'s';press
2021-11-03 10:09:34,310;'k';press
2021-11-03 10:09:34,315;'s';release
2021-11-03 10:09:34,448;'k';release
2021-11-03 10:09:34,510;'y';press
2021-11-03 10:09:34,624;'y';release
2021-11-03 10:09:34,625;Key.space;press
2021-11-03 10:09:34,763;'a';press
2021-11-03 10:09:34,767;Key.space;release
2021-11-03 10:09:34,860;'u';press
2021-11-03 10:09:34,910;'a';release
2021-11-03 10:09:34,988;'u';release
2021-11-03 10:09:35,025;Key.space;press
2021-11-03 10:09:35,153;Key.space;release
2021-11-03 10:09:35,267;'j';press
2021-11-03 10:09:35,404;'j';release
2021-11-03 10:09:35,494;'u';press
2021-11-03 10:09:35,613;'u';release
2021-11-03 10:09:35,656;'g';press
2021-11-03 10:09:35,757;'e';press
2021-11-03 10:09:35,831;'g';release
2021-11-03 10:09:35,875;Key.space;press
2021-11-03 10:09:35,889;'e';release
2021-11-03 10:09:36,006;Key.space;release
2021-11-03 10:09:36,073;'b';press
2021-11-03 10:09:36,145;'l';press
2021-11-03 10:09:36,214;'b';release
2021-11-03 10:09:36,246;'l';release
2021-11-03 10:09:36,307;'o';press
2021-11-03 10:09:36,450;'o';release
2021-11-03 10:09:36,527;'n';press
2021-11-03 10:09:36,659;'d';press
2021-11-03 10:09:36,663;'n';release
2021-11-03 10:09:36,748;Key.space;press
2021-11-03 10:09:36,765;'d';release
2021-11-03 10:09:36,883;Key.space;release
2021-11-03 10:09:36,918;'q';press
2021-11-03 10:09:37,006;'u';press
2021-11-03 10:09:37,062;'q';release
2021-11-03 10:09:37,128;'u';release
2021-11-03 10:09:37,229;'i';press
2021-11-03 10:09:37,382;'i';release
2021-11-03 10:09:37,420;Key.space;press
2021-11-03 10:09:37,552;Key.space;release
2021-11-03 10:09:37,571;'f';press
2021-11-03 10:09:37,626;'u';press
2021-11-03 10:09:37,669;'f';release
2021-11-03 10:09:37,742;'u';release
2021-11-03 10:09:37,847;'m';press
2021-11-03 10:09:38,005;'m';release
2021-11-03 10:09:38,028;'e';press
2021-11-03 10:09:38,145;'e';release
2021-11-03 10:09:38,202;'-';press
2021-11-03 10:09:38,357;'-';release
2021-11-03 10:09:38,458;Key.enter;press
2021-11-03 10:09:38,580;Key.enter;release
2021-11-03 10:09:38,688;Key.shift;press
2021-11-03 10:09:38,758;'J';press
2021-11-03 10:09:38,874;'J';release
2021-11-03 10:09:38,904;Key.shift;release
2021-11-03 10:09:38,943;'o';press
2021-11-03 10:09:39,031;'o';release
2021-11-03 10:09:39,120;'e';press
2021-11-03 10:09:39,239;'e';release
2021-11-03 10:09:39,670;'y';press
2021-11-03 10:09:39,832;'y';release
2021-11-03 10:09:40,479;Key.backspace;press
2021-11-03 10:09:40,562;Key.backspace;release
2021-11-03 10:09:40,639;Key.backspace;press
2021-11-03 10:09:40,724;Key.backspace;release
2021-11-03 10:09:40,761;'y';press
2021-11-03 10:09:40,914;'y';release
2021-11-03 10:09:41,107;'e';press
2021-11-03 10:09:41,238;'e';release
2021-11-03 10:09:41,257;'u';press
2021-11-03 10:09:41,367;'u';release
2021-11-03 10:09:41,541;'x';press
2021-11-03 10:09:41,650;'x';release
2021-11-03 10:09:42,183;',';press
2021-11-03 10:09:42,310;',';release
2021-11-03 10:09:42,358;Key.space;press
2021-11-03 10:09:42,489;Key.space;release
2021-11-03 10:09:42,559;'i';press
2021-11-03 10:09:42,697;'i';release
2021-11-03 10:09:42,728;'v';press
2021-11-03 10:09:42,818;'v';release
2021-11-03 10:09:42,932;'r';press
2021-11-03 10:09:43,028;'e';press
2021-11-03 10:09:43,106;'r';release
2021-11-03 10:09:43,162;'e';release
2021-11-03 10:09:43,184;',';press
2021-11-03 10:09:43,322;',';release
2021-11-03 10:09:43,376;Key.space;press
2021-11-03 10:09:43,496;Key.space;release
2021-11-03 10:09:43,682;'f';press
2021-11-03 10:09:43,765;'a';press
2021-11-03 10:09:43,825;'f';release
2021-11-03 10:09:43,903;'a';release
2021-11-03 10:09:43,995;'t';press
2021-11-03 10:09:44,091;'t';release
2021-11-03 10:09:44,490;'i';press
2021-11-03 10:09:44,671;'i';release
2021-11-03 10:09:44,756;'g';press
2021-11-03 10:09:44,874;'g';release
2021-11-03 10:09:45,037;['´'];press
2021-11-03 10:09:45,178;['´'];release
2021-11-03 10:09:46,059;Key.backspace;press
2021-11-03 10:09:46,166;Key.backspace;release
2021-11-03 10:09:46,764;'g';press
2021-11-03 10:09:46,862;'g';release
2021-11-03 10:09:47,114;'u';press
2021-11-03 10:09:47,221;'u';release
2021-11-03 10:09:47,430;['´'];press
2021-11-03 10:09:47,552;['´'];release
2021-11-03 10:09:47,561;'e';press
2021-11-03 10:09:47,654;'e';release
2021-11-03 10:09:48,397;',';press
2021-11-03 10:09:48,544;',';release
2021-11-03 10:09:48,571;Key.space;press
2021-11-03 10:09:48,708;Key.space;release
2021-11-03 10:09:48,748;'l';press
2021-11-03 10:09:48,886;'l';release
2021-11-03 10:09:48,908;'e';press
2021-11-03 10:09:48,959;Key.space;press
2021-11-03 10:09:49,010;'e';release
2021-11-03 10:09:49,090;Key.space;release
2021-11-03 10:09:49,155;'n';press
2021-11-03 10:09:49,246;'n';release
2021-11-03 10:09:49,290;'e';press
2021-11-03 10:09:49,381;'e';release
2021-11-03 10:09:49,497;'z';press
2021-11-03 10:09:49,638;'z';release
2021-11-03 10:09:50,050;Key.space;press
2021-11-03 10:09:50,205;Key.space;release
2021-11-03 10:09:50,301;'q';press
2021-11-03 10:09:50,406;'q';release
2021-11-03 10:09:50,427;'u';press
2021-11-03 10:09:50,563;'i';press
2021-11-03 10:09:50,592;'u';release
2021-11-03 10:09:50,712;'i';release
2021-11-03 10:09:50,744;Key.space;press
2021-11-03 10:09:50,853;Key.space;release
2021-11-03 10:09:51,382;'p';press
2021-11-03 10:09:51,495;'p';release
2021-11-03 10:09:51,636;'i';press
2021-11-03 10:09:51,753;'i';release
2021-11-03 10:09:51,861;'q';press
2021-11-03 10:09:51,955;'u';press
2021-11-03 10:09:51,969;'q';release
2021-11-03 10:09:52,067;'u';release
2021-11-03 10:09:52,183;'e';press
2021-11-03 10:09:52,310;'e';release
2021-11-03 10:09:52,498;',';press
2021-11-03 10:09:52,570;',';release
2021-11-03 10:09:52,779;Key.space;press
2021-11-03 10:09:52,914;Key.space;release
2021-11-03 10:09:53,328;Key.shift_r;press
2021-11-03 10:09:53,457;'C';press
2021-11-03 10:09:53,547;Key.shift_r;release
2021-11-03 10:09:53,624;'c';release
2021-11-03 10:09:53,646;'l';press
2021-11-03 10:09:53,754;'l';release
2021-11-03 10:09:53,847;'o';press
2021-11-03 10:09:53,962;'o';release
2021-11-03 10:09:53,990;'w';press
2021-11-03 10:09:54,080;'w';release
2021-11-03 10:09:54,112;'n';press
2021-11-03 10:09:54,242;'n';release
2021-11-03 10:09:54,269;Key.space;press
2021-11-03 10:09:54,399;Key.space;release
2021-11-03 10:09:54,480;Key.shift;press
2021-11-03 10:09:54,583;'H';press
2021-11-03 10:09:54,675;Key.shift;release
2021-11-03 10:09:54,687;'h';release
2021-11-03 10:09:54,886;'a';press
2021-11-03 10:09:55,065;'r';press
2021-11-03 10:09:55,078;'a';release
2021-11-03 10:09:55,198;'r';release
2021-11-03 10:09:55,466;'y';press
2021-11-03 10:09:55,640;'y';release
2021-11-03 10:09:55,654;Key.space;press
2021-11-03 10:09:55,800;Key.space;release
2021-11-03 10:09:55,835;'s';press
2021-11-03 10:09:55,957;'k';press
2021-11-03 10:09:55,966;'s';release
2021-11-03 10:09:56,109;'k';release
2021-11-03 10:09:56,233;'i';press
2021-11-03 10:09:56,352;'i';release
2021-11-03 10:09:56,370;'e';press
2021-11-03 10:09:56,463;'e';release
2021-11-03 10:09:56,558;Key.space;press
2021-11-03 10:09:56,645;'d';press
2021-11-03 10:09:56,709;Key.space;release
2021-11-03 10:09:56,741;'a';press
2021-11-03 10:09:56,802;'d';release
2021-11-03 10:09:56,862;'n';press
2021-11-03 10:09:56,887;'a';release
2021-11-03 10:09:56,997;'s';press
2021-11-03 10:09:57,005;'n';release
2021-11-03 10:09:57,110;'s';release
2021-11-03 10:09:57,114;Key.space;press
2021-11-03 10:09:57,235;Key.space;release
2021-11-03 10:09:57,290;'l';press
2021-11-03 10:09:57,431;'l';release
2021-11-03 10:09:57,512;Key.shift;press
2021-11-03 10:09:57,603;'Ä';press
2021-11-03 10:09:57,741;Key.shift;release
2021-11-03 10:09:57,754;'ä';release
2021-11-03 10:09:57,885;'o';press
2021-11-03 10:09:58,025;'o';release
2021-11-03 10:09:58,262;Key.backspace;press
2021-11-03 10:09:58,343;Key.backspace;release
2021-11-03 10:09:58,402;Key.backspace;press
2021-11-03 10:09:58,478;Key.backspace;release
2021-11-03 10:09:58,535;Key.shift;press
2021-11-03 10:09:58,640;"'";press
2021-11-03 10:09:58,799;"'";release
2021-11-03 10:09:58,857;Key.shift;release
2021-11-03 10:09:59,200;'o';press
2021-11-03 10:09:59,321;'o';release
2021-11-03 10:09:59,391;'m';press
2021-11-03 10:09:59,518;'m';release
2021-11-03 10:09:59,605;'b';press
2021-11-03 10:09:59,716;'b';release
2021-11-03 10:09:59,744;'r';press
2021-11-03 10:09:59,880;'e';press
2021-11-03 10:09:59,951;'r';release
2021-11-03 10:09:59,995;'e';release
2021-11-03 10:10:00,024;'.';press
2021-11-03 10:10:00,133;'.';release
2021-11-03 10:10:00,285;Key.enter;press
2021-11-03 10:10:00,375;Key.enter;release
2021-11-03 10:10:01,085;Key.shift;press
2021-11-03 10:10:01,148;'M';press
2021-11-03 10:10:01,277;'M';release
2021-11-03 10:10:01,286;Key.shift;release
2021-11-03 10:10:01,337;'o';press
2021-11-03 10:10:01,455;'o';release
2021-11-03 10:10:01,487;'n';press
2021-11-03 10:10:01,608;'n';release
2021-11-03 10:10:01,639;'s';press
2021-11-03 10:10:01,734;'s';release
2021-11-03 10:10:01,738;'i';press
2021-11-03 10:10:01,861;'i';release
2021-11-03 10:10:01,899;'e';press
2021-11-03 10:10:02,033;'e';release
2021-11-03 10:10:02,038;'u';press
2021-11-03 10:10:02,165;'r';press
2021-11-03 10:10:02,169;'u';release
2021-11-03 10:10:02,276;'r';release
2021-11-03 10:10:02,291;Key.space;press
2021-11-03 10:10:02,411;Key.space;release
2021-11-03 10:10:02,487;Key.shift;press
2021-11-03 10:10:02,578;'J';press
2021-11-03 10:10:02,669;Key.shift;release
2021-11-03 10:10:02,695;'j';release
2021-11-03 10:10:02,812;'a';press
2021-11-03 10:10:02,938;'c';press
2021-11-03 10:10:02,997;'a';release
2021-11-03 10:10:03,046;'k';press
2021-11-03 10:10:03,081;'c';release
2021-11-03 10:10:03,147;'k';release
2021-11-03 10:10:03,289;',';press
2021-11-03 10:10:03,424;',';release
2021-11-03 10:10:03,477;Key.space;press
2021-11-03 10:10:03,596;Key.space;release
2021-11-03 10:10:03,804;'v';press
2021-11-03 10:10:03,883;'o';press
2021-11-03 10:10:03,922;'v';release
2021-11-03 10:10:04,022;'o';release
2021-11-03 10:10:04,073;'u';press
2021-11-03 10:10:04,227;'s';press
2021-11-03 10:10:04,239;'u';release
2021-11-03 10:10:04,328;Key.space;press
2021-11-03 10:10:04,338;'s';release
2021-11-03 10:10:04,443;'d';press
2021-11-03 10:10:04,461;Key.space;release
2021-11-03 10:10:04,530;'a';press
2021-11-03 10:10:04,596;'d';release
2021-11-03 10:10:04,693;'a';release
2021-11-03 10:10:04,704;'c';press
2021-11-03 10:10:04,841;'c';release
2021-11-03 10:10:05,070;'y';press
2021-11-03 10:10:05,253;'y';release
2021-11-03 10:10:05,771;Key.backspace;press
2021-11-03 10:10:05,846;Key.backspace;release
2021-11-03 10:10:05,922;'t';press
2021-11-03 10:10:06,031;'t';release
2021-11-03 10:10:06,149;'y';press
2021-11-03 10:10:06,268;'y';release
2021-11-03 10:10:06,556;'l';press
2021-11-03 10:10:06,662;'l';release
2021-11-03 10:10:06,772;'o';press
2021-11-03 10:10:06,911;'o';release
2021-11-03 10:10:07,196;'g';press
2021-11-03 10:10:07,304;'g';release
2021-11-03 10:10:07,413;'r';press
2021-11-03 10:10:07,554;'a';press
2021-11-03 10:10:07,614;'r';release
2021-11-03 10:10:07,653;'p';press
2021-11-03 10:10:07,654;'a';release
2021-11-03 10:10:07,765;'p';release
2021-11-03 10:10:07,814;'h';press
2021-11-03 10:10:07,940;'h';release
2021-11-03 10:10:08,016;'i';press
2021-11-03 10:10:08,114;'i';release
2021-11-03 10:10:08,189;'e';press
2021-11-03 10:10:08,301;'e';release
2021-11-03 10:10:08,605;'z';press
2021-11-03 10:10:08,761;'z';release
2021-11-03 10:10:09,074;Key.space;press
2021-11-03 10:10:09,182;Key.space;release
2021-11-03 10:10:09,245;'b';press
2021-11-03 10:10:09,353;'b';release
2021-11-03 10:10:09,415;'i';press
2021-11-03 10:10:09,533;'i';release
2021-11-03 10:10:09,553;'e';press
2021-11-03 10:10:09,607;'n';press
2021-11-03 10:10:09,654;'e';release
2021-11-03 10:10:09,723;'n';release
2021-11-03 10:10:09,735;Key.space;press
2021-11-03 10:10:09,865;Key.space;release
2021-11-03 10:10:09,879;'m';press
2021-11-03 10:10:10,027;'m';release
2021-11-03 10:10:10,104;'i';press
2021-11-03 10:10:10,219;'i';release
2021-11-03 10:10:10,275;'e';press
2021-11-03 10:10:10,396;'e';release
2021-11-03 10:10:10,438;'u';press
2021-11-03 10:10:10,526;'u';release
2021-11-03 10:10:10,666;'x';press
2021-11-03 10:10:10,784;'x';release
2021-11-03 10:10:10,804;Key.space;press
2021-11-03 10:10:10,934;Key.space;release
2021-11-03 10:10:11,019;'q';press
2021-11-03 10:10:11,134;'q';release
2021-11-03 10:10:11,151;'u';press
2021-11-03 10:10:11,284;'e';press
2021-11-03 10:10:11,301;'u';release
2021-11-03 10:10:11,405;'e';release
2021-11-03 10:10:11,491;Key.space;press
2021-11-03 10:10:11,612;Key.space;release
2021-11-03 10:10:11,744;Key.shift_r;press
2021-11-03 10:10:11,845;'W';press
2021-11-03 10:10:11,949;Key.shift_r;release
2021-11-03 10:10:11,974;'w';release
2021-11-03 10:10:12,279;'o';press
2021-11-03 10:10:12,396;'o';release
2021-11-03 10:10:12,502;'l';press
2021-11-03 10:10:12,626;'l';release
2021-11-03 10:10:12,691;'f';press
2021-11-03 10:10:12,811;'f';release
2021-11-03 10:10:12,927;'.';press
2021-11-03 10:10:13,021;'.';release
2021-11-03 10:10:13,354;Key.enter;press
2021-11-03 10:10:13,457;Key.enter;release
2021-11-03 10:10:14,096;Key.shift;press
2021-11-03 10:10:14,233;'H';press
2021-11-03 10:10:14,300;'H';release
2021-11-03 10:10:14,304;Key.shift;release
2021-11-03 10:10:14,385;'i';press
2021-11-03 10:10:14,480;'i';release
2021-11-03 10:10:14,521;'e';press
2021-11-03 10:10:14,603;'r';press
2021-11-03 10:10:14,660;'e';release
2021-11-03 10:10:14,700;',';press
2021-11-03 10:10:14,715;'r';release
2021-11-03 10:10:14,831;',';release
2021-11-03 10:10:14,881;Key.space;press
2021-11-03 10:10:14,992;'a';press
2021-11-03 10:10:15,000;Key.space;release
2021-11-03 10:10:15,091;'u';press
2021-11-03 10:10:15,108;'a';release
2021-11-03 10:10:15,176;'u';release
2021-11-03 10:10:15,264;Key.space;press
2021-11-03 10:10:15,389;Key.space;release
2021-11-03 10:10:15,626;'z';press
2021-11-03 10:10:15,768;'z';release
2021-11-03 10:10:15,789;'o';press
2021-11-03 10:10:15,928;'o';release
2021-11-03 10:10:15,998;'o';press
2021-11-03 10:10:16,075;'o';release
2021-11-03 10:10:16,281;',';press
2021-11-03 10:10:16,399;',';release
2021-11-03 10:10:16,465;Key.space;press
2021-11-03 10:10:16,605;Key.space;release
2021-11-03 10:10:16,682;'j';press
2021-11-03 10:10:16,824;'j';release
2021-11-03 10:10:16,898;Key.shift;press
2021-11-03 10:10:17,017;'Ä';press
2021-11-03 10:10:17,170;'Ä';release
2021-11-03 10:10:17,190;Key.shift;release
2021-11-03 10:10:17,339;'a';press
2021-11-03 10:10:17,451;'i';press
2021-11-03 10:10:17,504;'a';release
2021-11-03 10:10:17,563;'i';release
2021-11-03 10:10:17,917;Key.backspace;press
2021-11-03 10:10:17,984;Key.backspace;release
2021-11-03 10:10:18,067;Key.backspace;press
2021-11-03 10:10:18,148;Key.backspace;release
2021-11-03 10:10:18,218;Key.backspace;press
2021-11-03 10:10:18,291;Key.backspace;release
2021-11-03 10:10:18,346;Key.shift;press
2021-11-03 10:10:18,471;"'";press
2021-11-03 10:10:18,580;"'";release
2021-11-03 10:10:18,681;Key.shift;release
2021-11-03 10:10:18,906;'a';press
2021-11-03 10:10:19,071;'i';press
2021-11-03 10:10:19,077;'a';release
2021-11-03 10:10:19,189;'i';release
2021-11-03 10:10:19,268;Key.space;press
2021-11-03 10:10:19,397;Key.space;release
2021-11-03 10:10:19,679;'v';press
2021-11-03 10:10:19,839;'v';release
2021-11-03 10:10:19,848;'u';press
2021-11-03 10:10:19,977;'u';release
2021-11-03 10:10:20,042;Key.space;press
2021-11-03 10:10:20,147;Key.space;release
2021-11-03 10:10:20,225;'d';press
2021-11-03 10:10:20,314;'i';press
2021-11-03 10:10:20,337;'d';release
2021-11-03 10:10:20,456;'i';release
2021-11-03 10:10:20,891;'x';press
2021-11-03 10:10:21,055;'x';release
2021-11-03 10:10:21,256;Key.space;press
2021-11-03 10:10:21,399;Key.space;release
2021-11-03 10:10:21,522;'g';press
2021-11-03 10:10:21,646;'g';release
2021-11-03 10:10:21,742;'u';press
2021-11-03 10:10:21,851;'u';release
2021-11-03 10:10:22,444;['´'];press
2021-11-03 10:10:22,562;['´'];release
2021-11-03 10:10:22,654;'e';press
2021-11-03 10:10:22,777;'e';release
2021-11-03 10:10:22,827;'p';press
2021-11-03 10:10:22,994;'p';release
2021-11-03 10:10:23,030;'a';press
2021-11-03 10:10:23,156;'r';press
2021-11-03 10:10:23,193;'a';release
2021-11-03 10:10:23,319;'d';press
2021-11-03 10:10:23,331;'r';release
2021-11-03 10:10:23,444;'s';press
2021-11-03 10:10:23,529;'d';release
2021-11-03 10:10:23,565;'s';release
2021-11-03 10:10:23,687;',';press
2021-11-03 10:10:23,816;',';release
2021-11-03 10:10:23,872;Key.space;press
2021-11-03 10:10:24,017;Key.space;release
2021-11-03 10:10:24,420;'c';press
2021-11-03 10:10:24,542;'i';press
2021-11-03 10:10:24,580;'c';release
2021-11-03 10:10:24,655;'i';release
2021-11-03 10:10:24,724;'n';press
2021-11-03 10:10:24,844;'n';release
2021-11-03 10:10:24,940;'q';press
2021-11-03 10:10:25,014;Key.space;press
2021-11-03 10:10:25,036;'q';release
2021-11-03 10:10:25,157;Key.space;release
2021-11-03 10:10:25,464;'z';press
2021-11-03 10:10:25,623;'z';release
2021-11-03 10:10:26,073;['´'];press
2021-11-03 10:10:26,238;['´'];release
2021-11-03 10:10:26,304;'e';press
2021-11-03 10:10:26,429;'e';release
2021-11-03 10:10:26,469;'b';press
2021-11-03 10:10:26,562;'b';release
2021-11-03 10:10:26,649;'u';press
2021-11-03 10:10:26,745;'u';release
2021-11-03 10:10:26,900;'s';press
2021-11-03 10:10:26,990;'s';release
2021-11-03 10:10:27,288;',';press
2021-11-03 10:10:27,411;',';release
2021-11-03 10:10:27,499;Key.space;press
2021-11-03 10:10:27,639;Key.space;release
2021-11-03 10:10:27,769;'u';press
2021-11-03 10:10:27,903;'u';release
2021-11-03 10:10:27,988;'n';press
2021-11-03 10:10:28,126;'n';release
2021-11-03 10:10:28,149;Key.space;press
2021-11-03 10:10:28,291;Key.space;release
2021-11-03 10:10:28,756;'y';press
2021-11-03 10:10:28,880;'y';release
2021-11-03 10:10:28,966;'a';press
2021-11-03 10:10:29,124;'a';release
2021-11-03 10:10:29,133;'k';press
2021-11-03 10:10:29,270;'k';release
2021-11-03 10:10:29,534;Key.space;press
2021-11-03 10:10:29,668;Key.space;release
2021-11-03 10:10:30,022;'e';press
2021-11-03 10:10:30,123;'e';release
2021-11-03 10:10:30,245;'t';press
2021-11-03 10:10:30,361;'t';release
2021-11-03 10:10:30,407;Key.space;press
2021-11-03 10:10:30,554;Key.space;release
2021-11-03 10:10:30,608;'l';press
2021-11-03 10:10:30,723;'l';release
2021-11-03 10:10:30,739;'e';press
2021-11-03 10:10:30,810;'e';release
2021-11-03 10:10:30,842;Key.space;press
2021-11-03 10:10:30,967;Key.space;release
2021-11-03 10:10:31,004;'w';press
2021-11-03 10:10:31,110;'w';release
2021-11-03 10:10:31,220;'a';press
2021-11-03 10:10:31,356;'a';release
2021-11-03 10:10:31,384;'p';press
2021-11-03 10:10:31,533;'p';release
2021-11-03 10:10:31,891;'i';press
2021-11-03 10:10:32,020;'i';release
2021-11-03 10:10:32,207;'i';press
2021-11-03 10:10:32,296;'i';release
2021-11-03 10:10:32,574;Key.backspace;press
2021-11-03 10:10:32,645;Key.backspace;release
2021-11-03 10:10:32,787;'t';press
2021-11-03 10:10:32,901;'i';press
2021-11-03 10:10:32,933;'t';release
2021-11-03 10:10:33,014;'i';release
2021-11-03 10:10:33,073;Key.space;press
2021-11-03 10:10:33,193;Key.space;release
2021-11-03 10:10:33,217;'f';press
2021-11-03 10:10:33,335;'u';press
2021-11-03 10:10:33,390;'f';release
2021-11-03 10:10:33,437;'u';release
2021-11-03 10:10:33,560;'m';press
2021-11-03 10:10:33,704;'m';release
2021-11-03 10:10:33,778;'e';press
2021-11-03 10:10:33,879;'r';press
2021-11-03 10:10:33,954;'e';release
2021-11-03 10:10:34,015;'.';press
2021-11-03 10:10:34,028;'r';release
2021-11-03 10:10:34,128;'.';release
2021-11-03 10:10:34,457;Key.enter;press
2021-11-03 10:10:34,590;Key.enter;release
2021-11-03 10:10:35,026;Key.shift_r;press
2021-11-03 10:10:35,207;'Y';press
2021-11-03 10:10:35,328;Key.shift_r;release
2021-11-03 10:10:35,358;'y';release
2021-11-03 10:10:35,442;'v';press
2021-11-03 10:10:35,562;'v';release
2021-11-03 10:10:35,630;'e';press
2021-11-03 10:10:35,767;'s';press
2021-11-03 10:10:35,852;'e';release
2021-11-03 10:10:35,878;'s';release
2021-11-03 10:10:35,929;Key.space;press
2021-11-03 10:10:36,055;Key.space;release
2021-11-03 10:10:36,385;'f';press
2021-11-03 10:10:36,499;'u';press
2021-11-03 10:10:36,502;'f';release
2021-11-03 10:10:36,607;'g';press
2021-11-03 10:10:36,620;'u';release
2021-11-03 10:10:36,698;'u';press
2021-11-03 10:10:36,732;'g';release
2021-11-03 10:10:36,836;'u';release
2021-11-03 10:10:36,845;'e';press
2021-11-03 10:10:36,959;'e';release
2021-11-03 10:10:37,022;Key.space;press
2021-11-03 10:10:37,164;Key.space;release
2021-11-03 10:10:37,167;'e';press
2021-11-03 10:10:37,293;'n';press
2021-11-03 10:10:37,305;'e';release
2021-11-03 10:10:37,419;'n';release
2021-11-03 10:10:37,478;Key.space;press
2021-11-03 10:10:37,593;Key.space;release
2021-11-03 10:10:37,754;Key.shift_r;press
2021-11-03 10:10:37,922;'B';press
2021-11-03 10:10:38,023;'B';release
2021-11-03 10:10:38,068;'M';press
2021-11-03 10:10:38,168;'M';release
2021-11-03 10:10:38,272;'X';press
2021-11-03 10:10:38,406;'X';release
2021-11-03 10:10:38,436;Key.shift_r;release
2021-11-03 10:10:38,574;Key.space;press
2021-11-03 10:10:38,713;Key.space;release
2021-11-03 10:10:38,921;'c';press
2021-11-03 10:10:39,062;'h';press
2021-11-03 10:10:39,067;'c';release
2021-11-03 10:10:39,169;'h';release
2021-11-03 10:10:39,188;'e';press
2021-11-03 10:10:39,297;'e';release
2021-11-03 10:10:39,403;'z';press
2021-11-03 10:10:39,531;Key.space;press
2021-11-03 10:10:39,535;'z';release
2021-11-03 10:10:39,638;Key.space;release
2021-11-03 10:10:39,709;Key.shift_r;press
2021-11-03 10:10:39,819;'W';press
2021-11-03 10:10:39,902;'W';release
2021-11-03 10:10:39,914;Key.shift_r;release
2021-11-03 10:10:40,009;'i';press
2021-11-03 10:10:40,090;'i';release
2021-11-03 10:10:40,223;'l';press
2021-11-03 10:10:40,297;'l';release
2021-11-03 10:10:40,366;'l';press
2021-11-03 10:10:40,465;'l';release
2021-11-03 10:10:40,725;',';press
2021-11-03 10:10:40,854;',';release
2021-11-03 10:10:40,892;Key.space;press
2021-11-03 10:10:41,007;Key.space;release
2021-11-03 10:10:41,150;'q';press
2021-11-03 10:10:41,252;'u';press
2021-11-03 10:10:41,264;'q';release
2021-11-03 10:10:41,344;'u';release
2021-11-03 10:10:41,425;'i';press
2021-11-03 10:10:41,537;'i';release
2021-11-03 10:10:41,602;Key.space;press
2021-11-03 10:10:41,697;Key.space;release
2021-11-03 10:10:41,798;'e';press
2021-11-03 10:10:41,983;'e';release
2021-11-03 10:10:42,026;'s';press
2021-11-03 10:10:42,191;'t';press
2021-11-03 10:10:42,204;'s';release
2021-11-03 10:10:42,315;'t';release
2021-11-03 10:10:42,341;Key.space;press
2021-11-03 10:10:42,453;Key.space;release
2021-11-03 10:10:42,535;'p';press
2021-11-03 10:10:42,654;'p';release
2021-11-03 10:10:42,697;'r';press
2021-11-03 10:10:42,799;'r';release
2021-11-03 10:10:43,071;Key.shift;press
2021-11-03 10:10:43,364;['`'];press
2021-11-03 10:10:43,489;['`'];release
2021-11-03 10:10:43,526;Key.shift;release
2021-11-03 10:10:43,636;'e';press
2021-11-03 10:10:43,753;'e';release
2021-11-03 10:10:43,860;'s';press
2021-11-03 10:10:43,944;'s';release
2021-11-03 10:10:44,039;Key.space;press
2021-11-03 10:10:44,157;Key.space;release
2021-11-03 10:10:44,217;'d';press
2021-11-03 10:10:44,331;'u';press
2021-11-03 10:10:44,374;'d';release
2021-11-03 10:10:44,461;'u';release
2021-11-03 10:10:44,501;Key.space;press
2021-11-03 10:10:44,623;Key.space;release
2021-11-03 10:10:44,704;Key.shift;press
2021-11-03 10:10:44,805;'K';press
2021-11-03 10:10:44,917;'K';release
2021-11-03 10:10:44,978;Key.shift;release
2021-11-03 10:10:45,014;'i';press
2021-11-03 10:10:45,130;'i';release
2021-11-03 10:10:45,256;'l';press
2021-11-03 10:10:45,381;'l';release
2021-11-03 10:10:45,450;'i';press
2021-11-03 10:10:45,570;'i';release
2021-11-03 10:10:45,641;'m';press
2021-11-03 10:10:45,758;'m';release
2021-11-03 10:10:45,784;'a';press
2021-11-03 10:10:45,862;'n';press
2021-11-03 10:10:45,915;'a';release
2021-11-03 10:10:45,981;'n';release
2021-11-03 10:10:45,995;'d';press
2021-11-03 10:10:46,143;'d';release
2021-11-03 10:10:46,215;'j';press
2021-11-03 10:10:46,396;'j';release
2021-11-03 10:10:46,411;'a';press
2021-11-03 10:10:46,588;'r';press
2021-11-03 10:10:46,607;'a';release
2021-11-03 10:10:46,714;'r';release
2021-11-03 10:10:46,727;'o';press
2021-11-03 10:10:46,847;'o';release
2021-11-03 10:10:47,696;'.';press
2021-11-03 10:10:47,824;'.';release
2021-11-03 10:10:48,485;Key.enter;press
2021-11-03 10:10:48,591;Key.enter;release
2021-11-03 10:10:49,157;Key.shift;press
2021-11-03 10:10:49,264;'J';press
2021-11-03 10:10:49,354;'J';release
2021-11-03 10:10:49,372;Key.shift;release
2021-11-03 10:10:49,731;Key.shift;press
2021-11-03 10:10:49,854;"'";press
2021-11-03 10:10:49,954;Key.shift;release
2021-11-03 10:10:49,959;'#';release
2021-11-03 10:10:50,179;'a';press
2021-11-03 10:10:50,262;'i';press
2021-11-03 10:10:50,345;'a';release
2021-11-03 10:10:50,361;'i';release
2021-11-03 10:10:50,432;'m';press
2021-11-03 10:10:50,551;'e';press
2021-11-03 10:10:50,565;'m';release
2021-11-03 10:10:50,643;Key.space;press
2021-11-03 10:10:50,659;'e';release
2021-11-03 10:10:50,759;Key.space;release
2021-11-03 10:10:50,846;'l';press
2021-11-03 10:10:50,968;'l';release
2021-11-03 10:10:51,051;Key.shift;press
2021-11-03 10:10:51,331;'Ä';press
2021-11-03 10:10:51,370;'Ä';release
2021-11-03 10:10:51,864;Key.shift;release
2021-11-03 10:10:51,917;Key.backspace;press
2021-11-03 10:10:51,991;Key.shift;press
2021-11-03 10:10:51,993;Key.backspace;release
2021-11-03 10:10:52,188;"'";press
2021-11-03 10:10:52,296;"'";release
2021-11-03 10:10:52,374;Key.shift;release
2021-11-03 10:10:52,593;'i';press
2021-11-03 10:10:52,707;'i';release
2021-11-03 10:10:52,831;'d';press
2021-11-03 10:10:52,937;'d';release
2021-11-03 10:10:53,220;['´'];press
2021-11-03 10:10:53,347;['´'];release
2021-11-03 10:10:53,410;'e';press
2021-11-03 10:10:53,517;'e';release
2021-11-03 10:10:53,588;'e';press
2021-11-03 10:10:53,714;'e';release
2021-11-03 10:10:54,232;Key.space;press
2021-11-03 10:10:54,374;Key.space;release
2021-11-03 10:10:54,530;'q';press
2021-11-03 10:10:54,633;'u';press
2021-11-03 10:10:54,685;'q';release
2021-11-03 10:10:54,759;'u';release
2021-11-03 10:10:54,906;'e';press
2021-11-03 10:10:55,015;'e';release
2021-11-03 10:10:55,123;Key.space;press
2021-11-03 10:10:55,220;Key.space;release
2021-11-03 10:10:55,375;'l';press
2021-11-03 10:10:55,519;'l';release
2021-11-03 10:10:55,568;'e';press
2021-11-03 10:10:55,697;'e';release
2021-11-03 10:10:55,711;Key.space;press
2021-11-03 10:10:55,825;Key.space;release
2021-11-03 10:10:55,951;'p';press
2021-11-03 10:10:56,099;'p';release
2021-11-03 10:10:56,182;'l';press
2021-11-03 10:10:56,325;'l';release
2021-11-03 10:10:56,412;'u';press
2021-11-03 10:10:56,541;'u';release
2021-11-03 10:10:56,596;'s';press
2021-11-03 10:10:56,684;'s';release
2021-11-03 10:10:56,704;Key.space;press
2021-11-03 10:10:56,815;'g';press
2021-11-03 10:10:56,817;Key.space;release
2021-11-03 10:10:56,920;'g';release
2021-11-03 10:10:56,987;'r';press
2021-11-03 10:10:57,081;'a';press
2021-11-03 10:10:57,163;'r';release
2021-11-03 10:10:57,202;'n';press
2021-11-03 10:10:57,215;'a';release
2021-11-03 10:10:57,303;'d';press
2021-11-03 10:10:57,316;'n';release
2021-11-03 10:10:57,423;Key.space;press
2021-11-03 10:10:57,431;'d';release
2021-11-03 10:10:57,540;'d';press
2021-11-03 10:10:57,548;Key.space;release
2021-11-03 10:10:57,635;'d';release
2021-11-03 10:10:57,731;'e';press
2021-11-03 10:10:57,834;'s';press
2021-11-03 10:10:57,903;'e';release
2021-11-03 10:10:57,940;'s';release
2021-11-03 10:10:57,971;Key.space;press
2021-11-03 10:10:58,073;Key.space;release
2021-11-03 10:10:58,147;Key.shift_r;press
2021-11-03 10:10:58,240;'S';press
2021-11-03 10:10:58,315;'S';release
2021-11-03 10:10:58,332;Key.shift_r;release
2021-11-03 10:10:58,421;'e';press
2021-11-03 10:10:58,542;'e';release
2021-11-03 10:10:58,699;'x';press
2021-11-03 10:10:58,834;'x';release
2021-11-03 10:10:58,902;'-';press
2021-11-03 10:10:59,039;'-';release
2021-11-03 10:10:59,144;'s';press
2021-11-03 10:10:59,230;'s';release
2021-11-03 10:10:59,386;'y';press
2021-11-03 10:10:59,524;'y';release
2021-11-03 10:10:59,573;'m';press
2021-11-03 10:10:59,680;'m';release
2021-11-03 10:10:59,731;'b';press
2021-11-03 10:10:59,841;'o';press
2021-11-03 10:10:59,866;'b';release
2021-11-03 10:10:59,950;'o';release
2021-11-03 10:11:00,050;'l';press
2021-11-03 10:11:00,162;'l';release
2021-11-03 10:11:00,205;'s';press
2021-11-03 10:11:00,324;'s';release
2021-11-03 10:11:00,328;Key.space;press
2021-11-03 10:11:00,455;Key.space;release
2021-11-03 10:11:00,490;'n';press
2021-11-03 10:11:00,606;'n';release
2021-11-03 10:11:00,654;'e';press
2021-11-03 10:11:00,804;'w';press
2021-11-03 10:11:00,900;'e';release
2021-11-03 10:11:00,923;'w';release
2021-11-03 10:11:01,206;'-';press
2021-11-03 10:11:01,384;'-';release
2021-11-03 10:11:01,596;'y';press
2021-11-03 10:11:01,750;'o';press
2021-11-03 10:11:01,786;'y';release
2021-11-03 10:11:01,880;'o';release
2021-11-03 10:11:01,921;'r';press
2021-11-03 10:11:02,050;'k';press
2021-11-03 10:11:02,064;'r';release
2021-11-03 10:11:02,192;'k';release
2021-11-03 10:11:02,199;'a';press
2021-11-03 10:11:02,346;'a';release
2021-11-03 10:11:02,369;'i';press
2021-11-03 10:11:02,536;'i';release
2021-11-03 10:11:02,567;'s';press
2021-11-03 10:11:02,717;'s';release
2021-11-03 10:11:02,750;Key.space;press
2021-11-03 10:11:02,865;Key.space;release
2021-11-03 10:11:02,960;'n';press
2021-11-03 10:11:03,051;'n';release
2021-11-03 10:11:03,336;Key.shift;press
2021-11-03 10:11:03,418;"'";press
2021-11-03 10:11:03,571;"'";release
2021-11-03 10:11:03,609;Key.shift;release
2021-11-03 10:11:04,132;['´'];press
2021-11-03 10:11:04,253;['´'];release
2021-11-03 10:11:04,362;'e';press
2021-11-03 10:11:04,489;'e';release
2021-11-03 10:11:04,597;'t';press
2021-11-03 10:11:04,736;'t';release
2021-11-03 10:11:04,750;'a';press
2021-11-03 10:11:04,901;'a';release
2021-11-03 10:11:05,026;'i';press
2021-11-03 10:11:05,139;'i';release
2021-11-03 10:11:05,190;'t';press
2021-11-03 10:11:05,320;'t';release
2021-11-03 10:11:05,364;Key.space;press
2021-11-03 10:11:05,494;Key.space;release
2021-11-03 10:11:05,587;'q';press
2021-11-03 10:11:05,727;'q';release
2021-11-03 10:11:05,753;'u';press
2021-11-03 10:11:05,878;'u';release
2021-11-03 10:11:06,060;Key.shift;press
2021-11-03 10:11:06,216;'Ä';press
2021-11-03 10:11:06,359;'Ä';release
2021-11-03 10:11:06,406;Key.shift;release
2021-11-03 10:11:06,551;'u';press
2021-11-03 10:11:06,611;'u';release
2021-11-03 10:11:06,813;Key.backspace;press
2021-11-03 10:11:06,886;Key.backspace;release
2021-11-03 10:11:06,952;Key.backspace;press
2021-11-03 10:11:07,018;Key.backspace;release
2021-11-03 10:11:07,061;Key.shift;press
2021-11-03 10:11:07,157;"'";press
2021-11-03 10:11:07,300;"'";release
2021-11-03 10:11:07,356;Key.shift;release
2021-11-03 10:11:07,501;'u';press
2021-11-03 10:11:07,623;'u';release
2021-11-03 10:11:07,694;'n';press
2021-11-03 10:11:07,829;'n';release
2021-11-03 10:11:07,874;Key.space;press
2021-11-03 10:11:07,989;Key.space;release
2021-11-03 10:11:08,030;'c';press
2021-11-03 10:11:08,107;'h';press
2021-11-03 10:11:08,193;'c';release
2021-11-03 10:11:08,202;'h';release
2021-11-03 10:11:08,257;'i';press
2021-11-03 10:11:08,351;'e';press
2021-11-03 10:11:08,355;'i';release
2021-11-03 10:11:08,433;'n';press
2021-11-03 10:11:08,458;'e';release
2021-11-03 10:11:08,549;'n';release
2021-11-03 10:11:08,587;Key.space;press
2021-11-03 10:11:08,682;'d';press
2021-11-03 10:11:08,715;Key.space;release
2021-11-03 10:11:08,756;'a';press
2021-11-03 10:11:08,825;'d';release
2021-11-03 10:11:08,867;'n';press
2021-11-03 10:11:08,898;'a';release
2021-11-03 10:11:08,971;'n';release
2021-11-03 10:11:08,975;'s';press
2021-11-03 10:11:09,082;Key.space;press
2021-11-03 10:11:09,105;'s';release
2021-11-03 10:11:09,218;Key.space;release
2021-11-03 10:11:09,764;'u';press
2021-11-03 10:11:09,881;'u';release
2021-11-03 10:11:09,951;'n';press
2021-11-03 10:11:10,078;'n';release
2021-11-03 10:11:10,100;Key.space;press
2021-11-03 10:11:10,228;Key.space;release
2021-11-03 10:11:10,265;'f';press
2021-11-03 10:11:10,364;'o';press
2021-11-03 10:11:10,397;'f';release
2021-11-03 10:11:10,497;'o';release
2021-11-03 10:11:10,590;'y';press
2021-11-03 10:11:10,704;'y';release
2021-11-03 10:11:10,793;'e';press
2021-11-03 10:11:10,990;'r';press
2021-11-03 10:11:11,036;'e';release
2021-11-03 10:11:11,082;'r';release
2021-11-03 10:11:11,426;Key.space;press
2021-11-03 10:11:11,515;Key.space;release
2021-11-03 10:11:11,611;'d';press
2021-11-03 10:11:11,696;'d';release
2021-11-03 10:11:11,793;'e';press
2021-11-03 10:11:11,937;'e';release
2021-11-03 10:11:11,977;Key.space;press
2021-11-03 10:11:12,097;Key.space;release
2021-11-03 10:11:12,191;Key.shift_r;press
2021-11-03 10:11:12,256;'B';press
2021-11-03 10:11:12,355;'B';release
2021-11-03 10:11:12,378;Key.shift_r;release
2021-11-03 10:11:12,450;'r';press
2021-11-03 10:11:12,559;'a';press
2021-11-03 10:11:12,613;'r';release
2021-11-03 10:11:12,677;'a';release
2021-11-03 10:11:13,071;'z';press
2021-11-03 10:11:13,125;'z';release
2021-11-03 10:11:13,239;'z';press
2021-11-03 10:11:13,358;'z';release
2021-11-03 10:11:13,461;'a';press
2021-11-03 10:11:13,592;'a';release
2021-11-03 10:11:14,106;'v';press
2021-11-03 10:11:14,203;'i';press
2021-11-03 10:11:14,247;'v';release
2021-11-03 10:11:14,295;'i';release
2021-11-03 10:11:14,380;'l';press
2021-11-03 10:11:14,454;'l';release
2021-11-03 10:11:14,523;'l';press
2021-11-03 10:11:14,615;'l';release
2021-11-03 10:11:14,651;'e';press
2021-11-03 10:11:14,753;'e';release
2021-11-03 10:11:14,845;'.';press
2021-11-03 10:11:14,957;'.';release
