2021-12-04 12:27:49,006|Key.enter|release
2021-12-04 12:27:54,698|Key.shift|press
2021-12-04 12:27:54,827|'W'|press
2021-12-04 12:27:54,912|Key.shift|release
2021-12-04 12:27:54,916|'w'|release
2021-12-04 12:27:54,968|'i'|press
2021-12-04 12:27:55,033|'i'|release
2021-12-04 12:27:55,152|'n'|press
2021-12-04 12:27:55,216|'n'|release
2021-12-04 12:27:55,221|'s'|press
2021-12-04 12:27:55,285|'s'|release
2021-12-04 12:27:55,437|'t'|press
2021-12-04 12:27:55,505|'t'|release
2021-12-04 12:27:55,509|'o'|press
2021-12-04 12:27:55,591|'o'|release
2021-12-04 12:27:55,714|'n'|press
2021-12-04 12:27:55,778|'n'|release
2021-12-04 12:27:55,847|Key.space|press
2021-12-04 12:27:55,932|Key.space|release
2021-12-04 12:27:56,034|'p'|press
2021-12-04 12:27:56,121|'p'|release
2021-12-04 12:27:56,247|'i'|press
2021-12-04 12:27:56,314|'i'|release
2021-12-04 12:27:56,346|'c'|press
2021-12-04 12:27:56,437|'c'|release
2021-12-04 12:27:56,494|'k'|press
2021-12-04 12:27:56,580|'k'|release
2021-12-04 12:27:56,602|'e'|press
2021-12-04 12:27:56,667|'e'|release
2021-12-04 12:27:56,793|'d'|press
2021-12-04 12:27:56,880|'d'|release
2021-12-04 12:27:56,921|Key.space|press
2021-12-04 12:27:57,010|Key.space|release
2021-12-04 12:27:57,096|'u'|press
2021-12-04 12:27:57,180|'u'|release
2021-12-04 12:27:57,352|'p'|press
2021-12-04 12:27:57,441|'p'|release
2021-12-04 12:27:57,698|Key.backspace|press
2021-12-04 12:27:57,787|Key.backspace|release
2021-12-04 12:27:57,866|Key.backspace|press
2021-12-04 12:27:57,951|Key.backspace|release
2021-12-04 12:27:58,652|'h'|press
2021-12-04 12:27:58,716|'h'|release
2021-12-04 12:27:58,839|'i'|press
2021-12-04 12:27:58,926|'i'|release
2021-12-04 12:27:58,947|'s'|press
2021-12-04 12:27:59,034|'s'|release
2021-12-04 12:27:59,054|Key.space|press
2021-12-04 12:27:59,144|Key.space|release
2021-12-04 12:27:59,258|'w'|press
2021-12-04 12:27:59,323|'w'|release
2021-12-04 12:27:59,454|'a'|press
2021-12-04 12:27:59,522|'y'|press
2021-12-04 12:27:59,549|'a'|release
2021-12-04 12:27:59,608|'y'|release
2021-12-04 12:27:59,669|Key.space|press
2021-12-04 12:27:59,778|Key.space|release
2021-12-04 12:27:59,913|'u'|press
2021-12-04 12:27:59,996|'u'|release
2021-12-04 12:28:00,122|'p'|press
2021-12-04 12:28:00,229|'p'|release
2021-12-04 12:28:00,369|Key.space|press
2021-12-04 12:28:00,457|Key.space|release
2021-12-04 12:28:01,458|'t'|press
2021-12-04 12:28:01,524|'t'|release
2021-12-04 12:28:01,565|'h'|press
2021-12-04 12:28:01,654|'h'|release
2021-12-04 12:28:01,689|'e'|press
2021-12-04 12:28:01,776|'e'|release
2021-12-04 12:28:01,796|Key.space|press
2021-12-04 12:28:01,863|Key.space|release
2021-12-04 12:28:01,957|'l'|press
2021-12-04 12:28:02,049|'l'|release
2021-12-04 12:28:02,052|'a'|press
2021-12-04 12:28:02,135|'a'|release
2021-12-04 12:28:02,205|'n'|press
2021-12-04 12:28:02,269|'n'|release
2021-12-04 12:28:02,362|'e'|press
2021-12-04 12:28:02,429|'e'|release
2021-12-04 12:28:02,496|Key.space|press
2021-12-04 12:28:02,580|Key.space|release
2021-12-04 12:28:03,038|'t'|press
2021-12-04 12:28:03,103|'t'|release
2021-12-04 12:28:04,095|'h'|press
2021-12-04 12:28:04,178|'h'|release
2021-12-04 12:28:04,209|'r'|press
2021-12-04 12:28:04,253|'r'|release
2021-12-04 12:28:04,399|'g'|press
2021-12-04 12:28:04,424|'o'|press
2021-12-04 12:28:04,460|'g'|release
2021-12-04 12:28:04,505|'o'|release
2021-12-04 12:28:04,645|'u'|press
2021-12-04 12:28:04,688|'u'|release
2021-12-04 12:28:04,920|'h'|press
2021-12-04 12:28:05,007|'h'|release
2021-12-04 12:28:05,344|Key.backspace|press
2021-12-04 12:28:05,427|Key.backspace|release
2021-12-04 12:28:05,518|Key.backspace|press
2021-12-04 12:28:05,602|Key.backspace|release
2021-12-04 12:28:05,958|Key.backspace|press
2021-12-04 12:28:06,044|Key.backspace|release
2021-12-04 12:28:06,137|Key.backspace|press
2021-12-04 12:28:06,225|Key.backspace|release
2021-12-04 12:28:06,612|'o'|press
2021-12-04 12:28:06,699|'o'|release
2021-12-04 12:28:06,817|'u'|press
2021-12-04 12:28:06,883|'u'|release
2021-12-04 12:28:06,957|'g'|press
2021-12-04 12:28:07,024|'g'|release
2021-12-04 12:28:07,064|'h'|press
2021-12-04 12:28:07,107|'h'|release
2021-12-04 12:28:08,092|Key.space|press
2021-12-04 12:28:08,197|Key.space|release
2021-12-04 12:28:08,276|'d'|press
2021-12-04 12:28:08,338|'d'|release
2021-12-04 12:28:08,989|'a'|press
2021-12-04 12:28:09,077|'a'|release
2021-12-04 12:28:09,126|'p'|press
2021-12-04 12:28:09,195|'p'|release
2021-12-04 12:28:09,288|'p'|press
2021-12-04 12:28:09,355|'p'|release
2021-12-04 12:28:09,494|'l'|press
2021-12-04 12:28:09,560|'l'|release
2021-12-04 12:28:09,596|'e'|press
2021-12-04 12:28:09,662|'e'|release
2021-12-04 12:28:09,823|'d'|press
2021-12-04 12:28:09,867|'d'|release
2021-12-04 12:28:09,953|Key.space|press
2021-12-04 12:28:10,042|Key.space|release
2021-12-04 12:28:10,228|'l'|press
2021-12-04 12:28:10,294|'l'|release
2021-12-04 12:28:10,436|'i'|press
2021-12-04 12:28:10,500|'i'|release
2021-12-04 12:28:10,591|'g'|press
2021-12-04 12:28:10,678|'g'|release
2021-12-04 12:28:10,722|'h'|press
2021-12-04 12:28:10,809|'h'|release
2021-12-04 12:28:10,830|'t'|press
2021-12-04 12:28:10,894|'t'|release
2021-12-04 12:28:10,928|Key.space|press
2021-12-04 12:28:11,033|Key.space|release
2021-12-04 12:28:11,115|'a'|press
2021-12-04 12:28:11,201|'a'|release
2021-12-04 12:28:11,222|'n'|press
2021-12-04 12:28:11,285|'n'|release
2021-12-04 12:28:11,344|'d'|press
2021-12-04 12:28:11,411|Key.space|press
2021-12-04 12:28:11,441|'d'|release
2021-12-04 12:28:11,500|Key.space|release
2021-12-04 12:28:11,639|'s'|press
2021-12-04 12:28:11,726|'s'|release
2021-12-04 12:28:11,731|'h'|press
2021-12-04 12:28:11,811|'h'|release
2021-12-04 12:28:11,833|'a'|press
2021-12-04 12:28:11,919|'a'|release
2021-12-04 12:28:12,064|'d'|press
2021-12-04 12:28:12,151|'d'|release
2021-12-04 12:28:12,181|'e'|press
2021-12-04 12:28:12,273|'e'|release
2021-12-04 12:28:12,933|','|press
2021-12-04 12:28:12,997|','|release
2021-12-04 12:28:13,067|Key.space|press
2021-12-04 12:28:13,133|Key.space|release
2021-12-04 12:28:13,851|'s'|press
2021-12-04 12:28:13,918|'s'|release
2021-12-04 12:28:14,113|'t'|press
2021-12-04 12:28:14,180|'t'|release
2021-12-04 12:28:14,304|'e'|press
2021-12-04 12:28:14,372|'e'|release
2021-12-04 12:28:14,416|'p'|press
2021-12-04 12:28:14,483|'p'|release
2021-12-04 12:28:14,561|'p'|press
2021-12-04 12:28:14,646|'p'|release
2021-12-04 12:28:14,776|'i'|press
2021-12-04 12:28:14,840|'i'|release
2021-12-04 12:28:14,970|'n'|press
2021-12-04 12:28:15,058|'n'|release
2021-12-04 12:28:15,115|'g'|press
2021-12-04 12:28:15,181|'g'|release
2021-12-04 12:28:15,209|Key.space|press
2021-12-04 12:28:15,296|Key.space|release
2021-12-04 12:28:15,376|'o'|press
2021-12-04 12:28:15,465|'o'|release
2021-12-04 12:28:15,606|'u'|press
2021-12-04 12:28:15,648|'u'|release
2021-12-04 12:28:15,745|'t'|press
2021-12-04 12:28:15,833|'t'|release
2021-12-04 12:28:15,876|Key.space|press
2021-12-04 12:28:15,960|Key.space|release
2021-12-04 12:28:16,096|'i'|press
2021-12-04 12:28:16,161|'i'|release
2021-12-04 12:28:16,283|'n'|press
2021-12-04 12:28:16,370|'n'|release
2021-12-04 12:28:16,432|'t'|press
2021-12-04 12:28:16,514|'t'|release
2021-12-04 12:28:16,535|'o'|press
2021-12-04 12:28:16,623|'o'|release
2021-12-04 12:28:16,726|Key.space|press
2021-12-04 12:28:16,813|Key.space|release
2021-12-04 12:28:17,223|'p'|press
2021-12-04 12:28:17,314|'p'|release
2021-12-04 12:28:17,417|'o'|press
2021-12-04 12:28:17,503|'o'|release
2021-12-04 12:28:17,595|'o'|press
2021-12-04 12:28:17,681|'o'|release
2021-12-04 12:28:17,802|'l'|press
2021-12-04 12:28:17,887|'l'|release
2021-12-04 12:28:17,939|'s'|press
2021-12-04 12:28:18,005|'s'|release
2021-12-04 12:28:18,063|Key.space|press
2021-12-04 12:28:18,150|Key.space|release
2021-12-04 12:28:18,437|'o'|press
2021-12-04 12:28:18,523|'o'|release
2021-12-04 12:28:18,954|'f'|press
2021-12-04 12:28:19,019|'f'|release
2021-12-04 12:28:19,101|Key.space|press
2021-12-04 12:28:19,189|Key.space|release
2021-12-04 12:28:19,306|'g'|press
2021-12-04 12:28:19,370|'g'|release
2021-12-04 12:28:19,398|'o'|press
2021-12-04 12:28:19,485|'o'|release
2021-12-04 12:28:19,602|'l'|press
2021-12-04 12:28:19,692|'l'|release
2021-12-04 12:28:19,713|'d'|press
2021-12-04 12:28:19,775|'d'|release
2021-12-04 12:28:20,123|Key.space|press
2021-12-04 12:28:20,206|Key.space|release
2021-12-04 12:28:20,865|'w'|press
2021-12-04 12:28:20,932|'w'|release
2021-12-04 12:28:20,960|'h'|press
2021-12-04 12:28:21,026|'h'|release
2021-12-04 12:28:21,123|'e'|press
2021-12-04 12:28:21,189|'e'|release
2021-12-04 12:28:21,322|'r'|press
2021-12-04 12:28:21,387|'r'|release
2021-12-04 12:28:21,493|'e'|press
2021-12-04 12:28:21,557|'e'|release
2021-12-04 12:28:21,730|'v'|press
2021-12-04 12:28:21,799|'v'|release
2021-12-04 12:28:21,909|'e'|press
2021-12-04 12:28:21,997|'e'|release
2021-12-04 12:28:22,070|'r'|press
2021-12-04 12:28:22,137|'r'|release
2021-12-04 12:28:22,224|Key.space|press
2021-12-04 12:28:22,313|Key.space|release
2021-12-04 12:28:23,441|'t'|press
2021-12-04 12:28:23,528|'t'|release
2021-12-04 12:28:23,560|'h'|press
2021-12-04 12:28:23,651|'h'|release
2021-12-04 12:28:23,672|'e'|press
2021-12-04 12:28:23,759|'e'|release
2021-12-04 12:28:23,789|Key.space|press
2021-12-04 12:28:23,875|Key.space|release
2021-12-04 12:28:24,083|'b'|press
2021-12-04 12:28:24,148|'b'|release
2021-12-04 12:28:24,153|'o'|press
2021-12-04 12:28:24,235|'o'|release
2021-12-04 12:28:24,346|'u'|press
2021-12-04 12:28:24,414|'u'|release
2021-12-04 12:28:24,484|'g'|press
2021-12-04 12:28:24,548|'g'|release
2021-12-04 12:28:24,607|'h'|press
2021-12-04 12:28:24,671|'h'|release
2021-12-04 12:28:24,913|'s'|press
2021-12-04 12:28:24,978|'s'|release
2021-12-04 12:28:26,128|Key.space|press
2021-12-04 12:28:26,237|Key.space|release
2021-12-04 12:28:26,375|'p'|press
2021-12-04 12:28:26,459|'p'|release
2021-12-04 12:28:26,496|'a'|press
2021-12-04 12:28:26,584|'a'|release
2021-12-04 12:28:26,687|'r'|press
2021-12-04 12:28:26,770|'r'|release
2021-12-04 12:28:26,880|'t'|press
2021-12-04 12:28:26,943|'t'|release
2021-12-04 12:28:27,061|'e'|press
2021-12-04 12:28:27,166|'e'|release
2021-12-04 12:28:27,287|'d'|press
2021-12-04 12:28:27,350|'d'|release
2021-12-04 12:28:27,866|Key.shift_r|press
2021-12-04 12:28:28,102|'.'|press
2021-12-04 12:28:28,167|Key.shift_r|release
2021-12-04 12:28:28,172|';'|release
2021-12-04 12:28:28,199|Key.space|press
2021-12-04 12:28:28,264|Key.space|release
2021-12-04 12:28:28,622|Key.shift|press
2021-12-04 12:28:28,728|'U'|press
2021-12-04 12:28:28,819|'U'|release
2021-12-04 12:28:28,839|Key.shift|release
2021-12-04 12:28:28,989|'n'|press
2021-12-04 12:28:29,072|'n'|release
2021-12-04 12:28:29,126|'d'|press
2021-12-04 12:28:29,232|'d'|release
2021-12-04 12:28:29,235|'e'|press
2021-12-04 12:28:29,336|'e'|release
2021-12-04 12:28:29,398|'r'|press
2021-12-04 12:28:29,462|'r'|release
2021-12-04 12:28:29,508|Key.space|press
2021-12-04 12:28:29,596|Key.space|release
2021-12-04 12:28:29,800|'t'|press
2021-12-04 12:28:29,886|'t'|release
2021-12-04 12:28:29,938|'j'|press
2021-12-04 12:28:30,022|'j'|release
2021-12-04 12:28:30,067|'e'|press
2021-12-04 12:28:30,154|'e'|release
2021-12-04 12:28:30,193|Key.space|press
2021-12-04 12:28:30,280|Key.space|release
2021-12-04 12:28:30,635|'t'|press
2021-12-04 12:28:30,723|'t'|release
2021-12-04 12:28:30,794|'r'|press
2021-12-04 12:28:30,881|'r'|release
2021-12-04 12:28:31,000|'e'|press
2021-12-04 12:28:31,063|'e'|release
2021-12-04 12:28:31,161|'e'|press
2021-12-04 12:28:31,228|'e'|release
2021-12-04 12:28:31,414|'s'|press
2021-12-04 12:28:31,480|'s'|release
2021-12-04 12:28:31,784|Key.space|press
2021-12-04 12:28:31,871|Key.space|release
2021-12-04 12:28:32,095|'t'|press
2021-12-04 12:28:32,182|'t'|release
2021-12-04 12:28:32,214|'o'|press
2021-12-04 12:28:32,301|'o'|release
2021-12-04 12:28:32,397|Key.space|press
2021-12-04 12:28:32,481|Key.space|release
2021-12-04 12:28:32,597|'t'|press
2021-12-04 12:28:32,663|'t'|release
2021-12-04 12:28:32,706|'j'|press
2021-12-04 12:28:32,773|'j'|release
2021-12-04 12:28:32,838|'e'|press
2021-12-04 12:28:32,925|'e'|release
2021-12-04 12:28:32,999|Key.space|press
2021-12-04 12:28:33,084|Key.space|release
2021-12-04 12:28:33,254|'l'|press
2021-12-04 12:28:33,340|'l'|release
2021-12-04 12:28:33,368|'e'|press
2021-12-04 12:28:33,432|'e'|release
2021-12-04 12:28:33,577|'f'|press
2021-12-04 12:28:33,685|'f'|release
2021-12-04 12:28:33,822|'t'|press
2021-12-04 12:28:33,907|'t'|release
2021-12-04 12:28:33,983|Key.space|press
2021-12-04 12:28:34,071|Key.space|release
2021-12-04 12:28:34,180|'o'|press
2021-12-04 12:28:34,268|'o'|release
2021-12-04 12:28:34,327|'f'|press
2021-12-04 12:28:34,392|'f'|release
2021-12-04 12:28:34,654|Key.space|press
2021-12-04 12:28:34,741|Key.space|release
2021-12-04 12:28:35,077|'h'|press
2021-12-04 12:28:35,162|'h'|release
2021-12-04 12:28:35,760|'i'|press
2021-12-04 12:28:35,825|'i'|release
2021-12-04 12:28:36,195|'m'|press
2021-12-04 12:28:36,260|'m'|release
2021-12-04 12:28:37,887|Key.space|press
2021-12-04 12:28:37,972|Key.space|release
2021-12-04 12:28:38,150|'t'|press
2021-12-04 12:28:38,237|'t'|release
2021-12-04 12:28:38,239|'h'|press
2021-12-04 12:28:38,303|'h'|release
2021-12-04 12:28:38,354|'e'|press
2021-12-04 12:28:38,439|'e'|release
2021-12-04 12:28:38,462|Key.space|press
2021-12-04 12:28:38,527|Key.space|release
2021-12-04 12:28:38,571|'g'|press
2021-12-04 12:28:38,659|'g'|release
2021-12-04 12:28:38,715|'r'|press
2021-12-04 12:28:38,737|'o'|press
2021-12-04 12:28:38,781|'r'|release
2021-12-04 12:28:38,823|'o'|release
2021-12-04 12:28:38,915|'u'|press
2021-12-04 12:28:39,004|'u'|release
2021-12-04 12:28:39,126|'n'|press
2021-12-04 12:28:39,194|'n'|release
2021-12-04 12:28:39,256|'d'|press
2021-12-04 12:28:39,344|'d'|release
2021-12-04 12:28:39,375|Key.space|press
2021-12-04 12:28:39,461|Key.space|release
2021-12-04 12:28:39,852|'w'|press
2021-12-04 12:28:39,919|'w'|release
2021-12-04 12:28:40,041|'a'|press
2021-12-04 12:28:40,125|'a'|release
2021-12-04 12:28:40,249|'s'|press
2021-12-04 12:28:40,314|'s'|release
2021-12-04 12:28:40,343|Key.space|press
2021-12-04 12:28:40,427|Key.space|release
2021-12-04 12:28:40,814|'m'|press
2021-12-04 12:28:40,880|'m'|release
2021-12-04 12:28:41,061|'i'|press
2021-12-04 12:28:41,124|'i'|release
2021-12-04 12:28:41,275|'n'|press
2021-12-04 12:28:41,340|'n'|release
2021-12-04 12:28:41,409|'s'|press
2021-12-04 12:28:41,497|'s'|release
2021-12-04 12:28:41,672|'t'|press
2021-12-04 12:28:41,739|'t'|release
2021-12-04 12:28:41,810|'y'|press
2021-12-04 12:28:41,876|'y'|release
2021-12-04 12:28:43,247|Key.space|press
2021-12-04 12:28:43,335|Key.space|release
2021-12-04 12:28:43,540|'w'|press
2021-12-04 12:28:43,604|'w'|release
2021-12-04 12:28:43,627|'i'|press
2021-12-04 12:28:43,691|'i'|release
2021-12-04 12:28:43,834|'t'|press
2021-12-04 12:28:43,898|'t'|release
2021-12-04 12:28:43,946|'h'|press
2021-12-04 12:28:44,029|'h'|release
2021-12-04 12:28:44,095|Key.space|press
2021-12-04 12:28:44,204|Key.space|release
2021-12-04 12:28:44,396|'m'|press
2021-12-04 12:28:44,484|'m'|release
2021-12-04 12:28:44,735|Key.backspace|press
2021-12-04 12:28:44,819|Key.backspace|release
2021-12-04 12:28:44,884|'b'|press
2021-12-04 12:28:44,949|'b'|release
2021-12-04 12:28:45,012|'l'|press
2021-12-04 12:28:45,102|'l'|release
2021-12-04 12:28:45,237|'u'|press
2021-12-04 12:28:45,302|'u'|release
2021-12-04 12:28:45,344|'e'|press
2021-12-04 12:28:45,410|'e'|release
2021-12-04 12:28:45,730|'b'|press
2021-12-04 12:28:45,796|'b'|release
2021-12-04 12:28:45,958|'e'|press
2021-12-04 12:28:46,022|'e'|release
2021-12-04 12:28:46,063|'l'|press
2021-12-04 12:28:46,129|'l'|release
2021-12-04 12:28:46,194|'l'|press
2021-12-04 12:28:46,282|'l'|release
2021-12-04 12:28:46,330|'s'|press
2021-12-04 12:28:46,395|'s'|release
2021-12-04 12:28:46,841|Key.shift_r|press
2021-12-04 12:28:47,301|'.'|press
2021-12-04 12:28:47,363|'.'|release
2021-12-04 12:28:47,384|Key.shift_r|release
2021-12-04 12:28:47,447|Key.space|press
2021-12-04 12:28:47,533|Key.space|release
2021-12-04 12:28:47,937|Key.shift|press
2021-12-04 12:28:48,409|'T'|press
2021-12-04 12:28:48,456|'T'|release
2021-12-04 12:28:48,478|Key.shift|release
2021-12-04 12:28:48,711|'h'|press
2021-12-04 12:28:48,799|'h'|release
2021-12-04 12:28:48,835|'e'|press
2021-12-04 12:28:48,899|'e'|release
2021-12-04 12:28:48,949|Key.space|press
2021-12-04 12:28:49,033|Key.space|release
2021-12-04 12:28:49,084|'a'|press
2021-12-04 12:28:49,168|'a'|release
2021-12-04 12:28:49,188|'i'|press
2021-12-04 12:28:49,275|'i'|release
2021-12-04 12:28:49,361|'r'|press
2021-12-04 12:28:49,449|'r'|release
2021-12-04 12:28:49,522|Key.space|press
2021-12-04 12:28:49,609|Key.space|release
2021-12-04 12:28:50,329|'s'|press
2021-12-04 12:28:50,416|'s'|release
2021-12-04 12:28:50,550|'e'|press
2021-12-04 12:28:50,616|'e'|release
2021-12-04 12:28:50,716|'e'|press
2021-12-04 12:28:50,804|'e'|release
2021-12-04 12:28:50,834|'m'|press
2021-12-04 12:28:50,921|'m'|release
2021-12-04 12:28:51,148|'e'|press
2021-12-04 12:28:51,236|'e'|release
2021-12-04 12:28:51,368|'d'|press
2021-12-04 12:28:51,434|'d'|release
2021-12-04 12:28:51,506|Key.space|press
2021-12-04 12:28:51,572|Key.space|release
2021-12-04 12:28:51,700|'t'|press
2021-12-04 12:28:51,787|'t'|release
2021-12-04 12:28:51,810|'o'|press
2021-12-04 12:28:51,895|'o'|release
2021-12-04 12:28:51,973|Key.space|press
2021-12-04 12:28:52,058|Key.space|release
2021-12-04 12:28:52,527|'k'|press
2021-12-04 12:28:52,611|'k'|release
2021-12-04 12:28:52,684|'i'|press
2021-12-04 12:28:52,773|'i'|release
2021-12-04 12:28:52,791|'s'|press
2021-12-04 12:28:52,857|'s'|release
2021-12-04 12:28:52,949|'s'|press
2021-12-04 12:28:53,015|'s'|release
2021-12-04 12:28:53,034|Key.space|press
2021-12-04 12:28:53,100|Key.space|release
2021-12-04 12:28:53,171|'o'|press
2021-12-04 12:28:53,237|'o'|release
2021-12-04 12:28:53,368|'n'|press
2021-12-04 12:28:53,436|'n'|release
2021-12-04 12:28:53,486|'e'|press
2021-12-04 12:28:53,572|'e'|release
2021-12-04 12:28:53,806|"'"|press
2021-12-04 12:28:53,873|"'"|release
2021-12-04 12:28:53,922|'s'|press
2021-12-04 12:28:53,986|'s'|release
2021-12-04 12:28:54,147|Key.space|press
2021-12-04 12:28:54,212|Key.space|release
2021-12-04 12:28:54,451|'s'|press
2021-12-04 12:28:54,543|'s'|release
2021-12-04 12:28:54,574|'k'|press
2021-12-04 12:28:54,666|'k'|release
2021-12-04 12:28:54,757|'i'|press
2021-12-04 12:28:54,842|'i'|release
2021-12-04 12:28:54,952|'n'|press
2021-12-04 12:28:55,038|'n'|release
2021-12-04 12:28:55,270|Key.shift_r|press
2021-12-04 12:28:55,499|'.'|press
2021-12-04 12:28:55,563|'.'|release
2021-12-04 12:28:55,605|Key.shift_r|release
2021-12-04 12:28:58,837|Key.space|press
2021-12-04 12:28:58,923|Key.space|release
2021-12-04 12:28:58,974|Key.shift|press
2021-12-04 12:28:59,085|'I'|press
2021-12-04 12:28:59,128|Key.shift|release
2021-12-04 12:28:59,151|'i'|release
2021-12-04 12:28:59,312|'t'|press
2021-12-04 12:28:59,395|'t'|release
2021-12-04 12:28:59,423|Key.space|press
2021-12-04 12:28:59,487|Key.space|release
2021-12-04 12:28:59,664|'w'|press
2021-12-04 12:28:59,728|'w'|release
2021-12-04 12:28:59,818|'a'|press
2021-12-04 12:28:59,924|'a'|release
2021-12-04 12:29:00,030|'s'|press
2021-12-04 12:29:00,118|'s'|release
2021-12-04 12:29:00,149|Key.space|press
2021-12-04 12:29:00,216|Key.space|release
2021-12-04 12:29:00,800|'t'|press
2021-12-04 12:29:00,888|'t'|release
2021-12-04 12:29:00,908|'h'|press
2021-12-04 12:29:00,993|'h'|release
2021-12-04 12:29:01,032|'e'|press
2021-12-04 12:29:01,122|'e'|release
2021-12-04 12:29:01,143|Key.space|press
2021-12-04 12:29:01,208|Key.space|release
2021-12-04 12:29:01,336|'s'|press
2021-12-04 12:29:01,404|'s'|release
2021-12-04 12:29:01,517|'e'|press
2021-12-04 12:29:01,582|'e'|release
2021-12-04 12:29:01,722|'c'|press
2021-12-04 12:29:01,808|'c'|release
2021-12-04 12:29:01,813|'o'|press
2021-12-04 12:29:01,873|'o'|release
2021-12-04 12:29:01,986|'n'|press
2021-12-04 12:29:02,073|'n'|release
2021-12-04 12:29:02,125|'d'|press
2021-12-04 12:29:02,191|'d'|release
2021-12-04 12:29:02,214|Key.space|press
2021-12-04 12:29:02,300|Key.space|release
2021-12-04 12:29:02,387|'o'|press
2021-12-04 12:29:02,476|'o'|release
2021-12-04 12:29:02,495|'f'|press
2021-12-04 12:29:02,581|'f'|release
2021-12-04 12:29:02,618|Key.space|press
2021-12-04 12:29:02,705|Key.space|release
2021-12-04 12:29:02,946|'m'|press
2021-12-04 12:29:03,034|'m'|release
2021-12-04 12:29:03,214|'a'|press
2021-12-04 12:29:03,278|'a'|release
2021-12-04 12:29:03,513|'y'|press
2021-12-04 12:29:03,557|'y'|release
2021-12-04 12:29:04,050|Key.shift_r|press
2021-12-04 12:29:04,223|'.'|press
2021-12-04 12:29:04,264|'.'|release
2021-12-04 12:29:04,286|Key.shift_r|release
2021-12-04 12:29:04,389|Key.space|press
2021-12-04 12:29:04,458|Key.space|release
2021-12-04 12:29:04,923|Key.shift|press
2021-12-04 12:29:05,266|Key.shift|release
2021-12-04 12:29:05,613|Key.shift|press
2021-12-04 12:29:05,812|'F'|press
2021-12-04 12:29:05,875|Key.shift|release
2021-12-04 12:29:05,898|'f'|release
2021-12-04 12:29:06,028|'r'|press
2021-12-04 12:29:06,116|'r'|release
2021-12-04 12:29:06,157|'o'|press
2021-12-04 12:29:06,242|'o'|release
2021-12-04 12:29:06,346|'m'|press
2021-12-04 12:29:06,433|'m'|release
2021-12-04 12:29:06,519|Key.space|press
2021-12-04 12:29:06,602|Key.space|release
2021-12-04 12:29:06,809|'s'|press
2021-12-04 12:29:06,874|'s'|release
2021-12-04 12:29:06,951|'o'|press
2021-12-04 12:29:07,017|'o'|release
2021-12-04 12:29:07,152|'m'|press
2021-12-04 12:29:07,240|'m'|release
2021-12-04 12:29:07,244|'e'|press
2021-12-04 12:29:07,283|'e'|release
2021-12-04 12:29:07,626|'w'|press
2021-12-04 12:29:07,713|'w'|release
2021-12-04 12:29:07,745|'h'|press
2021-12-04 12:29:07,813|'h'|release
2021-12-04 12:29:07,880|'e'|press
2021-12-04 12:29:07,947|'e'|release
2021-12-04 12:29:08,092|'r'|press
2021-12-04 12:29:08,157|'r'|release
2021-12-04 12:29:08,286|'e'|press
2021-12-04 12:29:08,348|'e'|release
2021-12-04 12:29:08,784|Key.space|press
2021-12-04 12:29:08,895|Key.space|release
2021-12-04 12:29:09,059|'d'|press
2021-12-04 12:29:09,127|'d'|release
2021-12-04 12:29:09,264|'e'|press
2021-12-04 12:29:09,328|'e'|release
2021-12-04 12:29:09,427|'e'|press
2021-12-04 12:29:09,511|'e'|release
2021-12-04 12:29:09,516|'p'|press
2021-12-04 12:29:09,599|'p'|release
2021-12-04 12:29:09,659|'e'|press
2021-12-04 12:29:09,750|'e'|release
2021-12-04 12:29:09,868|'r'|press
2021-12-04 12:29:09,934|'r'|release
2021-12-04 12:29:10,012|Key.space|press
2021-12-04 12:29:10,077|Key.space|release
2021-12-04 12:29:10,246|'i'|press
2021-12-04 12:29:10,310|'i'|release
2021-12-04 12:29:10,429|'n'|press
2021-12-04 12:29:10,517|'n'|release
2021-12-04 12:29:10,553|Key.space|press
2021-12-04 12:29:10,659|Key.space|release
2021-12-04 12:29:10,680|'t'|press
2021-12-04 12:29:10,766|'t'|release
2021-12-04 12:29:10,771|'h'|press
2021-12-04 12:29:10,852|'h'|release
2021-12-04 12:29:10,905|'e'|press
2021-12-04 12:29:10,948|Key.space|press
2021-12-04 12:29:10,995|'e'|release
2021-12-04 12:29:11,058|Key.space|release
2021-12-04 12:29:11,283|'h'|press
2021-12-04 12:29:11,369|'h'|release
2021-12-04 12:29:11,503|'e'|press
2021-12-04 12:29:11,568|'e'|release
2021-12-04 12:29:11,717|'a'|press
2021-12-04 12:29:11,805|'a'|release
2021-12-04 12:29:11,936|'r'|press
2021-12-04 12:29:12,024|'r'|release
2021-12-04 12:29:12,154|'t'|press
2021-12-04 12:29:12,218|'t'|release
2021-12-04 12:29:12,969|Key.space|press
2021-12-04 12:29:13,053|Key.space|release
2021-12-04 12:29:13,142|'o'|press
2021-12-04 12:29:13,249|'o'|release
2021-12-04 12:29:13,270|'f'|press
2021-12-04 12:29:13,336|'f'|release
2021-12-04 12:29:13,382|Key.space|press
2021-12-04 12:29:13,468|Key.space|release
2021-12-04 12:29:13,761|'t'|press
2021-12-04 12:29:13,846|'t'|release
2021-12-04 12:29:13,851|'h'|press
2021-12-04 12:29:13,935|'h'|release
2021-12-04 12:29:13,976|'e'|press
2021-12-04 12:29:14,065|'e'|release
2021-12-04 12:29:14,085|Key.space|press
2021-12-04 12:29:14,151|Key.space|release
2021-12-04 12:29:14,392|'w'|press
2021-12-04 12:29:14,456|'w'|release
2021-12-04 12:29:14,461|'o'|press
2021-12-04 12:29:14,522|'o'|release
2021-12-04 12:29:14,618|'o'|press
2021-12-04 12:29:14,729|'o'|release
2021-12-04 12:29:14,749|'d'|press
2021-12-04 12:29:14,834|'d'|release
2021-12-04 12:29:15,536|Key.space|press
2021-12-04 12:29:15,645|Key.space|release
2021-12-04 12:29:15,684|'c'|press
2021-12-04 12:29:15,767|'c'|release
2021-12-04 12:29:15,928|'a'|press
2021-12-04 12:29:16,013|'a'|release
2021-12-04 12:29:16,041|'m'|press
2021-12-04 12:29:16,107|'m'|release
2021-12-04 12:29:16,244|'e'|press
2021-12-04 12:29:16,308|'e'|release
2021-12-04 12:29:16,358|Key.space|press
2021-12-04 12:29:16,445|Key.space|release
2021-12-04 12:29:16,647|'t'|press
2021-12-04 12:29:16,714|'t'|release
2021-12-04 12:29:16,751|'h'|press
2021-12-04 12:29:16,836|'h'|release
2021-12-04 12:29:16,885|'r'|press
2021-12-04 12:29:16,948|'r'|release
2021-12-04 12:29:17,002|'o'|press
2021-12-04 12:29:17,069|'o'|release
2021-12-04 12:29:17,188|'u'|press
2021-12-04 12:29:17,253|'u'|release
2021-12-04 12:29:17,377|'g'|press
2021-12-04 12:29:17,443|'g'|release
2021-12-04 12:29:17,493|'h'|press
2021-12-04 12:29:17,557|'h'|release
2021-12-04 12:29:17,967|Key.space|press
2021-12-04 12:29:18,057|Key.space|release
2021-12-04 12:29:18,253|'t'|press
2021-12-04 12:29:18,317|'t'|release
2021-12-04 12:29:18,339|'h'|press
2021-12-04 12:29:18,428|'h'|release
2021-12-04 12:29:18,466|'e'|press
2021-12-04 12:29:18,529|Key.space|press
2021-12-04 12:29:18,552|'e'|release
2021-12-04 12:29:18,615|Key.space|release
2021-12-04 12:29:19,110|'d'|press
2021-12-04 12:29:19,197|'d'|release
2021-12-04 12:29:19,313|'r'|press
2021-12-04 12:29:19,358|'o'|press
2021-12-04 12:29:19,381|'r'|release
2021-12-04 12:29:19,423|'o'|release
2021-12-04 12:29:19,567|'n'|press
2021-12-04 12:29:19,631|'n'|release
2021-12-04 12:29:19,749|'i'|press
2021-12-04 12:29:19,816|'i'|release
2021-12-04 12:29:19,936|'n'|press
2021-12-04 12:29:20,020|'n'|release
2021-12-04 12:29:20,068|'g'|press
2021-12-04 12:29:20,134|'g'|release
2021-12-04 12:29:20,162|Key.space|press
2021-12-04 12:29:20,251|Key.space|release
2021-12-04 12:29:20,357|'o'|press
2021-12-04 12:29:20,444|'o'|release
2021-12-04 12:29:20,936|'f'|press
2021-12-04 12:29:21,003|'f'|release
2021-12-04 12:29:21,078|Key.space|press
2021-12-04 12:29:21,145|Key.space|release
2021-12-04 12:29:21,369|'r'|press
2021-12-04 12:29:21,436|'r'|release
2021-12-04 12:29:21,458|'i'|press
2021-12-04 12:29:21,520|'i'|release
2021-12-04 12:29:21,633|'n'|press
2021-12-04 12:29:21,721|'n'|release
2021-12-04 12:29:21,753|'g'|press
2021-12-04 12:29:21,820|'g'|release
2021-12-04 12:29:21,971|'-'|press
2021-12-04 12:29:22,016|'-'|release
2021-12-04 12:29:22,188|'d'|press
2021-12-04 12:29:22,274|'d'|release
2021-12-04 12:29:22,341|'o'|press
2021-12-04 12:29:22,407|'o'|release
2021-12-04 12:29:22,524|'v'|press
2021-12-04 12:29:22,587|'v'|release
2021-12-04 12:29:22,788|'e'|press
2021-12-04 12:29:22,852|'e'|release
2021-12-04 12:29:22,989|'s'|press
2021-12-04 12:29:23,072|'s'|release
2021-12-04 12:29:23,228|Key.shift_r|press
2021-12-04 12:29:23,447|'.'|press
2021-12-04 12:29:23,536|'.'|release
2021-12-04 12:29:23,558|Key.shift_r|release
2021-12-04 12:29:23,718|Key.enter|press
2021-12-04 12:29:23,804|Key.enter|release
2021-12-04 12:29:23,899|Key.enter|press
2021-12-04 12:29:23,945|Key.enter|release
2021-12-04 12:29:24,539|Key.shift|press
2021-12-04 12:29:24,753|'H'|press
2021-12-04 12:29:24,842|Key.shift|release
2021-12-04 12:29:24,843|'h'|release
2021-12-04 12:29:24,938|'e'|press
2021-12-04 12:29:25,022|'e'|release
2021-12-04 12:29:25,061|Key.space|press
2021-12-04 12:29:25,149|Key.space|release
2021-12-04 12:29:25,229|'w'|press
2021-12-04 12:29:25,316|'w'|release
2021-12-04 12:29:25,430|'a'|press
2021-12-04 12:29:25,492|'a'|release
2021-12-04 12:29:25,617|'s'|press
2021-12-04 12:29:25,705|'s'|release
2021-12-04 12:29:25,736|Key.space|press
2021-12-04 12:29:25,820|Key.space|release
2021-12-04 12:29:26,829|'a'|press
2021-12-04 12:29:26,917|'a'|release
2021-12-04 12:29:26,940|Key.space|press
2021-12-04 12:29:27,004|Key.space|release
2021-12-04 12:29:27,137|'b'|press
2021-12-04 12:29:27,202|'b'|release
2021-12-04 12:29:27,329|'i'|press
2021-12-04 12:29:27,416|'i'|release
2021-12-04 12:29:27,449|'t'|press
2021-12-04 12:29:27,514|'t'|release
2021-12-04 12:29:27,543|Key.space|press
2021-12-04 12:29:27,628|Key.space|release
2021-12-04 12:29:27,722|'e'|press
2021-12-04 12:29:27,810|'e'|release
2021-12-04 12:29:28,034|'a'|press
2021-12-04 12:29:28,119|'a'|release
2021-12-04 12:29:28,282|'r'|press
2021-12-04 12:29:28,348|'r'|release
2021-12-04 12:29:28,416|'l'|press
2021-12-04 12:29:28,484|'l'|release
2021-12-04 12:29:28,651|'y'|press
2021-12-04 12:29:28,716|'y'|release
2021-12-04 12:29:29,001|Key.shift_r|press
2021-12-04 12:29:29,177|'.'|press
2021-12-04 12:29:29,220|'.'|release
2021-12-04 12:29:29,261|Key.shift_r|release
2021-12-04 12:29:29,677|Key.space|press
2021-12-04 12:29:29,767|Key.space|release
2021-12-04 12:29:30,190|Key.shift|press
2021-12-04 12:29:30,340|'T'|press
2021-12-04 12:29:30,382|'T'|release
2021-12-04 12:29:30,425|Key.shift|release
2021-12-04 12:29:30,582|'h'|press
2021-12-04 12:29:30,645|'h'|release
2021-12-04 12:29:30,676|'e'|press
2021-12-04 12:29:30,761|'e'|release
2021-12-04 12:29:30,883|'r'|press
2021-12-04 12:29:30,947|'r'|release
2021-12-04 12:29:31,058|'e'|press
2021-12-04 12:29:31,119|'e'|release
2021-12-04 12:29:31,154|Key.space|press
2021-12-04 12:29:31,240|Key.space|release
2021-12-04 12:29:31,403|'h'|press
2021-12-04 12:29:31,490|'h'|release
2021-12-04 12:29:31,496|'a'|press
2021-12-04 12:29:31,578|'a'|release
2021-12-04 12:29:31,740|'d'|press
2021-12-04 12:29:31,806|'d'|release
2021-12-04 12:29:31,912|Key.space|press
2021-12-04 12:29:32,021|Key.space|release
2021-12-04 12:29:32,622|'b'|press
2021-12-04 12:29:32,688|'b'|release
2021-12-04 12:29:32,710|'e'|press
2021-12-04 12:29:32,774|'e'|release
2021-12-04 12:29:32,874|'e'|press
2021-12-04 12:29:32,940|'e'|release
2021-12-04 12:29:32,978|'n'|press
2021-12-04 12:29:33,065|'n'|release
2021-12-04 12:29:33,107|Key.space|press
2021-12-04 12:29:33,215|Key.space|release
2021-12-04 12:29:33,337|'n'|press
2021-12-04 12:29:33,400|'n'|release
2021-12-04 12:29:33,522|'o'|press
2021-12-04 12:29:33,608|'o'|release
2021-12-04 12:29:33,684|Key.space|press
2021-12-04 12:29:33,771|Key.space|release
2021-12-04 12:29:33,776|'d'|press
2021-12-04 12:29:33,858|'d'|release
2021-12-04 12:29:33,974|'i'|press
2021-12-04 12:29:34,042|'i'|release
2021-12-04 12:29:34,945|'f'|press
2021-12-04 12:29:35,013|'f'|release
2021-12-04 12:29:35,108|'f'|press
2021-12-04 12:29:35,173|'f'|release
2021-12-04 12:29:35,254|'i'|press
2021-12-04 12:29:35,341|'i'|release
2021-12-04 12:29:35,464|'c'|press
2021-12-04 12:29:35,527|'c'|release
2021-12-04 12:29:35,699|'u'|press
2021-12-04 12:29:35,784|'u'|release
2021-12-04 12:29:35,939|'l'|press
2021-12-04 12:29:36,025|'l'|release
2021-12-04 12:29:36,064|'t'|press
2021-12-04 12:29:36,131|'t'|release
2021-12-04 12:29:36,189|'i'|press
2021-12-04 12:29:36,254|'i'|release
2021-12-04 12:29:36,322|'e'|press
2021-12-04 12:29:36,406|'e'|release
2021-12-04 12:29:36,555|'s'|press
2021-12-04 12:29:36,645|'s'|release
2021-12-04 12:29:37,062|Key.space|press
2021-12-04 12:29:37,151|Key.space|release
2021-12-04 12:29:37,235|'a'|press
2021-12-04 12:29:37,301|'a'|release
2021-12-04 12:29:37,498|'b'|press
2021-12-04 12:29:37,564|'b'|release
2021-12-04 12:29:37,594|'o'|press
2021-12-04 12:29:37,658|'o'|release
2021-12-04 12:29:37,771|'u'|press
2021-12-04 12:29:37,858|'u'|release
2021-12-04 12:29:37,878|'t'|press
2021-12-04 12:29:37,944|'t'|release
2021-12-04 12:29:38,002|Key.space|press
2021-12-04 12:29:38,086|Key.space|release
2021-12-04 12:29:38,179|'t'|press
2021-12-04 12:29:38,205|'h'|press
2021-12-04 12:29:38,264|'t'|release
2021-12-04 12:29:38,285|'h'|release
2021-12-04 12:29:38,386|Key.space|press
2021-12-04 12:29:38,450|'e'|press
2021-12-04 12:29:38,493|Key.space|release
2021-12-04 12:29:38,514|'e'|release
2021-12-04 12:29:38,627|'j'|press
2021-12-04 12:29:38,715|'j'|release
2021-12-04 12:29:38,795|'o'|press
2021-12-04 12:29:38,883|'o'|release
2021-12-04 12:29:38,974|'u'|press
2021-12-04 12:29:39,039|'u'|release
2021-12-04 12:29:39,102|'r'|press
2021-12-04 12:29:39,167|'r'|release
2021-12-04 12:29:39,196|'n'|press
2021-12-04 12:29:39,259|'n'|release
2021-12-04 12:29:39,328|'e'|press
2021-12-04 12:29:39,412|'e'|release
2021-12-04 12:29:39,467|'y'|press
2021-12-04 12:29:39,532|'y'|release
2021-12-04 12:29:41,755|','|press
2021-12-04 12:29:41,840|','|release
2021-12-04 12:29:41,861|Key.space|press
2021-12-04 12:29:41,926|Key.space|release
2021-12-04 12:29:42,101|'a'|press
2021-12-04 12:29:42,164|'a'|release
2021-12-04 12:29:42,187|'n'|press
2021-12-04 12:29:42,249|'n'|release
2021-12-04 12:29:42,310|'d'|press
2021-12-04 12:29:42,399|'d'|release
2021-12-04 12:29:42,434|Key.space|press
2021-12-04 12:29:42,522|Key.space|release
2021-12-04 12:29:42,705|'s'|press
2021-12-04 12:29:42,790|'s'|release
2021-12-04 12:29:43,146|Key.backspace|press
2021-12-04 12:29:43,234|Key.backspace|release
2021-12-04 12:29:43,336|'t'|press
2021-12-04 12:29:43,419|'t'|release
2021-12-04 12:29:43,449|'h'|press
2021-12-04 12:29:43,515|'h'|release
2021-12-04 12:29:43,548|'e'|press
2021-12-04 12:29:43,636|'e'|release
2021-12-04 12:29:43,640|Key.space|press
2021-12-04 12:29:43,721|Key.space|release
2021-12-04 12:29:43,837|'g'|press
2021-12-04 12:29:43,903|'g'|release
2021-12-04 12:29:44,011|'r'|press
2021-12-04 12:29:44,076|'r'|release
2021-12-04 12:29:44,129|'i'|press
2021-12-04 12:29:44,217|'i'|release
2021-12-04 12:29:44,351|'l'|press
2021-12-04 12:29:44,439|'l'|release
2021-12-04 12:29:44,637|Key.space|press
2021-12-04 12:29:44,702|Key.space|release
2021-12-04 12:29:45,415|'w'|press
2021-12-04 12:29:45,477|'w'|release
2021-12-04 12:29:45,598|'a'|press
2021-12-04 12:29:45,684|'a'|release
2021-12-04 12:29:45,817|'s'|press
2021-12-04 12:29:45,881|'s'|release
2021-12-04 12:29:45,948|Key.space|press
2021-12-04 12:29:46,035|Key.space|release
2021-12-04 12:29:46,115|'s'|press
2021-12-04 12:29:46,203|'s'|release
2021-12-04 12:29:46,291|'o'|press
2021-12-04 12:29:46,379|'o'|release
2021-12-04 12:29:46,503|Key.space|press
2021-12-04 12:29:46,567|Key.space|release
2021-12-04 12:29:46,654|'e'|press
2021-12-04 12:29:46,718|'e'|release
2021-12-04 12:29:46,892|'v'|press
2021-12-04 12:29:46,914|'v'|release
2021-12-04 12:29:46,991|'i'|press
2021-12-04 12:29:47,078|'i'|release
2021-12-04 12:29:47,150|'d'|press
2021-12-04 12:29:47,235|'d'|release
2021-12-04 12:29:47,280|'e'|press
2021-12-04 12:29:47,367|'e'|release
2021-12-04 12:29:47,387|'n'|press
2021-12-04 12:29:47,453|'n'|release
2021-12-04 12:29:47,500|'t'|press
2021-12-04 12:29:47,586|'t'|release
2021-12-04 12:29:47,794|'l'|press
2021-12-04 12:29:47,877|'l'|release
2021-12-04 12:29:48,046|'y'|press
2021-12-04 12:29:48,110|'y'|release
2021-12-04 12:29:48,335|Key.space|press
2021-12-04 12:29:48,423|Key.space|release
2021-12-04 12:29:49,353|'e'|press
2021-12-04 12:29:49,419|'e'|release
2021-12-04 12:29:49,601|'x'|press
2021-12-04 12:29:49,668|'x'|release
2021-12-04 12:29:49,689|'p'|press
2021-12-04 12:29:49,754|'p'|release
2021-12-04 12:29:49,832|'e'|press
2021-12-04 12:29:49,917|'e'|release
2021-12-04 12:29:50,029|'r'|press
2021-12-04 12:29:50,096|'r'|release
2021-12-04 12:29:50,116|'i'|press
2021-12-04 12:29:50,180|'i'|release
2021-12-04 12:29:50,279|'e'|press
2021-12-04 12:29:50,366|'e'|release
2021-12-04 12:29:50,388|'n'|press
2021-12-04 12:29:50,452|'n'|release
2021-12-04 12:29:50,547|'c'|press
2021-12-04 12:29:50,633|'c'|release
2021-12-04 12:29:50,747|'e'|press
2021-12-04 12:29:50,812|'e'|release
2021-12-04 12:29:50,938|'d'|press
2021-12-04 12:29:51,003|'d'|release
2021-12-04 12:29:51,406|Key.space|press
2021-12-04 12:29:51,510|Key.space|release
2021-12-04 12:29:51,859|'t'|press
2021-12-04 12:29:51,924|'t'|release
2021-12-04 12:29:51,944|'h'|press
2021-12-04 12:29:52,006|'h'|release
2021-12-04 12:29:52,084|'a'|press
2021-12-04 12:29:52,193|'a'|release
2021-12-04 12:29:52,306|'t'|press
2021-12-04 12:29:52,393|'t'|release
2021-12-04 12:29:52,430|Key.space|press
2021-12-04 12:29:52,518|Key.space|release
2021-12-04 12:29:52,877|'h'|press
2021-12-04 12:29:52,965|'h'|release
2021-12-04 12:29:52,985|'e'|press
2021-12-04 12:29:53,068|'e'|release
2021-12-04 12:29:53,106|Key.space|press
2021-12-04 12:29:53,176|Key.space|release
2021-12-04 12:29:53,358|'w'|press
2021-12-04 12:29:53,426|'w'|release
2021-12-04 12:29:53,558|'a'|press
2021-12-04 12:29:53,641|'a'|release
2021-12-04 12:29:53,809|'s'|press
2021-12-04 12:29:53,878|'s'|release
2021-12-04 12:29:53,961|Key.space|press
2021-12-04 12:29:54,047|Key.space|release
2021-12-04 12:29:54,618|'l'|press
2021-12-04 12:29:54,686|'e'|press
2021-12-04 12:29:54,708|'l'|release
2021-12-04 12:29:54,751|'e'|release
2021-12-04 12:29:54,914|'s'|press
2021-12-04 12:29:54,979|'s'|release
2021-12-04 12:29:55,091|'s'|press
2021-12-04 12:29:55,155|'s'|release
2021-12-04 12:29:55,196|Key.space|press
2021-12-04 12:29:55,261|Key.space|release
2021-12-04 12:29:55,349|'f'|press
2021-12-04 12:29:55,459|'f'|release
2021-12-04 12:29:55,461|'r'|press
2021-12-04 12:29:55,543|'r'|release
2021-12-04 12:29:55,564|'i'|press
2021-12-04 12:29:55,649|'i'|release
2021-12-04 12:29:55,680|'g'|press
2021-12-04 12:29:55,765|'g'|release
2021-12-04 12:29:55,821|'h'|press
2021-12-04 12:29:55,887|'h'|release
2021-12-04 12:29:55,917|'t'|press
2021-12-04 12:29:55,984|'t'|release
2021-12-04 12:29:56,211|'e'|press
2021-12-04 12:29:56,301|'e'|release
2021-12-04 12:29:56,403|'n'|press
2021-12-04 12:29:56,468|'n'|release
2021-12-04 12:29:56,520|'e'|press
2021-12-04 12:29:56,584|'e'|release
2021-12-04 12:29:56,726|'d'|press
2021-12-04 12:29:56,790|'d'|release
2021-12-04 12:29:58,596|Key.space|press
2021-12-04 12:29:58,684|Key.space|release
2021-12-04 12:29:58,868|'t'|press
2021-12-04 12:29:58,934|'t'|release
2021-12-04 12:29:58,971|'h'|press
2021-12-04 12:29:59,034|'h'|release
2021-12-04 12:29:59,109|'a'|press
2021-12-04 12:29:59,173|'a'|release
2021-12-04 12:29:59,383|'n'|press
2021-12-04 12:29:59,492|'n'|release
2021-12-04 12:29:59,573|Key.space|press
2021-12-04 12:29:59,640|Key.space|release
2021-12-04 12:30:00,086|'h'|press
2021-12-04 12:30:00,176|'h'|release
2021-12-04 12:30:00,181|'e'|press
2021-12-04 12:30:00,242|'e'|release
2021-12-04 12:30:00,281|Key.space|press
2021-12-04 12:30:00,368|Key.space|release
2021-12-04 12:30:00,559|'w'|press
2021-12-04 12:30:00,622|'w'|release
2021-12-04 12:30:00,626|'o'|press
2021-12-04 12:30:00,709|'o'|release
2021-12-04 12:30:00,806|'u'|press
2021-12-04 12:30:00,893|'u'|release
2021-12-04 12:30:01,037|'l'|press
2021-12-04 12:30:01,145|'l'|release
2021-12-04 12:30:01,165|'d'|press
2021-12-04 12:30:01,231|'d'|release
2021-12-04 12:30:01,263|Key.space|press
2021-12-04 12:30:01,372|Key.space|release
2021-12-04 12:30:01,431|'h'|press
2021-12-04 12:30:01,518|'h'|release
2021-12-04 12:30:01,524|'a'|press
2021-12-04 12:30:01,599|'a'|release
2021-12-04 12:30:01,661|'v'|press
2021-12-04 12:30:01,753|'v'|release
2021-12-04 12:30:01,799|'e'|press
2021-12-04 12:30:01,864|'e'|release
2021-12-04 12:30:01,885|Key.space|press
2021-12-04 12:30:01,973|Key.space|release
2021-12-04 12:30:02,045|'b'|press
2021-12-04 12:30:02,133|'b'|release
2021-12-04 12:30:02,163|'e'|press
2021-12-04 12:30:02,224|'e'|release
2021-12-04 12:30:02,335|'e'|press
2021-12-04 12:30:02,401|'e'|release
2021-12-04 12:30:02,405|'n'|press
2021-12-04 12:30:02,464|'n'|release
2021-12-04 12:30:02,899|Key.shift_r|press
2021-12-04 12:30:03,092|'.'|press
2021-12-04 12:30:03,157|'.'|release
2021-12-04 12:30:03,179|Key.shift_r|release
