2021-11-25 10:21:24,754|Key.enter|release
2021-11-25 10:21:26,579|Key.enter|press
2021-11-25 10:21:26,653|Key.enter|release
2021-11-25 10:21:26,724|Key.enter|press
2021-11-25 10:21:26,788|Key.enter|release
2021-11-25 10:21:26,897|Key.shift|press
2021-11-25 10:21:27,133|'L'|press
2021-11-25 10:21:27,207|'L'|release
2021-11-25 10:21:27,338|Key.shift|release
2021-11-25 10:21:27,466|'e'|press
2021-11-25 10:21:27,544|Key.space|press
2021-11-25 10:21:27,554|'e'|release
2021-11-25 10:21:27,618|Key.space|release
2021-11-25 10:21:27,632|'l'|press
2021-11-25 10:21:27,714|'a'|press
2021-11-25 10:21:27,727|'l'|release
2021-11-25 10:21:27,774|'a'|release
2021-11-25 10:21:27,899|'q'|press
2021-11-25 10:21:27,967|'q'|release
2021-11-25 10:21:28,085|Key.backspace|press
2021-11-25 10:21:28,172|Key.backspace|release
2021-11-25 10:21:28,231|Key.backspace|press
2021-11-25 10:21:28,292|Key.backspace|release
2021-11-25 10:21:28,334|Key.backspace|press
2021-11-25 10:21:28,417|Key.backspace|release
2021-11-25 10:21:28,422|Key.shift|press
2021-11-25 10:21:28,507|'L'|press
2021-11-25 10:21:28,587|'L'|release
2021-11-25 10:21:28,609|Key.shift|release
2021-11-25 10:21:28,658|'a'|press
2021-11-25 10:21:28,729|'a'|release
2021-11-25 10:21:28,812|'q'|press
2021-11-25 10:21:28,908|'q'|release
2021-11-25 10:21:28,938|'u'|press
2021-11-25 10:21:29,017|'a'|press
2021-11-25 10:21:29,037|'u'|release
2021-11-25 10:21:29,097|'a'|release
2021-11-25 10:21:29,155|'i'|press
2021-11-25 10:21:29,252|'i'|release
2021-11-25 10:21:29,259|'s'|press
2021-11-25 10:21:29,349|'s'|release
2021-11-25 10:21:29,480|'-'|press
2021-11-25 10:21:29,561|'-'|release
2021-11-25 10:21:29,679|Key.shift|press
2021-11-25 10:21:29,732|'P'|press
2021-11-25 10:21:29,813|'P'|release
2021-11-25 10:21:29,828|Key.shift|release
2021-11-25 10:21:29,897|'o'|press
2021-11-25 10:21:29,986|'o'|release
2021-11-25 10:21:30,076|'i'|press
2021-11-25 10:21:30,150|'i'|release
2021-11-25 10:21:30,212|'s'|press
2021-11-25 10:21:30,279|'s'|release
2021-11-25 10:21:30,347|'s'|press
2021-11-25 10:21:30,427|'s'|release
2021-11-25 10:21:30,467|'o'|press
2021-11-25 10:21:30,569|'o'|release
2021-11-25 10:21:30,653|'n'|press
2021-11-25 10:21:30,700|Key.space|press
2021-11-25 10:21:30,732|'n'|release
2021-11-25 10:21:30,789|Key.space|release
2021-11-25 10:21:30,854|'p'|press
2021-11-25 10:21:30,907|'r'|press
2021-11-25 10:21:30,937|'p'|release
2021-11-25 10:21:30,981|'r'|release
2021-11-25 10:21:31,036|'i'|press
2021-11-25 10:21:31,126|'i'|release
2021-11-25 10:21:31,240|'t'|press
2021-11-25 10:21:31,318|'t'|release
2021-11-25 10:21:31,821|Key.space|press
2021-11-25 10:21:31,892|Key.space|release
2021-11-25 10:21:31,925|'l'|press
2021-11-25 10:21:31,988|'e'|press
2021-11-25 10:21:32,010|'l'|release
2021-11-25 10:21:32,028|Key.space|press
2021-11-25 10:21:32,077|'e'|release
2021-11-25 10:21:32,117|Key.space|release
2021-11-25 10:21:32,198|'d'|press
2021-11-25 10:21:32,275|'d'|release
2021-11-25 10:21:32,390|Key.backspace|press
2021-11-25 10:21:32,452|Key.backspace|release
2021-11-25 10:21:32,526|Key.backspace|press
2021-11-25 10:21:32,587|Key.backspace|release
2021-11-25 10:21:32,642|Key.backspace|press
2021-11-25 10:21:32,722|Key.backspace|release
2021-11-25 10:21:32,834|Key.backspace|press
2021-11-25 10:21:32,905|Key.backspace|release
2021-11-25 10:21:33,297|'d'|press
2021-11-25 10:21:33,374|'d'|release
2021-11-25 10:21:33,448|'e'|press
2021-11-25 10:21:33,498|Key.space|press
2021-11-25 10:21:33,543|'e'|release
2021-11-25 10:21:33,588|Key.space|release
2021-11-25 10:21:33,637|'d'|press
2021-11-25 10:21:33,704|'d'|release
2021-11-25 10:21:33,772|'e'|press
2021-11-25 10:21:33,836|'e'|release
2021-11-25 10:21:33,910|'s'|press
2021-11-25 10:21:33,973|'o'|press
2021-11-25 10:21:33,999|'s'|release
2021-11-25 10:21:34,050|'o'|release
2021-11-25 10:21:34,146|'u'|press
2021-11-25 10:21:34,223|'u'|release
2021-11-25 10:21:34,355|Key.backspace|press
2021-11-25 10:21:34,438|Key.backspace|release
2021-11-25 10:21:34,490|Key.backspace|press
2021-11-25 10:21:34,567|Key.backspace|release
2021-11-25 10:21:34,758|'s'|press
2021-11-25 10:21:34,815|'o'|press
2021-11-25 10:21:34,841|'s'|release
2021-11-25 10:21:34,879|'o'|release
2021-11-25 10:21:34,947|'u'|press
2021-11-25 10:21:35,001|'s'|press
2021-11-25 10:21:35,029|'u'|release
2021-11-25 10:21:35,078|Key.space|press
2021-11-25 10:21:35,095|'s'|release
2021-11-25 10:21:35,148|Key.space|release
2021-11-25 10:21:35,204|'s'|press
2021-11-25 10:21:35,263|'o'|press
2021-11-25 10:21:35,302|'s'|release
2021-11-25 10:21:35,350|'o'|release
2021-11-25 10:21:35,418|'n'|press
2021-11-25 10:21:35,489|Key.space|press
2021-11-25 10:21:35,499|'n'|release
2021-11-25 10:21:35,566|Key.space|release
2021-11-25 10:21:35,659|'b'|press
2021-11-25 10:21:35,711|'b'|release
2021-11-25 10:21:36,021|'t'|press
2021-11-25 10:21:36,079|'t'|release
2021-11-25 10:21:36,152|'a'|press
2021-11-25 10:21:36,258|'a'|release
2021-11-25 10:21:36,367|Key.backspace|press
2021-11-25 10:21:36,438|Key.backspace|release
2021-11-25 10:21:36,490|Key.backspace|press
2021-11-25 10:21:36,574|Key.backspace|release
2021-11-25 10:21:36,661|'r'|press
2021-11-25 10:21:36,760|'r'|release
2021-11-25 10:21:36,767|'a'|press
2021-11-25 10:21:36,891|'s'|press
2021-11-25 10:21:36,907|'a'|release
2021-11-25 10:21:36,982|Key.space|press
2021-11-25 10:21:37,021|'s'|release
2021-11-25 10:21:37,060|'u'|press
2021-11-25 10:21:37,076|Key.space|release
2021-11-25 10:21:37,134|'u'|release
2021-11-25 10:21:37,221|'n'|press
2021-11-25 10:21:37,239|'e'|press
2021-11-25 10:21:37,281|'n'|release
2021-11-25 10:21:37,288|Key.space|press
2021-11-25 10:21:37,327|'e'|release
2021-11-25 10:21:37,365|Key.space|release
2021-11-25 10:21:37,398|'l'|press
2021-11-25 10:21:37,461|'e'|press
2021-11-25 10:21:37,487|'l'|release
2021-11-25 10:21:37,531|'e'|release
2021-11-25 10:21:37,627|'t'|press
2021-11-25 10:21:37,702|'t'|release
2021-11-25 10:21:37,753|'t'|press
2021-11-25 10:21:37,834|'t'|release
2021-11-25 10:21:37,917|'r'|press
2021-11-25 10:21:37,972|'r'|release
2021-11-25 10:21:38,116|'e'|press
2021-11-25 10:21:38,248|'e'|release
2021-11-25 10:21:38,289|Key.space|press
2021-11-25 10:21:38,367|Key.space|release
2021-11-25 10:21:38,505|'r'|press
2021-11-25 10:21:38,540|'r'|release
2021-11-25 10:21:38,573|'é'|press
2021-11-25 10:21:38,676|'é'|release
2021-11-25 10:21:38,801|'n'|press
2021-11-25 10:21:38,891|'n'|release
2021-11-25 10:21:39,035|Key.backspace|press
2021-11-25 10:21:39,102|Key.backspace|release
2021-11-25 10:21:39,154|Key.backspace|press
2021-11-25 10:21:39,231|Key.backspace|release
2021-11-25 10:21:39,366|'n'|press
2021-11-25 10:21:39,456|'n'|release
2021-11-25 10:21:39,552|'o'|press
2021-11-25 10:21:39,617|'r'|press
2021-11-25 10:21:39,631|'o'|release
2021-11-25 10:21:39,691|'r'|release
2021-11-25 10:21:39,737|'m'|press
2021-11-25 10:21:39,814|'m'|release
2021-11-25 10:21:39,818|'e'|press
2021-11-25 10:21:39,885|'e'|release
2021-11-25 10:21:39,927|','|press
2021-11-25 10:21:40,027|','|release
2021-11-25 10:21:40,054|Key.space|press
2021-11-25 10:21:40,134|Key.space|release
2021-11-25 10:21:40,208|'p'|press
2021-11-25 10:21:40,299|'r'|press
2021-11-25 10:21:40,313|'p'|release
2021-11-25 10:21:40,357|'r'|release
2021-11-25 10:21:40,441|'e'|press
2021-11-25 10:21:40,515|'e'|release
2021-11-25 10:21:40,608|'s'|press
2021-11-25 10:21:40,698|'s'|release
2021-11-25 10:21:40,775|'q'|press
2021-11-25 10:21:40,881|'q'|release
2021-11-25 10:21:40,907|'u'|press
2021-11-25 10:21:40,997|'u'|release
2021-11-25 10:21:41,037|'e'|press
2021-11-25 10:21:41,123|'e'|release
2021-11-25 10:21:41,706|Key.space|press
2021-11-25 10:21:41,774|Key.space|release
2021-11-25 10:21:42,105|'a'|press
2021-11-25 10:21:42,171|'u'|press
2021-11-25 10:21:42,193|'a'|release
2021-11-25 10:21:42,254|'u'|release
2021-11-25 10:21:42,271|'s'|press
2021-11-25 10:21:42,345|'s'|release
2021-11-25 10:21:42,410|'s'|press
2021-11-25 10:21:42,469|'i'|press
2021-11-25 10:21:42,492|'s'|release
2021-11-25 10:21:42,547|Key.space|press
2021-11-25 10:21:42,557|'i'|release
2021-11-25 10:21:42,636|Key.space|release
2021-11-25 10:21:42,702|'g'|press
2021-11-25 10:21:42,756|'g'|release
2021-11-25 10:21:43,015|'r'|press
2021-11-25 10:21:43,105|'r'|release
2021-11-25 10:21:43,118|'a'|press
2021-11-25 10:21:43,210|'n'|press
2021-11-25 10:21:43,233|'a'|release
2021-11-25 10:21:43,280|'n'|release
2021-11-25 10:21:43,333|'d'|press
2021-11-25 10:21:43,413|'d'|release
2021-11-25 10:21:43,496|'e'|press
2021-11-25 10:21:43,524|Key.space|press
2021-11-25 10:21:43,573|'e'|release
2021-11-25 10:21:43,613|Key.space|release
2021-11-25 10:21:43,631|'q'|press
2021-11-25 10:21:43,715|'u'|press
2021-11-25 10:21:43,742|'q'|release
2021-11-25 10:21:43,782|'u'|release
2021-11-25 10:21:43,790|'e'|press
2021-11-25 10:21:43,833|Key.space|press
2021-11-25 10:21:43,875|'e'|release
2021-11-25 10:21:43,916|Key.space|release
2021-11-25 10:21:43,965|'l'|press
2021-11-25 10:21:44,055|'l'|release
2021-11-25 10:21:44,132|'u'|press
2021-11-25 10:21:44,212|'u'|release
2021-11-25 10:21:44,322|'i'|press
2021-11-25 10:21:44,367|'i'|release
2021-11-25 10:21:44,498|','|press
2021-11-25 10:21:44,595|','|release
2021-11-25 10:21:44,615|Key.space|press
2021-11-25 10:21:44,682|Key.space|release
2021-11-25 10:21:44,734|'e'|press
2021-11-25 10:21:44,818|'e'|release
2021-11-25 10:21:44,946|'t'|press
2021-11-25 10:21:45,016|'t'|release
2021-11-25 10:21:45,094|Key.space|press
2021-11-25 10:21:45,164|Key.space|release
2021-11-25 10:21:45,201|'l'|press
2021-11-25 10:21:45,284|'l'|release
2021-11-25 10:21:45,286|'a'|press
2021-11-25 10:21:45,341|Key.space|press
2021-11-25 10:21:45,380|'a'|release
2021-11-25 10:21:45,408|Key.space|release
2021-11-25 10:21:45,512|'p'|press
2021-11-25 10:21:45,565|'r'|press
2021-11-25 10:21:45,600|'p'|release
2021-11-25 10:21:45,633|'é'|press
2021-11-25 10:21:45,640|'r'|release
2021-11-25 10:21:45,723|'é'|release
2021-11-25 10:21:45,788|'s'|press
2021-11-25 10:21:45,881|'s'|release
2021-11-25 10:21:45,955|'e'|press
2021-11-25 10:21:46,011|'n'|press
2021-11-25 10:21:46,024|'e'|release
2021-11-25 10:21:46,088|'n'|release
2021-11-25 10:21:46,108|'t'|press
2021-11-25 10:21:46,188|'t'|release
2021-11-25 10:21:46,217|'a'|press
2021-11-25 10:21:46,264|Key.space|press
2021-11-25 10:21:46,326|'a'|release
2021-11-25 10:21:46,357|Key.space|release
2021-11-25 10:21:46,416|'a'|press
2021-11-25 10:21:46,481|'u'|press
2021-11-25 10:21:46,501|'a'|release
2021-11-25 10:21:46,568|'u'|release
2021-11-25 10:21:46,575|Key.space|press
2021-11-25 10:21:46,633|Key.space|release
2021-11-25 10:21:46,959|Key.shift|press
2021-11-25 10:21:47,034|'L'|press
2021-11-25 10:21:47,105|'L'|release
2021-11-25 10:21:47,140|Key.shift|release
2021-11-25 10:21:47,195|'a'|press
2021-11-25 10:21:47,281|'a'|release
2021-11-25 10:21:47,445|'q'|press
2021-11-25 10:21:47,531|'q'|release
2021-11-25 10:21:47,568|'u'|press
2021-11-25 10:21:47,654|'u'|release
2021-11-25 10:21:47,703|'a'|press
2021-11-25 10:21:47,799|'a'|release
2021-11-25 10:21:47,848|'i'|press
2021-11-25 10:21:47,931|'i'|release
2021-11-25 10:21:47,971|'s'|press
2021-11-25 10:21:48,051|'s'|release
2021-11-25 10:21:48,103|Key.space|press
2021-11-25 10:21:48,167|Key.space|release
2021-11-25 10:21:48,372|Key.backspace|press
2021-11-25 10:21:48,452|Key.backspace|release
2021-11-25 10:21:48,479|'-'|press
2021-11-25 10:21:48,581|'-'|release
2021-11-25 10:21:49,014|Key.shift|press
2021-11-25 10:21:49,229|Key.shift|release
2021-11-25 10:21:49,252|Key.shift|press
2021-11-25 10:21:49,382|'F'|press
2021-11-25 10:21:49,515|'F'|release
2021-11-25 10:21:49,619|Key.shift|release
2021-11-25 10:21:49,729|Key.backspace|press
2021-11-25 10:21:49,782|Key.shift|press
2021-11-25 10:21:49,811|Key.backspace|release
2021-11-25 10:21:49,819|'G'|press
2021-11-25 10:21:49,899|'G'|release
2021-11-25 10:21:49,979|Key.shift|release
2021-11-25 10:21:50,139|'r'|press
2021-11-25 10:21:50,219|'r'|release
2021-11-25 10:21:50,303|'e'|press
2021-11-25 10:21:50,377|'e'|release
2021-11-25 10:21:50,397|'n'|press
2021-11-25 10:21:50,490|'n'|release
2021-11-25 10:21:50,889|'o'|press
2021-11-25 10:21:50,962|'o'|release
2021-11-25 10:21:51,068|'u'|press
2021-11-25 10:21:51,148|'u'|release
2021-11-25 10:21:51,251|'i'|press
2021-11-25 10:21:51,322|'i'|release
2021-11-25 10:21:51,469|'l'|press
2021-11-25 10:21:51,539|'l'|release
2021-11-25 10:21:51,595|'l'|press
2021-11-25 10:21:51,623|'e'|press
2021-11-25 10:21:51,678|'l'|release
2021-11-25 10:21:51,716|Key.space|press
2021-11-25 10:21:51,723|'e'|release
2021-11-25 10:21:51,803|Key.space|release
2021-11-25 10:21:51,855|'e'|press
2021-11-25 10:21:51,933|'e'|release
2021-11-25 10:21:51,934|'n'|press
2021-11-25 10:21:52,009|Key.space|press
2021-11-25 10:21:52,022|'n'|release
2021-11-25 10:21:52,076|Key.space|release
2021-11-25 10:21:52,134|'d'|press
2021-11-25 10:21:52,224|'d'|release
2021-11-25 10:21:52,232|'i'|press
2021-11-25 10:21:52,334|'i'|release
2021-11-25 10:21:52,354|'s'|press
2021-11-25 10:21:52,455|'a'|press
2021-11-25 10:21:52,485|'s'|release
2021-11-25 10:21:52,540|'i'|press
2021-11-25 10:21:52,592|'a'|release
2021-11-25 10:21:52,623|'i'|release
2021-11-25 10:21:52,688|'t'|press
2021-11-25 10:21:52,757|Key.space|press
2021-11-25 10:21:52,783|'t'|release
2021-11-25 10:21:52,847|Key.space|release
2021-11-25 10:21:52,944|'d'|press
2021-11-25 10:21:53,040|'d'|release
2021-11-25 10:21:53,135|"'"|press
2021-11-25 10:21:53,205|'u'|press
2021-11-25 10:21:53,218|"'"|release
2021-11-25 10:21:53,275|'u'|release
2021-11-25 10:21:53,378|'n'|press
2021-11-25 10:21:53,418|Key.space|press
2021-11-25 10:21:53,457|'n'|release
2021-11-25 10:21:53,486|Key.space|release
2021-11-25 10:21:53,579|'t'|press
2021-11-25 10:21:53,656|'t'|release
2021-11-25 10:21:53,752|'o'|press
2021-11-25 10:21:53,807|'o'|release
2021-11-25 10:21:53,897|'n'|press
2021-11-25 10:21:53,966|Key.space|press
2021-11-25 10:21:53,979|'n'|release
2021-11-25 10:21:54,036|Key.space|release
2021-11-25 10:21:54,127|'s'|press
2021-11-25 10:21:54,207|'s'|release
2021-11-25 10:21:54,221|'o'|press
2021-11-25 10:21:54,291|'o'|release
2021-11-25 10:21:54,381|'l'|press
2021-11-25 10:21:54,455|'l'|release
2021-11-25 10:21:54,469|'e'|press
2021-11-25 10:21:54,540|'e'|release
2021-11-25 10:21:54,773|'n'|press
2021-11-25 10:21:54,814|'n'|release
2021-11-25 10:21:54,885|'n'|press
2021-11-25 10:21:54,953|'n'|release
2021-11-25 10:21:55,008|'n'|press
2021-11-25 10:21:55,069|'n'|release
2021-11-25 10:21:55,337|Key.backspace|press
2021-11-25 10:21:55,433|Key.backspace|release
2021-11-25 10:21:55,721|'e'|press
2021-11-25 10:21:55,780|'l'|press
2021-11-25 10:21:55,796|'e'|release
2021-11-25 10:21:55,857|'l'|release
2021-11-25 10:21:56,042|';'|press
2021-11-25 10:21:56,160|';'|release
2021-11-25 10:21:56,445|Key.backspace|press
2021-11-25 10:21:56,518|Key.backspace|release
2021-11-25 10:21:56,640|':'|press
2021-11-25 10:21:56,740|':'|release
2021-11-25 10:21:56,932|'"'|press
2021-11-25 10:21:57,015|'"'|release
2021-11-25 10:21:57,213|Key.shift|press
2021-11-25 10:21:57,327|'P'|press
2021-11-25 10:21:57,417|'P'|release
2021-11-25 10:21:57,452|Key.shift|release
2021-11-25 10:21:57,538|Key.backspace|press
2021-11-25 10:21:57,610|Key.backspace|release
2021-11-25 10:21:57,667|Key.backspace|press
2021-11-25 10:21:57,739|Key.backspace|release
2021-11-25 10:21:58,077|Key.space|press
2021-11-25 10:21:58,144|Key.space|release
2021-11-25 10:21:58,196|'"'|press
2021-11-25 10:21:58,283|'"'|release
2021-11-25 10:21:58,821|Key.shift|press
2021-11-25 10:21:58,839|'P'|press
2021-11-25 10:21:58,923|'P'|release
2021-11-25 10:21:58,973|Key.shift|release
2021-11-25 10:21:59,042|'o'|press
2021-11-25 10:21:59,134|'o'|release
2021-11-25 10:21:59,224|'u'|press
2021-11-25 10:21:59,346|'u'|release
2021-11-25 10:21:59,363|'r'|press
2021-11-25 10:21:59,447|'r'|release
2021-11-25 10:21:59,461|Key.space|press
2021-11-25 10:21:59,531|Key.space|release
2021-11-25 10:21:59,605|'m'|press
2021-11-25 10:21:59,676|'m'|release
2021-11-25 10:21:59,763|Key.backspace|press
2021-11-25 10:21:59,840|Key.backspace|release
2021-11-25 10:21:59,870|Key.shift|press
2021-11-25 10:21:59,935|'M'|press
2021-11-25 10:22:00,016|'M'|release
2021-11-25 10:22:00,048|Key.shift|release
2021-11-25 10:22:00,113|'a'|press
2021-11-25 10:22:00,205|'a'|release
2021-11-25 10:22:00,315|'d'|press
2021-11-25 10:22:00,390|'a'|press
2021-11-25 10:22:00,413|'d'|release
2021-11-25 10:22:00,502|'a'|release
2021-11-25 10:22:00,526|'m'|press
2021-11-25 10:22:00,618|'m'|release
2021-11-25 10:22:00,639|'e'|press
2021-11-25 10:22:00,725|'e'|release
2021-11-25 10:22:00,733|Key.space|press
2021-11-25 10:22:00,823|Key.space|release
2021-11-25 10:22:00,906|'l'|press
2021-11-25 10:22:00,975|'a'|press
2021-11-25 10:22:00,995|'l'|release
2021-11-25 10:22:01,050|Key.space|press
2021-11-25 10:22:01,090|'a'|release
2021-11-25 10:22:01,131|Key.space|release
2021-11-25 10:22:01,226|Key.shift|press
2021-11-25 10:22:01,277|'D'|press
2021-11-25 10:22:01,355|'D'|release
2021-11-25 10:22:01,380|Key.shift|release
2021-11-25 10:22:01,505|'u'|press
2021-11-25 10:22:01,595|'u'|release
2021-11-25 10:22:01,599|'c'|press
2021-11-25 10:22:01,673|'c'|release
2021-11-25 10:22:01,699|'h'|press
2021-11-25 10:22:01,782|'h'|release
2021-11-25 10:22:01,799|'e'|press
2021-11-25 10:22:01,877|'e'|release
2021-11-25 10:22:01,980|'s'|press
2021-11-25 10:22:02,057|'s'|release
2021-11-25 10:22:02,125|'s'|press
2021-11-25 10:22:02,192|'s'|release
2021-11-25 10:22:02,275|'e'|press
2021-11-25 10:22:02,319|','|press
2021-11-25 10:22:02,348|'e'|release
2021-11-25 10:22:02,402|','|release
2021-11-25 10:22:02,448|Key.space|press
2021-11-25 10:22:02,505|Key.space|release
2021-11-25 10:22:02,573|'u'|press
2021-11-25 10:22:02,664|'u'|release
2021-11-25 10:22:02,763|'n'|press
2021-11-25 10:22:02,812|'e'|press
2021-11-25 10:22:02,849|'n'|release
2021-11-25 10:22:02,875|Key.space|press
2021-11-25 10:22:02,894|'e'|release
2021-11-25 10:22:02,942|Key.space|release
2021-11-25 10:22:03,166|'i'|press
2021-11-25 10:22:03,237|'i'|release
2021-11-25 10:22:03,320|'n'|press
2021-11-25 10:22:03,407|'n'|release
2021-11-25 10:22:03,414|'v'|press
2021-11-25 10:22:03,498|'v'|release
2021-11-25 10:22:03,524|'i'|press
2021-11-25 10:22:03,608|'i'|release
2021-11-25 10:22:03,659|'t'|press
2021-11-25 10:22:03,740|'t'|release
2021-11-25 10:22:03,763|'a'|press
2021-11-25 10:22:03,866|'a'|release
2021-11-25 10:22:03,899|'t'|press
2021-11-25 10:22:03,942|'i'|press
2021-11-25 10:22:03,981|'t'|release
2021-11-25 10:22:04,013|'i'|release
2021-11-25 10:22:04,115|'o'|press
2021-11-25 10:22:04,177|'o'|release
2021-11-25 10:22:04,263|'n'|press
2021-11-25 10:22:04,323|Key.space|press
2021-11-25 10:22:04,339|'n'|release
2021-11-25 10:22:04,390|Key.space|release
2021-11-25 10:22:04,445|'d'|press
2021-11-25 10:22:04,509|'d'|release
2021-11-25 10:22:04,584|'e'|press
2021-11-25 10:22:04,659|Key.space|press
2021-11-25 10:22:04,691|'e'|release
2021-11-25 10:22:04,748|Key.space|release
2021-11-25 10:22:04,756|'l'|press
2021-11-25 10:22:04,812|'a'|press
2021-11-25 10:22:04,841|'l'|release
2021-11-25 10:22:04,891|Key.space|press
2021-11-25 10:22:04,933|'a'|release
2021-11-25 10:22:04,974|Key.space|release
2021-11-25 10:22:05,055|Key.shift|press
2021-11-25 10:22:05,120|'R'|press
2021-11-25 10:22:05,194|'R'|release
2021-11-25 10:22:05,214|Key.shift|release
2021-11-25 10:22:05,301|'e'|press
2021-11-25 10:22:05,363|'i'|press
2021-11-25 10:22:05,386|'e'|release
2021-11-25 10:22:05,434|'i'|release
2021-11-25 10:22:05,524|'n'|press
2021-11-25 10:22:05,571|'e'|press
2021-11-25 10:22:05,602|'n'|release
2021-11-25 10:22:05,616|Key.space|press
2021-11-25 10:22:05,646|'e'|release
2021-11-25 10:22:05,700|Key.space|release
2021-11-25 10:22:05,879|'à'|press
2021-11-25 10:22:06,001|'à'|release
2021-11-25 10:22:06,044|Key.space|press
2021-11-25 10:22:06,117|Key.space|release
2021-11-25 10:22:06,157|'u'|press
2021-11-25 10:22:06,265|'u'|release
2021-11-25 10:22:06,362|'n'|press
2021-11-25 10:22:06,441|'e'|press
2021-11-25 10:22:06,463|'n'|release
2021-11-25 10:22:06,490|Key.space|press
2021-11-25 10:22:06,516|'e'|release
2021-11-25 10:22:06,580|Key.space|release
2021-11-25 10:22:06,628|'p'|press
2021-11-25 10:22:06,690|'a'|press
2021-11-25 10:22:06,734|'p'|release
2021-11-25 10:22:06,800|'a'|release
2021-11-25 10:22:07,001|'r'|press
2021-11-25 10:22:07,085|'r'|release
2021-11-25 10:22:07,204|'t'|press
2021-11-25 10:22:07,284|'t'|release
2021-11-25 10:22:07,297|'i'|press
2021-11-25 10:22:07,381|'i'|release
2021-11-25 10:22:07,414|'e'|press
2021-11-25 10:22:07,461|Key.space|press
2021-11-25 10:22:07,500|'e'|release
2021-11-25 10:22:07,544|Key.space|release
2021-11-25 10:22:07,618|'d'|press
2021-11-25 10:22:07,689|'d'|release
2021-11-25 10:22:07,760|'e'|press
2021-11-25 10:22:07,790|Key.space|press
2021-11-25 10:22:07,852|'e'|release
2021-11-25 10:22:07,880|Key.space|release
2021-11-25 10:22:07,989|'c'|press
2021-11-25 10:22:08,069|'c'|release
2021-11-25 10:22:08,160|'r'|press
2021-11-25 10:22:08,234|'r'|release
2021-11-25 10:22:08,251|'o'|press
2021-11-25 10:22:08,324|'o'|release
2021-11-25 10:22:08,329|'q'|press
2021-11-25 10:22:08,419|'q'|release
2021-11-25 10:22:08,432|'u'|press
2021-11-25 10:22:08,522|'u'|release
2021-11-25 10:22:08,530|'e'|press
2021-11-25 10:22:08,610|'e'|release
2021-11-25 10:22:08,706|'t'|press
2021-11-25 10:22:08,790|'t'|release
2021-11-25 10:22:08,877|Key.shift|press
2021-11-25 10:22:08,923|'.'|press
2021-11-25 10:22:08,998|'.'|release
2021-11-25 10:22:09,020|Key.shift|release
2021-11-25 10:22:09,148|'"'|press
2021-11-25 10:22:09,237|'"'|release
2021-11-25 10:22:09,690|Key.space|press
2021-11-25 10:22:09,761|Key.space|release
2021-11-25 10:22:09,797|Key.shift|press
2021-11-25 10:22:09,869|'L'|press
2021-11-25 10:22:09,946|'L'|release
2021-11-25 10:22:09,972|Key.shift|release
2021-11-25 10:22:10,011|'e'|press
2021-11-25 10:22:10,107|'e'|release
2021-11-25 10:22:10,118|Key.space|press
2021-11-25 10:22:10,189|Key.space|release
2021-11-25 10:22:10,720|Key.shift|press
2021-11-25 10:22:10,799|'L'|press
2021-11-25 10:22:10,883|'L'|release
2021-11-25 10:22:10,918|Key.shift|release
2021-11-25 10:22:11,037|'a'|press
2021-11-25 10:22:11,139|'a'|release
2021-11-25 10:22:11,451|'q'|press
2021-11-25 10:22:11,537|'u'|press
2021-11-25 10:22:11,560|'q'|release
2021-11-25 10:22:11,633|'u'|release
2021-11-25 10:22:11,656|'a'|press
2021-11-25 10:22:11,746|'a'|release
2021-11-25 10:22:11,763|'i'|press
2021-11-25 10:22:11,838|'s'|press
2021-11-25 10:22:11,845|'i'|release
2021-11-25 10:22:11,923|Key.space|press
2021-11-25 10:22:11,952|'s'|release
2021-11-25 10:22:11,990|Key.space|release
2021-11-25 10:22:12,220|Key.backspace|press
2021-11-25 10:22:12,309|Key.backspace|release
2021-11-25 10:22:12,330|'-'|press
2021-11-25 10:22:12,439|'-'|release
2021-11-25 10:22:12,660|Key.shift|press
2021-11-25 10:22:13,084|'G'|press
2021-11-25 10:22:13,171|'G'|release
2021-11-25 10:22:13,295|Key.shift|release
2021-11-25 10:22:13,459|'r'|press
2021-11-25 10:22:13,536|'r'|release
2021-11-25 10:22:13,626|'e'|press
2021-11-25 10:22:13,687|'n'|press
2021-11-25 10:22:13,701|'e'|release
2021-11-25 10:22:13,758|'n'|release
2021-11-25 10:22:13,903|'o'|press
2021-11-25 10:22:14,008|'o'|release
2021-11-25 10:22:14,086|'u'|press
2021-11-25 10:22:14,160|'u'|release
2021-11-25 10:22:14,256|'i'|press
2021-11-25 10:22:14,320|'i'|release
2021-11-25 10:22:14,426|'l'|press
2021-11-25 10:22:14,494|'l'|release
2021-11-25 10:22:14,539|'l'|press
2021-11-25 10:22:14,570|'e'|press
2021-11-25 10:22:14,614|Key.space|press
2021-11-25 10:22:14,636|'l'|release
2021-11-25 10:22:14,656|'e'|release
2021-11-25 10:22:14,697|Key.space|release
2021-11-25 10:22:14,739|'r'|press
2021-11-25 10:22:14,824|'é'|press
2021-11-25 10:22:14,844|'r'|release
2021-11-25 10:22:14,906|'p'|press
2021-11-25 10:22:14,922|'é'|release
2021-11-25 10:22:14,983|'p'|release
2021-11-25 10:22:15,000|'é'|press
2021-11-25 10:22:15,080|'é'|release
2021-11-25 10:22:15,142|'t'|press
2021-11-25 10:22:15,237|'t'|release
2021-11-25 10:22:15,277|'a'|press
2021-11-25 10:22:15,349|Key.space|press
2021-11-25 10:22:15,389|'a'|release
2021-11-25 10:22:15,426|Key.space|release
2021-11-25 10:22:15,484|'s'|press
2021-11-25 10:22:15,560|'u'|press
2021-11-25 10:22:15,592|'s'|release
2021-11-25 10:22:15,643|'u'|release
2021-11-25 10:22:15,682|'r'|press
2021-11-25 10:22:15,757|Key.space|press
2021-11-25 10:22:15,771|'r'|release
2021-11-25 10:22:15,812|Key.space|release
2021-11-25 10:22:15,826|'l'|press
2021-11-25 10:22:15,895|'e'|press
2021-11-25 10:22:15,901|'l'|release
2021-11-25 10:22:15,951|Key.space|press
2021-11-25 10:22:15,973|'e'|release
2021-11-25 10:22:16,005|Key.space|release
2021-11-25 10:22:16,502|'m'|press
2021-11-25 10:22:16,582|'m'|release
2021-11-25 10:22:16,977|['^']|press
2021-11-25 10:22:17,061|['^']|release
2021-11-25 10:22:17,071|'e'|press
2021-11-25 10:22:17,142|'e'|release
2021-11-25 10:22:17,156|'m'|press
2021-11-25 10:22:17,249|'m'|release
2021-11-25 10:22:17,250|'e'|press
2021-11-25 10:22:17,284|Key.space|press
2021-11-25 10:22:17,319|'e'|release
2021-11-25 10:22:17,367|Key.space|release
2021-11-25 10:22:17,470|'t'|press
2021-11-25 10:22:17,550|'t'|release
2021-11-25 10:22:17,561|'o'|press
2021-11-25 10:22:17,653|'o'|release
2021-11-25 10:22:17,734|'n'|press
2021-11-25 10:22:17,771|Key.space|press
2021-11-25 10:22:17,820|'n'|release
2021-11-25 10:22:17,845|Key.space|release
2021-11-25 10:22:17,986|'s'|press
2021-11-25 10:22:18,070|'s'|release
2021-11-25 10:22:18,122|'o'|press
2021-11-25 10:22:18,192|'o'|release
2021-11-25 10:22:18,326|'l'|press
2021-11-25 10:22:18,394|'l'|release
2021-11-25 10:22:18,541|'e'|press
2021-11-25 10:22:18,612|'e'|release
2021-11-25 10:22:18,683|'n'|press
2021-11-25 10:22:18,751|'n'|release
2021-11-25 10:22:18,815|'n'|press
2021-11-25 10:22:18,889|'n'|release
2021-11-25 10:22:19,030|'e'|press
2021-11-25 10:22:19,099|'l'|press
2021-11-25 10:22:19,106|'e'|release
2021-11-25 10:22:19,169|'l'|release
2021-11-25 10:22:19,288|','|press
2021-11-25 10:22:19,365|','|release
2021-11-25 10:22:19,455|Key.space|press
2021-11-25 10:22:19,538|Key.space|release
2021-11-25 10:22:19,641|'e'|press
2021-11-25 10:22:19,705|'e'|release
2021-11-25 10:22:19,726|'n'|press
2021-11-25 10:22:19,794|Key.space|press
2021-11-25 10:22:19,801|'n'|release
2021-11-25 10:22:19,858|Key.space|release
2021-11-25 10:22:20,174|'c'|press
2021-11-25 10:22:20,258|'c'|release
2021-11-25 10:22:20,294|'h'|press
2021-11-25 10:22:20,381|'h'|release
2021-11-25 10:22:20,400|'a'|press
2021-11-25 10:22:20,496|'a'|release
2021-11-25 10:22:20,507|'n'|press
2021-11-25 10:22:20,585|'n'|release
2021-11-25 10:22:20,629|'g'|press
2021-11-25 10:22:20,713|'g'|release
2021-11-25 10:22:20,822|'e'|press
2021-11-25 10:22:20,892|'a'|press
2021-11-25 10:22:20,943|'e'|release
2021-11-25 10:22:20,995|'n'|press
2021-11-25 10:22:21,008|'a'|release
2021-11-25 10:22:21,088|'n'|release
2021-11-25 10:22:21,118|'t'|press
2021-11-25 10:22:21,190|Key.space|press
2021-11-25 10:22:21,210|'t'|release
2021-11-25 10:22:21,277|Key.space|release
2021-11-25 10:22:21,303|'u'|press
2021-11-25 10:22:21,399|'u'|release
2021-11-25 10:22:21,496|'n'|press
2021-11-25 10:22:21,558|Key.space|press
2021-11-25 10:22:21,575|'n'|release
2021-11-25 10:22:21,632|Key.space|release
2021-11-25 10:22:21,709|'p'|press
2021-11-25 10:22:21,780|'p'|release
2021-11-25 10:22:21,787|'e'|press
2021-11-25 10:22:21,865|'e'|release
2021-11-25 10:22:21,888|'u'|press
2021-11-25 10:22:21,954|Key.space|press
2021-11-25 10:22:21,964|'u'|release
2021-11-25 10:22:22,040|Key.space|release
2021-11-25 10:22:22,105|'l'|press
2021-11-25 10:22:22,161|"'"|press
2021-11-25 10:22:22,183|'l'|release
2021-11-25 10:22:22,250|"'"|release
2021-11-25 10:22:22,350|'o'|press
2021-11-25 10:22:22,439|'o'|release
2021-11-25 10:22:22,463|'r'|press
2021-11-25 10:22:22,547|'r'|release
2021-11-25 10:22:22,656|'d'|press
2021-11-25 10:22:22,733|'d'|release
2021-11-25 10:22:22,807|'r'|press
2021-11-25 10:22:22,878|'r'|release
2021-11-25 10:22:22,958|'e'|press
2021-11-25 10:22:22,998|Key.space|press
2021-11-25 10:22:23,038|'e'|release
2021-11-25 10:22:23,085|Key.space|release
2021-11-25 10:22:23,146|'d'|press
2021-11-25 10:22:23,227|'d'|release
2021-11-25 10:22:23,298|'e'|press
2021-11-25 10:22:23,365|'e'|release
2021-11-25 10:22:23,449|'s'|press
2021-11-25 10:22:23,505|Key.space|press
2021-11-25 10:22:23,537|'s'|release
2021-11-25 10:22:23,562|Key.space|release
2021-11-25 10:22:23,612|'m'|press
2021-11-25 10:22:23,711|'m'|release
2021-11-25 10:22:23,788|'o'|press
2021-11-25 10:22:23,838|'r'|press
2021-11-25 10:22:23,886|'o'|release
2021-11-25 10:22:23,909|'r'|release
2021-11-25 10:22:24,002|'t'|press
2021-11-25 10:22:24,076|'t'|release
2021-11-25 10:22:24,245|Key.backspace|press
2021-11-25 10:22:24,319|Key.backspace|release
2021-11-25 10:22:24,384|Key.backspace|press
2021-11-25 10:22:24,445|Key.backspace|release
2021-11-25 10:22:24,494|'t'|press
2021-11-25 10:22:24,569|'s'|press
2021-11-25 10:22:24,589|'t'|release
2021-11-25 10:22:24,649|'s'|release
2021-11-25 10:22:24,819|';'|press
2021-11-25 10:22:24,902|';'|release
2021-11-25 10:22:25,148|Key.backspace|press
2021-11-25 10:22:25,241|Key.backspace|release
2021-11-25 10:22:25,328|':'|press
2021-11-25 10:22:25,405|':'|release
2021-11-25 10:22:25,612|Key.space|press
2021-11-25 10:22:25,689|Key.space|release
2021-11-25 10:22:25,725|'"'|press
2021-11-25 10:22:25,805|'"'|release
2021-11-25 10:22:25,886|Key.space|press
2021-11-25 10:22:25,935|Key.space|release
2021-11-25 10:22:26,063|Key.shift|press
2021-11-25 10:22:26,138|'D'|press
2021-11-25 10:22:26,206|'D'|release
2021-11-25 10:22:26,253|Key.shift|release
2021-11-25 10:22:26,506|Key.backspace|press
2021-11-25 10:22:26,570|Key.backspace|release
2021-11-25 10:22:26,635|Key.backspace|press
2021-11-25 10:22:26,711|Key.backspace|release
2021-11-25 10:22:26,926|Key.shift|press
2021-11-25 10:22:26,960|'D'|press
2021-11-25 10:22:27,044|'D'|release
2021-11-25 10:22:27,087|Key.shift|release
2021-11-25 10:22:27,324|'e'|press
2021-11-25 10:22:27,382|'e'|release
2021-11-25 10:22:27,631|Key.space|press
2021-11-25 10:22:27,699|Key.space|release
2021-11-25 10:22:27,754|'l'|press
2021-11-25 10:22:27,800|'a'|press
2021-11-25 10:22:27,820|'l'|release
2021-11-25 10:22:27,847|Key.space|press
2021-11-25 10:22:27,892|'a'|release
2021-11-25 10:22:27,920|Key.space|release
2021-11-25 10:22:27,966|'p'|press
2021-11-25 10:22:28,041|'a'|press
2021-11-25 10:22:28,080|'p'|release
2021-11-25 10:22:28,128|'a'|release
2021-11-25 10:22:28,151|'r'|press
2021-11-25 10:22:28,232|'r'|release
2021-11-25 10:22:28,315|'t'|press
2021-11-25 10:22:28,359|Key.space|press
2021-11-25 10:22:28,391|'t'|release
2021-11-25 10:22:28,451|Key.space|release
2021-11-25 10:22:28,513|'d'|press
2021-11-25 10:22:28,584|'d'|release
2021-11-25 10:22:28,657|'e'|press
2021-11-25 10:22:28,701|Key.space|press
2021-11-25 10:22:28,750|'e'|release
2021-11-25 10:22:28,791|Key.space|release
2021-11-25 10:22:28,795|'l'|press
2021-11-25 10:22:28,833|'a'|press
2021-11-25 10:22:28,904|'l'|release
2021-11-25 10:22:28,937|Key.space|press
2021-11-25 10:22:28,963|'a'|release
2021-11-25 10:22:28,991|Key.space|release
2021-11-25 10:22:29,148|Key.shift|press
2021-11-25 10:22:29,198|'R'|press
2021-11-25 10:22:29,282|'R'|release
2021-11-25 10:22:29,317|Key.shift|release
2021-11-25 10:22:29,397|'e'|press
2021-11-25 10:22:29,481|'e'|release
2021-11-25 10:22:29,504|'i'|press
2021-11-25 10:22:29,568|'i'|release
2021-11-25 10:22:29,681|'n'|press
2021-11-25 10:22:29,743|'e'|press
2021-11-25 10:22:29,766|'n'|release
2021-11-25 10:22:29,805|Key.space|press
2021-11-25 10:22:29,818|'e'|release
2021-11-25 10:22:29,873|Key.space|release
2021-11-25 10:22:29,966|'s'|press
2021-11-25 10:22:30,011|'s'|release
2021-11-25 10:22:30,028|'u'|press
2021-11-25 10:22:30,125|'u'|release
2021-11-25 10:22:30,243|Key.backspace|press
2021-11-25 10:22:30,320|Key.backspace|release
2021-11-25 10:22:30,382|Key.backspace|press
2021-11-25 10:22:30,478|Key.backspace|release
2021-11-25 10:22:30,565|'u'|press
2021-11-25 10:22:30,629|'u'|release
2021-11-25 10:22:30,741|'n'|press
2021-11-25 10:22:30,772|'e'|press
2021-11-25 10:22:30,805|'n'|release
2021-11-25 10:22:30,844|Key.space|press
2021-11-25 10:22:30,857|'e'|release
2021-11-25 10:22:30,911|Key.space|release
2021-11-25 10:22:31,367|'i'|press
2021-11-25 10:22:31,440|'i'|release
2021-11-25 10:22:31,534|'n'|press
2021-11-25 10:22:31,608|'n'|release
2021-11-25 10:22:31,634|'v'|press
2021-11-25 10:22:31,715|'v'|release
2021-11-25 10:22:31,738|'i'|press
2021-11-25 10:22:31,830|'i'|release
2021-11-25 10:22:31,870|'t'|press
2021-11-25 10:22:31,950|'t'|release
2021-11-25 10:22:32,046|'a'|press
2021-11-25 10:22:32,130|'a'|release
2021-11-25 10:22:32,172|'t'|press
2021-11-25 10:22:32,232|'i'|press
2021-11-25 10:22:32,262|'t'|release
2021-11-25 10:22:32,306|'i'|release
2021-11-25 10:22:32,392|'o'|press
2021-11-25 10:22:32,463|'o'|release
2021-11-25 10:22:32,607|Key.space|press
2021-11-25 10:22:32,668|Key.space|release
2021-11-25 10:22:32,901|Key.backspace|press
2021-11-25 10:22:32,991|Key.backspace|release
2021-11-25 10:22:33,094|'n'|press
2021-11-25 10:22:33,168|'n'|release
2021-11-25 10:22:33,235|Key.space|press
2021-11-25 10:22:33,300|Key.space|release
2021-11-25 10:22:33,380|'p'|press
2021-11-25 10:22:33,451|'p'|release
2021-11-25 10:22:33,538|'o'|press
2021-11-25 10:22:33,640|'o'|release
2021-11-25 10:22:33,718|'u'|press
2021-11-25 10:22:33,798|'u'|release
2021-11-25 10:22:33,811|'r'|press
2021-11-25 10:22:33,859|Key.space|press
2021-11-25 10:22:33,881|'r'|release
2021-11-25 10:22:33,942|Key.space|release
2021-11-25 10:22:33,943|Key.shift|press
2021-11-25 10:22:34,025|'M'|press
2021-11-25 10:22:34,095|Key.shift|release
2021-11-25 10:22:34,118|'m'|release
2021-11-25 10:22:34,138|'a'|press
2021-11-25 10:22:34,228|'a'|release
2021-11-25 10:22:34,305|'d'|press
2021-11-25 10:22:34,393|'a'|press
2021-11-25 10:22:34,403|'d'|release
2021-11-25 10:22:34,486|'a'|release
2021-11-25 10:22:34,923|'m'|press
2021-11-25 10:22:35,003|'m'|release
2021-11-25 10:22:35,039|'e'|press
2021-11-25 10:22:35,110|'e'|release
2021-11-25 10:22:35,130|Key.space|press
2021-11-25 10:22:35,200|Key.space|release
2021-11-25 10:22:35,272|'l'|press
2021-11-25 10:22:35,348|'l'|release
2021-11-25 10:22:35,400|'a'|press
2021-11-25 10:22:35,450|Key.space|press
2021-11-25 10:22:35,493|'a'|release
2021-11-25 10:22:35,524|Key.space|release
2021-11-25 10:22:35,875|Key.shift|press
2021-11-25 10:22:35,947|'D'|press
2021-11-25 10:22:36,018|'D'|release
2021-11-25 10:22:36,043|Key.shift|release
2021-11-25 10:22:36,159|'u'|press
2021-11-25 10:22:36,236|'u'|release
2021-11-25 10:22:36,253|'c'|press
2021-11-25 10:22:36,317|'c'|release
2021-11-25 10:22:36,334|'h'|press
2021-11-25 10:22:36,408|'h'|release
2021-11-25 10:22:36,438|'e'|press
2021-11-25 10:22:36,508|'e'|release
2021-11-25 10:22:36,611|'s'|press
2021-11-25 10:22:36,684|'s'|release
2021-11-25 10:22:36,753|'s'|press
2021-11-25 10:22:36,814|'s'|release
2021-11-25 10:22:36,888|'e'|press
2021-11-25 10:22:36,928|Key.space|press
2021-11-25 10:22:36,974|'e'|release
2021-11-25 10:22:37,005|Key.space|release
2021-11-25 10:22:37,340|'à'|press
2021-11-25 10:22:37,481|'à'|release
2021-11-25 10:22:37,669|Key.space|press
2021-11-25 10:22:37,746|Key.space|release
2021-11-25 10:22:37,849|'u'|press
2021-11-25 10:22:37,949|'u'|release
2021-11-25 10:22:38,077|'n'|press
2021-11-25 10:22:38,124|'e'|press
2021-11-25 10:22:38,153|'n'|release
2021-11-25 10:22:38,202|Key.space|press
2021-11-25 10:22:38,215|'e'|release
2021-11-25 10:22:38,279|Key.space|release
2021-11-25 10:22:38,356|'p'|press
2021-11-25 10:22:38,425|'a'|press
2021-11-25 10:22:38,451|'p'|release
2021-11-25 10:22:38,527|'a'|release
2021-11-25 10:22:38,579|'r'|press
2021-11-25 10:22:38,656|'r'|release
2021-11-25 10:22:38,747|'t'|press
2021-11-25 10:22:38,814|'t'|release
2021-11-25 10:22:38,825|'i'|press
2021-11-25 10:22:38,921|'i'|release
2021-11-25 10:22:38,938|'e'|press
2021-11-25 10:22:39,020|Key.space|press
2021-11-25 10:22:39,030|'e'|release
2021-11-25 10:22:39,093|Key.space|release
2021-11-25 10:22:39,148|'d'|press
2021-11-25 10:22:39,222|'d'|release
2021-11-25 10:22:39,296|'e'|press
2021-11-25 10:22:39,340|Key.space|press
2021-11-25 10:22:39,389|'e'|release
2021-11-25 10:22:39,414|Key.space|release
2021-11-25 10:22:39,431|Key.shift|press
2021-11-25 10:22:39,548|'C'|press
2021-11-25 10:22:39,625|'C'|release
2021-11-25 10:22:39,644|Key.shift|release
2021-11-25 10:22:39,858|Key.backspace|press
2021-11-25 10:22:39,927|'c'|press
2021-11-25 10:22:39,950|Key.backspace|release
2021-11-25 10:22:40,010|'c'|release
2021-11-25 10:22:40,094|'r'|press
2021-11-25 10:22:40,143|'o'|press
2021-11-25 10:22:40,170|'r'|release
2021-11-25 10:22:40,221|'o'|release
2021-11-25 10:22:40,358|'q'|press
2021-11-25 10:22:40,432|'q'|release
2021-11-25 10:22:40,666|'u'|press
2021-11-25 10:22:40,736|'u'|release
2021-11-25 10:22:40,746|'e'|press
2021-11-25 10:22:40,829|'e'|release
2021-11-25 10:22:40,942|'t'|press
2021-11-25 10:22:41,013|'t'|release
2021-11-25 10:22:41,157|';'|press
2021-11-25 10:22:41,244|';'|release
2021-11-25 10:22:41,708|'"'|press
2021-11-25 10:22:41,825|'"'|release
2021-11-25 10:22:42,174|Key.space|press
2021-11-25 10:22:42,249|Key.space|release
2021-11-25 10:22:42,323|'p'|press
2021-11-25 10:22:42,413|'p'|release
2021-11-25 10:22:42,535|'u'|press
2021-11-25 10:22:42,602|'u'|release
2021-11-25 10:22:42,733|'i'|press
2021-11-25 10:22:42,809|'s'|press
2021-11-25 10:22:42,816|'i'|release
2021-11-25 10:22:42,874|Key.space|press
2021-11-25 10:22:42,910|'s'|release
2021-11-25 10:22:42,951|Key.space|release
2021-11-25 10:22:43,096|'t'|press
2021-11-25 10:22:43,129|'o'|press
2021-11-25 10:22:43,178|'t'|release
2021-11-25 10:22:43,203|'o'|release
2021-11-25 10:22:43,296|'u'|press
2021-11-25 10:22:43,370|'u'|release
2021-11-25 10:22:43,397|'s'|press
2021-11-25 10:22:43,494|Key.space|press
2021-11-25 10:22:43,514|'s'|release
2021-11-25 10:22:43,574|Key.space|release
2021-11-25 10:22:43,662|'d'|press
2021-11-25 10:22:43,738|'d'|release
2021-11-25 10:22:43,813|'e'|press
2021-11-25 10:22:43,834|'u'|press
2021-11-25 10:22:43,873|'e'|release
2021-11-25 10:22:43,923|'u'|release
2021-11-25 10:22:43,982|'x'|press
2021-11-25 10:22:44,044|Key.space|press
2021-11-25 10:22:44,070|'x'|release
2021-11-25 10:22:44,118|Key.space|release
2021-11-25 10:22:44,173|'s'|press
2021-11-25 10:22:44,263|'s'|release
2021-11-25 10:22:44,334|'e'|press
2021-11-25 10:22:44,406|Key.space|press
2021-11-25 10:22:44,425|'e'|release
2021-11-25 10:22:44,480|Key.space|release
2021-11-25 10:22:44,560|'f'|press
2021-11-25 10:22:44,640|'f'|release
2021-11-25 10:22:44,667|'i'|press
2021-11-25 10:22:44,750|'i'|release
2021-11-25 10:22:44,761|'r'|press
2021-11-25 10:22:44,828|'r'|release
2021-11-25 10:22:44,912|'e'|press
2021-11-25 10:22:44,987|'n'|press
2021-11-25 10:22:44,997|'e'|release
2021-11-25 10:22:45,064|'n'|release
2021-11-25 10:22:45,081|'t'|press
2021-11-25 10:22:45,128|Key.space|press
2021-11-25 10:22:45,169|'t'|release
2021-11-25 10:22:45,217|Key.space|release
2021-11-25 10:22:45,235|'u'|press
2021-11-25 10:22:45,321|'u'|release
2021-11-25 10:22:45,415|'n'|press
2021-11-25 10:22:45,460|Key.space|press
2021-11-25 10:22:45,490|'n'|release
2021-11-25 10:22:45,526|Key.space|release
2021-11-25 10:22:45,647|'p'|press
2021-11-25 10:22:45,746|'p'|release
2021-11-25 10:22:45,763|'r'|press
2021-11-25 10:22:45,837|'r'|release
2021-11-25 10:22:45,844|'o'|press
2021-11-25 10:22:45,932|'o'|release
2021-11-25 10:22:46,024|'f'|press
2021-11-25 10:22:46,120|'f'|release
2021-11-25 10:22:46,144|'i'|press
2021-11-25 10:22:46,212|'i'|release
2021-11-25 10:22:46,292|'n'|press
2021-11-25 10:22:46,348|'d'|press
2021-11-25 10:22:46,374|'n'|release
2021-11-25 10:22:46,444|'d'|release
2021-11-25 10:22:46,458|Key.space|press
2021-11-25 10:22:46,516|Key.space|release
2021-11-25 10:22:46,765|Key.backspace|press
2021-11-25 10:22:46,845|Key.backspace|release
2021-11-25 10:22:46,906|Key.backspace|press
2021-11-25 10:22:46,974|Key.backspace|release
2021-11-25 10:22:47,036|Key.backspace|press
2021-11-25 10:22:47,103|Key.backspace|release
2021-11-25 10:22:47,168|Key.backspace|press
2021-11-25 10:22:47,241|Key.backspace|release
2021-11-25 10:22:47,283|'o'|press
2021-11-25 10:22:47,361|'o'|release
2021-11-25 10:22:47,454|'n'|press
2021-11-25 10:22:47,534|'n'|release
2021-11-25 10:22:47,548|'d'|press
2021-11-25 10:22:47,595|Key.space|press
2021-11-25 10:22:47,631|'d'|release
2021-11-25 10:22:47,675|Key.space|release
2021-11-25 10:22:47,969|'s'|press
2021-11-25 10:22:48,012|'a'|press
2021-11-25 10:22:48,064|'s'|release
2021-11-25 10:22:48,113|'l'|press
2021-11-25 10:22:48,123|'a'|release
2021-11-25 10:22:48,206|'l'|release
2021-11-25 10:22:48,331|'u'|press
2021-11-25 10:22:48,390|'t'|press
2021-11-25 10:22:48,413|'u'|release
2021-11-25 10:22:48,462|Key.space|press
2021-11-25 10:22:48,475|'t'|release
2021-11-25 10:22:48,535|Key.space|release
2021-11-25 10:22:48,600|'e'|press
2021-11-25 10:22:48,661|'e'|release
2021-11-25 10:22:48,741|'t'|press
2021-11-25 10:22:48,808|Key.space|press
2021-11-25 10:22:48,824|'t'|release
2021-11-25 10:22:48,890|Key.space|release
2021-11-25 10:22:48,920|'l'|press
2021-11-25 10:22:48,970|'e'|press
2021-11-25 10:22:48,990|'l'|release
2021-11-25 10:22:49,028|'e'|release
2021-11-25 10:22:49,121|'s'|press
2021-11-25 10:22:49,164|Key.space|press
2021-11-25 10:22:49,203|'s'|release
2021-11-25 10:22:49,238|Key.space|release
2021-11-25 10:22:49,341|'b'|press
2021-11-25 10:22:49,421|'b'|release
2021-11-25 10:22:49,737|'o'|press
2021-11-25 10:22:49,833|'o'|release
2021-11-25 10:22:49,952|'u'|press
2021-11-25 10:22:50,042|'u'|release
2021-11-25 10:22:50,077|'c'|press
2021-11-25 10:22:50,151|'c'|release
2021-11-25 10:22:50,187|'l'|press
2021-11-25 10:22:50,261|'l'|release
2021-11-25 10:22:50,265|'e'|press
2021-11-25 10:22:50,336|'e'|release
2021-11-25 10:22:50,416|'s'|press
2021-11-25 10:22:50,476|Key.space|press
2021-11-25 10:22:50,508|'s'|release
2021-11-25 10:22:50,550|Key.space|release
2021-11-25 10:22:50,618|'d'|press
2021-11-25 10:22:50,676|'d'|release
2021-11-25 10:22:50,747|'e'|press
2021-11-25 10:22:50,803|Key.space|press
2021-11-25 10:22:50,829|'e'|release
2021-11-25 10:22:50,930|Key.space|release
2021-11-25 10:22:51,091|'l'|press
2021-11-25 10:22:51,165|'l'|release
2021-11-25 10:22:51,198|'e'|press
2021-11-25 10:22:51,268|'e'|release
2021-11-25 10:22:51,295|'u'|press
2021-11-25 10:22:51,363|'r'|press
2021-11-25 10:22:51,393|'u'|release
2021-11-25 10:22:51,474|'s'|press
2021-11-25 10:22:51,510|'r'|release
2021-11-25 10:22:51,569|Key.space|press
2021-11-25 10:22:51,611|'s'|release
2021-11-25 10:22:51,646|Key.space|release
2021-11-25 10:22:51,736|'c'|press
2021-11-25 10:22:51,814|'h'|press
2021-11-25 10:22:51,834|'c'|release
2021-11-25 10:22:51,907|'h'|release
2021-11-25 10:22:51,930|'e'|press
2021-11-25 10:22:51,998|'e'|release
2021-11-25 10:22:52,100|'v'|press
2021-11-25 10:22:52,178|'v'|release
2021-11-25 10:22:52,268|'e'|press
2021-11-25 10:22:52,314|'l'|press
2021-11-25 10:22:52,340|'e'|release
2021-11-25 10:22:52,385|'l'|release
2021-11-25 10:22:52,625|'r'|press
2021-11-25 10:22:52,708|'r'|release
2021-11-25 10:22:52,804|'e'|press
2021-11-25 10:22:52,871|'e'|release
2021-11-25 10:22:52,958|'s'|press
2021-11-25 10:22:53,028|Key.space|press
2021-11-25 10:22:53,060|'s'|release
2021-11-25 10:22:53,098|Key.space|release
2021-11-25 10:22:53,150|'s'|press
2021-11-25 10:22:53,243|'s'|release
2021-11-25 10:22:53,346|"'"|press
2021-11-25 10:22:53,423|"'"|release
2021-11-25 10:22:53,516|Key.backspace|press
2021-11-25 10:22:53,580|Key.backspace|release
2021-11-25 10:22:53,658|Key.backspace|press
2021-11-25 10:22:53,718|Key.backspace|release
2021-11-25 10:22:53,786|Key.backspace|press
2021-11-25 10:22:53,857|Key.backspace|release
2021-11-25 10:22:53,922|Key.backspace|press
2021-11-25 10:22:53,999|Key.backspace|release
2021-11-25 10:22:54,188|'u'|press
2021-11-25 10:22:54,335|'u'|release
2021-11-25 10:22:54,342|'r'|press
2021-11-25 10:22:54,409|'r'|release
2021-11-25 10:22:54,506|'e'|press
2021-11-25 10:22:54,584|'e'|release
2021-11-25 10:22:54,677|'s'|press
2021-11-25 10:22:54,769|'s'|release
2021-11-25 10:22:54,783|Key.space|press
2021-11-25 10:22:54,867|Key.space|release
2021-11-25 10:22:55,122|'s'|press
2021-11-25 10:22:55,225|'s'|release
2021-11-25 10:22:55,325|"'"|press
2021-11-25 10:22:55,408|"'"|release
2021-11-25 10:22:55,513|'e'|press
2021-11-25 10:22:55,594|'e'|release
2021-11-25 10:22:55,621|'n'|press
2021-11-25 10:22:55,681|'n'|release
2021-11-25 10:22:55,721|'t'|press
2021-11-25 10:22:55,801|'t'|release
2021-11-25 10:22:55,888|'r'|press
2021-11-25 10:22:55,959|'r'|release
2021-11-25 10:22:56,049|'e'|press
2021-11-25 10:22:56,129|'e'|release
2021-11-25 10:22:56,168|'m'|press
2021-11-25 10:22:56,251|'m'|release
2021-11-25 10:22:56,910|['^']|press
2021-11-25 10:22:57,016|['^']|release
2021-11-25 10:22:57,033|'e'|press
2021-11-25 10:22:57,094|'e'|release
2021-11-25 10:22:57,149|'l'|press
2021-11-25 10:22:57,226|'l'|release
2021-11-25 10:22:57,441|'è'|press
2021-11-25 10:22:57,525|'r'|press
2021-11-25 10:22:57,532|'è'|release
2021-11-25 10:22:57,590|'r'|release
2021-11-25 10:22:57,676|'e'|press
2021-11-25 10:22:57,739|'n'|press
2021-11-25 10:22:57,762|'e'|release
2021-11-25 10:22:57,809|'n'|release
2021-11-25 10:22:57,855|'t'|press
2021-11-25 10:22:57,932|'t'|release
2021-11-25 10:22:58,139|Key.shift|press
2021-11-25 10:22:58,196|'.'|press
2021-11-25 10:22:58,201|'?'|press
2021-11-25 10:22:58,230|'?'|release
2021-11-25 10:22:58,278|'.'|release
2021-11-25 10:22:58,338|Key.shift|release
2021-11-25 10:22:58,645|Key.enter|press
2021-11-25 10:22:58,712|Key.enter|release
2021-11-25 10:22:58,802|Key.enter|press
2021-11-25 10:22:58,869|Key.enter|release
2021-11-25 10:22:58,978|Key.shift|press
2021-11-25 10:22:59,265|'C'|press
2021-11-25 10:22:59,349|'C'|release
2021-11-25 10:22:59,378|Key.shift|release
2021-11-25 10:22:59,522|'e'|press
2021-11-25 10:22:59,602|'e'|release
2021-11-25 10:22:59,823|'l'|press
2021-11-25 10:22:59,870|'a'|press
2021-11-25 10:22:59,895|'l'|release
2021-11-25 10:22:59,909|Key.space|press
2021-11-25 10:22:59,965|'a'|release
2021-11-25 10:22:59,993|Key.space|release
2021-11-25 10:23:00,076|'f'|press
2021-11-25 10:23:00,144|'f'|release
2021-11-25 10:23:00,167|'i'|press
2021-11-25 10:23:00,228|'i'|release
2021-11-25 10:23:00,302|'t'|press
2021-11-25 10:23:00,390|Key.space|press
2021-11-25 10:23:00,397|'t'|release
2021-11-25 10:23:00,461|Key.space|release
2021-11-25 10:23:00,719|'t'|press
2021-11-25 10:23:00,748|'t'|release
2021-11-25 10:23:00,944|'e'|press
2021-11-25 10:23:01,001|'e'|release
2021-11-25 10:23:01,043|'l'|press
2021-11-25 10:23:01,108|'l'|release
2021-11-25 10:23:01,179|'l'|press
2021-11-25 10:23:01,253|'l'|release
2021-11-25 10:23:01,292|'e'|press
2021-11-25 10:23:01,356|'e'|release
2021-11-25 10:23:01,363|'m'|press
2021-11-25 10:23:01,434|'m'|release
2021-11-25 10:23:01,454|'e'|press
2021-11-25 10:23:01,528|'e'|release
2021-11-25 10:23:01,564|'n'|press
2021-11-25 10:23:01,617|'t'|press
2021-11-25 10:23:01,640|'n'|release
2021-11-25 10:23:01,644|Key.space|press
2021-11-25 10:23:01,684|'t'|release
2021-11-25 10:23:01,750|Key.space|release
2021-11-25 10:23:01,799|'r'|press
2021-11-25 10:23:01,883|'r'|release
2021-11-25 10:23:01,906|'i'|press
2021-11-25 10:23:01,983|'i'|release
2021-11-25 10:23:01,993|'r'|press
2021-11-25 10:23:02,064|'r'|release
2021-11-25 10:23:02,167|'e'|press
2021-11-25 10:23:02,238|Key.space|press
2021-11-25 10:23:02,275|'e'|release
2021-11-25 10:23:02,319|Key.space|release
2021-11-25 10:23:02,355|Key.shift|press
2021-11-25 10:23:02,402|'A'|press
2021-11-25 10:23:02,493|'A'|release
2021-11-25 10:23:02,511|Key.shift|release
2021-11-25 10:23:02,544|'l'|press
2021-11-25 10:23:02,617|'l'|release
2021-11-25 10:23:02,734|'c'|press
2021-11-25 10:23:02,801|'c'|release
2021-11-25 10:23:02,904|'e'|press
2021-11-25 10:23:02,948|'e'|release
2021-11-25 10:23:03,090|Key.backspace|press
2021-11-25 10:23:03,141|Key.backspace|release
2021-11-25 10:23:03,222|Key.backspace|press
2021-11-25 10:23:03,283|Key.backspace|release
2021-11-25 10:23:03,446|'i'|press
2021-11-25 10:23:03,563|'c'|press
2021-11-25 10:23:03,576|'i'|release
2021-11-25 10:23:03,630|'c'|release
2021-11-25 10:23:03,714|'e'|press
2021-11-25 10:23:03,776|Key.space|press
2021-11-25 10:23:03,809|'e'|release
2021-11-25 10:23:03,863|Key.space|release
2021-11-25 10:23:03,886|'q'|press
2021-11-25 10:23:03,973|'q'|release
2021-11-25 10:23:03,996|'u'|press
2021-11-25 10:23:04,073|'u'|release
2021-11-25 10:23:04,109|"'"|press
2021-11-25 10:23:04,186|"'"|release
2021-11-25 10:23:04,296|'e'|press
2021-11-25 10:23:04,363|'e'|release
2021-11-25 10:23:04,447|'l'|press
2021-11-25 10:23:04,520|'l'|release
2021-11-25 10:23:04,588|'l'|press
2021-11-25 10:23:04,632|'e'|press
2021-11-25 10:23:04,671|'l'|release
2021-11-25 10:23:04,681|Key.space|press
2021-11-25 10:23:04,721|'e'|release
2021-11-25 10:23:04,770|Key.space|release
2021-11-25 10:23:04,817|'e'|press
2021-11-25 10:23:04,889|'u'|press
2021-11-25 10:23:04,898|'e'|release
2021-11-25 10:23:04,985|'u'|release
2021-11-25 10:23:05,028|'t'|press
2021-11-25 10:23:05,122|Key.space|press
2021-11-25 10:23:05,129|'t'|release
2021-11-25 10:23:05,208|Key.space|release
2021-11-25 10:23:05,387|'à'|press
2021-11-25 10:23:05,528|'à'|release
2021-11-25 10:23:05,611|Key.space|press
2021-11-25 10:23:05,688|Key.space|release
2021-11-25 10:23:06,008|'r'|press
2021-11-25 10:23:06,091|'r'|release
2021-11-25 10:23:06,169|'e'|press
2021-11-25 10:23:06,238|'n'|press
2021-11-25 10:23:06,257|'e'|release
2021-11-25 10:23:06,305|'n'|release
2021-11-25 10:23:06,354|'t'|press
2021-11-25 10:23:06,437|'t'|release
2021-11-25 10:23:06,514|'r'|press
2021-11-25 10:23:06,591|'r'|release
2021-11-25 10:23:06,678|'e'|press
2021-11-25 10:23:06,752|'e'|release
2021-11-25 10:23:06,811|'r'|press
2021-11-25 10:23:06,853|Key.space|press
2021-11-25 10:23:06,893|'r'|release
2021-11-25 10:23:06,937|Key.space|release
2021-11-25 10:23:07,043|'b'|press
2021-11-25 10:23:07,120|'b'|release
2021-11-25 10:23:07,184|'i'|press
2021-11-25 10:23:07,251|'e'|press
2021-11-25 10:23:07,263|'i'|release
2021-11-25 10:23:07,324|'e'|release
2021-11-25 10:23:07,427|Key.space|press
2021-11-25 10:23:07,501|Key.space|release
2021-11-25 10:23:07,680|Key.backspace|press
2021-11-25 10:23:07,747|Key.backspace|release
2021-11-25 10:23:07,857|'n'|press
2021-11-25 10:23:07,935|Key.space|press
2021-11-25 10:23:07,954|'n'|release
2021-11-25 10:23:08,002|Key.space|release
2021-11-25 10:23:08,070|'v'|press
2021-11-25 10:23:08,139|'i'|press
2021-11-25 10:23:08,152|'v'|release
2021-11-25 10:23:08,244|'i'|release
2021-11-25 10:23:08,258|'t'|press
2021-11-25 10:23:08,329|'t'|release
2021-11-25 10:23:08,580|Key.space|press
2021-11-25 10:23:08,655|Key.space|release
2021-11-25 10:23:09,063|Key.backspace|press
2021-11-25 10:23:09,136|Key.backspace|release
2021-11-25 10:23:09,173|'e'|press
2021-11-25 10:23:09,253|'e'|release
2021-11-25 10:23:09,264|Key.space|press
2021-11-25 10:23:09,337|Key.space|release
2021-11-25 10:23:09,411|'d'|press
2021-11-25 10:23:09,501|'d'|release
2021-11-25 10:23:09,506|'a'|press
2021-11-25 10:23:09,581|'n'|press
2021-11-25 10:23:09,612|'s'|press
2021-11-25 10:23:09,651|'n'|release
2021-11-25 10:23:09,667|'a'|release
2021-11-25 10:23:09,710|Key.space|press
2021-11-25 10:23:09,755|'s'|release
2021-11-25 10:23:09,800|Key.space|release
2021-11-25 10:23:09,829|'l'|press
2021-11-25 10:23:09,916|'l'|release
2021-11-25 10:23:10,057|'e'|press
2021-11-25 10:23:10,119|Key.space|press
2021-11-25 10:23:10,149|'e'|release
2021-11-25 10:23:10,209|Key.space|release
2021-11-25 10:23:10,312|'b'|press
2021-11-25 10:23:10,317|'v'|press
2021-11-25 10:23:10,342|'o'|press
2021-11-25 10:23:10,368|'b'|release
2021-11-25 10:23:10,374|'v'|release
2021-11-25 10:23:10,409|'o'|release
2021-11-25 10:23:10,495|'i'|press
2021-11-25 10:23:10,573|'i'|release
2021-11-25 10:23:10,694|Key.backspace|press
2021-11-25 10:23:10,768|Key.backspace|release
2021-11-25 10:23:10,833|Key.backspace|press
2021-11-25 10:23:10,900|Key.backspace|release
2021-11-25 10:23:11,152|Key.backspace|press
2021-11-25 10:23:11,229|Key.backspace|release
2021-11-25 10:23:11,310|'o'|press
2021-11-25 10:23:11,387|'o'|release
2021-11-25 10:23:11,461|'i'|press
2021-11-25 10:23:11,505|'s'|press
2021-11-25 10:23:11,557|'i'|release
2021-11-25 10:23:11,564|Key.space|press
2021-11-25 10:23:11,607|'s'|release
2021-11-25 10:23:11,647|Key.space|release
2021-11-25 10:23:11,677|'d'|press
2021-11-25 10:23:11,748|'d'|release
2021-11-25 10:23:11,835|'e'|press
2021-11-25 10:23:11,872|Key.space|press
2021-11-25 10:23:11,918|'e'|release
2021-11-25 10:23:11,958|Key.space|release
2021-11-25 10:23:12,007|'p'|press
2021-11-25 10:23:12,104|'r'|press
2021-11-25 10:23:12,128|'p'|release
2021-11-25 10:23:12,179|'r'|release
2021-11-25 10:23:12,421|Key.backspace|press
2021-11-25 10:23:12,479|Key.backspace|release
2021-11-25 10:23:12,528|'e'|press
2021-11-25 10:23:12,608|'e'|release
2021-11-25 10:23:12,622|'u'|press
2021-11-25 10:23:12,673|'u'|release
2021-11-25 10:23:12,687|'r'|press
2021-11-25 10:23:12,743|Key.space|press
2021-11-25 10:23:12,766|'r'|release
2021-11-25 10:23:12,846|Key.space|release
2021-11-25 10:23:13,467|'d'|press
2021-11-25 10:23:13,563|'d'|release
2021-11-25 10:23:13,777|"'"|press
2021-11-25 10:23:13,902|"'"|release
2021-11-25 10:23:14,052|['^']|press
2021-11-25 10:23:14,121|'e'|press
2021-11-25 10:23:14,151|['^']|release
2021-11-25 10:23:14,185|'e'|release
2021-11-25 10:23:14,279|'t'|press
2021-11-25 10:23:14,362|'t'|release
2021-11-25 10:23:14,445|'r'|press
2021-11-25 10:23:14,513|'r'|release
2021-11-25 10:23:14,603|'e'|press
2021-11-25 10:23:14,693|'e'|release
2021-11-25 10:23:14,697|Key.space|press
2021-11-25 10:23:14,774|Key.space|release
2021-11-25 10:23:15,141|'e'|press
2021-11-25 10:23:15,225|'e'|release
2021-11-25 10:23:15,616|'n'|press
2021-11-25 10:23:15,700|'n'|release
2021-11-25 10:23:15,723|'t'|press
2021-11-25 10:23:15,784|'t'|release
2021-11-25 10:23:15,865|'e'|press
2021-11-25 10:23:15,937|'n'|press
2021-11-25 10:23:15,944|'e'|release
2021-11-25 10:23:16,007|'n'|release
2021-11-25 10:23:16,040|'d'|press
2021-11-25 10:23:16,117|'d'|release
2021-11-25 10:23:16,255|'u'|press
2021-11-25 10:23:16,325|'u'|release
2021-11-25 10:23:16,339|'e'|press
2021-11-25 10:23:16,416|'e'|release
2021-11-25 10:23:16,570|';'|press
2021-11-25 10:23:16,666|';'|release
2021-11-25 10:23:16,966|Key.space|press
2021-11-25 10:23:17,036|Key.space|release
2021-11-25 10:23:17,114|'e'|press
2021-11-25 10:23:17,185|'e'|release
2021-11-25 10:23:17,284|'t'|press
2021-11-25 10:23:17,364|'t'|release
2021-11-25 10:23:17,372|Key.space|press
2021-11-25 10:23:17,455|Key.space|release
2021-11-25 10:23:17,498|'q'|press
2021-11-25 10:23:17,578|'q'|release
2021-11-25 10:23:17,592|'u'|press
2021-11-25 10:23:17,685|'u'|release
2021-11-25 10:23:17,692|'a'|press
2021-11-25 10:23:17,776|'a'|release
2021-11-25 10:23:17,860|'n'|press
2021-11-25 10:23:17,949|'n'|release
2021-11-25 10:23:17,959|'d'|press
2021-11-25 10:23:18,029|Key.space|press
2021-11-25 10:23:18,049|'d'|release
2021-11-25 10:23:18,083|Key.space|release
2021-11-25 10:23:18,151|'e'|press
2021-11-25 10:23:18,198|'l'|press
2021-11-25 10:23:18,227|'e'|release
2021-11-25 10:23:18,255|'l'|release
2021-11-25 10:23:18,317|'l'|press
2021-11-25 10:23:18,376|'e'|press
2021-11-25 10:23:18,405|'l'|release
2021-11-25 10:23:18,432|Key.space|press
2021-11-25 10:23:18,458|'e'|release
2021-11-25 10:23:18,523|'a'|press
2021-11-25 10:23:18,530|Key.space|release
2021-11-25 10:23:18,606|'a'|release
2021-11-25 10:23:18,687|'v'|press
2021-11-25 10:23:18,774|'v'|release
2021-11-25 10:23:18,812|'a'|press
2021-11-25 10:23:18,847|'n'|press
2021-11-25 10:23:18,899|'a'|release
2021-11-25 10:23:18,920|'n'|release
2021-11-25 10:23:18,998|'c'|press
2021-11-25 10:23:19,040|'c'|release
2021-11-25 10:23:20,083|'a'|press
2021-11-25 10:23:20,179|'a'|release
2021-11-25 10:23:20,186|Key.space|press
2021-11-25 10:23:20,261|Key.space|release
2021-11-25 10:23:21,015|'l'|press
2021-11-25 10:23:21,108|'l'|release
2021-11-25 10:23:21,113|'a'|press
2021-11-25 10:23:21,143|Key.space|press
2021-11-25 10:23:21,202|'a'|release
2021-11-25 10:23:21,217|Key.space|release
2021-11-25 10:23:21,422|'t'|press
2021-11-25 10:23:21,502|'t'|release
2021-11-25 10:23:21,747|['^']|press
2021-11-25 10:23:21,753|'p'|press
2021-11-25 10:23:21,804|'p'|release
2021-11-25 10:23:21,858|['^']|release
2021-11-25 10:23:22,375|'e'|press
2021-11-25 10:23:22,458|'e'|release
2021-11-25 10:23:22,777|'t'|press
2021-11-25 10:23:22,857|'t'|release
2021-11-25 10:23:22,992|'e'|press
2021-11-25 10:23:23,081|'e'|release
2021-11-25 10:23:23,089|Key.space|press
2021-11-25 10:23:23,159|Key.space|release
2021-11-25 10:23:23,904|'p'|press
2021-11-25 10:23:23,981|'p'|release
2021-11-25 10:23:24,068|'o'|press
2021-11-25 10:23:24,161|'o'|release
2021-11-25 10:23:24,268|'u'|press
2021-11-25 10:23:24,295|'r'|press
2021-11-25 10:23:24,317|'u'|release
2021-11-25 10:23:24,369|Key.space|press
2021-11-25 10:23:24,382|'r'|release
2021-11-25 10:23:24,456|Key.space|release
2021-11-25 10:23:24,559|'r'|press
2021-11-25 10:23:24,630|'r'|release
2021-11-25 10:23:24,716|'e'|press
2021-11-25 10:23:24,790|'e'|release
2021-11-25 10:23:24,899|'g'|press
2021-11-25 10:23:24,970|'g'|release
2021-11-25 10:23:25,044|'a'|press
2021-11-25 10:23:25,097|'r'|press
2021-11-25 10:23:25,123|'a'|release
2021-11-25 10:23:25,186|'r'|release
2021-11-25 10:23:25,306|'d'|press
2021-11-25 10:23:25,376|'d'|release
2021-11-25 10:23:25,450|'e'|press
2021-11-25 10:23:25,517|'e'|release
2021-11-25 10:23:25,572|'r'|press
2021-11-25 10:23:25,648|Key.space|press
2021-11-25 10:23:25,668|'r'|release
2021-11-25 10:23:25,715|Key.space|release
2021-11-25 10:23:25,790|'d'|press
2021-11-25 10:23:25,851|'d'|release
2021-11-25 10:23:25,931|'e'|press
2021-11-25 10:23:25,981|Key.space|press
2021-11-25 10:23:26,023|'e'|release
2021-11-25 10:23:26,055|Key.space|release
2021-11-25 10:23:26,179|'n'|press
2021-11-25 10:23:26,263|'n'|release
2021-11-25 10:23:26,283|'o'|press
2021-11-25 10:23:26,366|'o'|release
2021-11-25 10:23:26,456|'u'|press
2021-11-25 10:23:26,472|'v'|press
2021-11-25 10:23:26,530|'u'|release
2021-11-25 10:23:26,549|'v'|release
2021-11-25 10:23:26,652|'e'|press
2021-11-25 10:23:26,720|'a'|press
2021-11-25 10:23:26,753|'e'|release
2021-11-25 10:23:26,820|'a'|release
2021-11-25 10:23:27,027|'u'|press
2021-11-25 10:23:27,101|'u'|release
2021-11-25 10:23:27,249|','|press
2021-11-25 10:23:27,348|','|release
2021-11-25 10:23:27,361|Key.space|press
2021-11-25 10:23:27,426|Key.space|release
2021-11-25 10:23:27,563|Key.shift|press
2021-11-25 10:23:27,743|Key.shift|release
2021-11-25 10:23:27,893|'l'|press
2021-11-25 10:23:27,990|'l'|release
2021-11-25 10:23:28,013|'e'|press
2021-11-25 10:23:28,066|Key.space|press
2021-11-25 10:23:28,105|'e'|release
2021-11-25 10:23:28,146|Key.space|release
2021-11-25 10:23:28,175|Key.shift|press
2021-11-25 10:23:28,209|'L'|press
2021-11-25 10:23:28,278|'L'|release
2021-11-25 10:23:28,328|Key.shift|release
2021-11-25 10:23:28,416|'a'|press
2021-11-25 10:23:28,495|'a'|release
2021-11-25 10:23:28,691|'q'|press
2021-11-25 10:23:28,800|'q'|release
2021-11-25 10:23:29,017|'u'|press
2021-11-25 10:23:29,094|'u'|release
2021-11-25 10:23:29,137|'a'|press
2021-11-25 10:23:29,216|'a'|release
2021-11-25 10:23:29,224|'i'|press
2021-11-25 10:23:29,311|'i'|release
2021-11-25 10:23:29,313|'s'|press
2021-11-25 10:23:29,392|'s'|release
2021-11-25 10:23:29,517|'-'|press
2021-11-25 10:23:29,585|'-'|release
2021-11-25 10:23:29,709|Key.shift|press
2021-11-25 10:23:29,753|'P'|press
2021-11-25 10:23:29,850|'P'|release
2021-11-25 10:23:29,875|Key.shift|release
2021-11-25 10:23:29,955|'o'|press
2021-11-25 10:23:30,062|'o'|release
2021-11-25 10:23:30,151|'i'|press
2021-11-25 10:23:30,248|'i'|release
2021-11-25 10:23:30,250|'s'|press
2021-11-25 10:23:30,320|'s'|release
2021-11-25 10:23:30,384|'s'|press
2021-11-25 10:23:30,451|'o'|press
2021-11-25 10:23:30,467|'s'|release
2021-11-25 10:23:30,537|'o'|release
2021-11-25 10:23:30,627|'n'|press
2021-11-25 10:23:30,673|Key.space|press
2021-11-25 10:23:30,700|'n'|release
2021-11-25 10:23:30,759|Key.space|release
2021-11-25 10:23:30,863|'é'|press
2021-11-25 10:23:30,968|'é'|release
2021-11-25 10:23:31,020|'t'|press
2021-11-25 10:23:31,113|'t'|release
2021-11-25 10:23:31,165|'a'|press
2021-11-25 10:23:31,196|'i'|press
2021-11-25 10:23:31,248|'a'|release
2021-11-25 10:23:31,272|'i'|release
2021-11-25 10:23:31,294|'t'|press
2021-11-25 10:23:31,355|Key.space|press
2021-11-25 10:23:31,375|'t'|release
2021-11-25 10:23:31,439|Key.space|release
2021-11-25 10:23:31,539|'p'|press
2021-11-25 10:23:31,604|'a'|press
2021-11-25 10:23:31,617|'p'|release
2021-11-25 10:23:31,703|'a'|release
2021-11-25 10:23:31,717|'r'|press
2021-11-25 10:23:31,785|'r'|release
2021-11-25 10:23:31,875|'t'|press
2021-11-25 10:23:31,952|'t'|release
2021-11-25 10:23:31,966|'i'|press
2021-11-25 10:23:32,046|'i'|release
2021-11-25 10:23:32,187|','|press
2021-11-25 10:23:32,270|','|release
2021-11-25 10:23:32,376|Key.space|press
2021-11-25 10:23:32,436|Key.space|release
2021-11-25 10:23:32,518|'e'|press
2021-11-25 10:23:32,582|'e'|release
2021-11-25 10:23:32,685|'t'|press
2021-11-25 10:23:32,737|Key.space|press
2021-11-25 10:23:32,770|'t'|release
2021-11-25 10:23:32,827|Key.space|release
2021-11-25 10:23:32,876|'l'|press
2021-11-25 10:23:32,944|'l'|release
2021-11-25 10:23:32,958|"'"|press
2021-11-25 10:23:33,069|"'"|release
2021-11-25 10:23:33,074|'a'|press
2021-11-25 10:23:33,178|'u'|press
2021-11-25 10:23:33,188|'a'|release
2021-11-25 10:23:33,277|'u'|release
2021-11-25 10:23:33,279|'t'|press
2021-11-25 10:23:33,355|'t'|release
2021-11-25 10:23:33,433|'r'|press
2021-11-25 10:23:33,507|'r'|release
2021-11-25 10:23:33,593|'e'|press
2021-11-25 10:23:33,680|'e'|release
2021-11-25 10:23:33,688|Key.space|press
2021-11-25 10:23:33,781|Key.space|release
2021-11-25 10:23:33,785|'é'|press
2021-11-25 10:23:33,884|'é'|release
2021-11-25 10:23:33,974|'t'|press
2021-11-25 10:23:34,042|'t'|release
2021-11-25 10:23:34,132|'a'|press
2021-11-25 10:23:34,226|'i'|press
2021-11-25 10:23:34,237|'a'|release
2021-11-25 10:23:34,301|'t'|press
2021-11-25 10:23:34,324|'i'|release
2021-11-25 10:23:34,384|'t'|release
2021-11-25 10:23:34,386|Key.space|press
2021-11-25 10:23:34,462|Key.space|release
2021-11-25 10:23:34,518|'a'|press
2021-11-25 10:23:34,601|'a'|release
2021-11-25 10:23:34,673|'s'|press
2021-11-25 10:23:34,747|'s'|release
2021-11-25 10:23:34,810|'s'|press
2021-11-25 10:23:34,870|'i'|press
2021-11-25 10:23:34,893|'s'|release
2021-11-25 10:23:34,960|'i'|release
2021-11-25 10:23:34,977|'s'|press
2021-11-25 10:23:35,046|Key.space|press
2021-11-25 10:23:35,068|'s'|release
2021-11-25 10:23:35,125|Key.space|release
2021-11-25 10:23:35,155|'p'|press
2021-11-25 10:23:35,245|'p'|release
2021-11-25 10:23:35,250|'a'|press
2021-11-25 10:23:35,333|'a'|release
2021-11-25 10:23:35,363|'r'|press
2021-11-25 10:23:35,460|Key.space|press
2021-11-25 10:23:35,467|'r'|release
2021-11-25 10:23:35,534|Key.space|release
2021-11-25 10:23:35,650|'r'|press
2021-11-25 10:23:35,688|'r'|release
2021-11-25 10:23:35,895|Key.backspace|press
2021-11-25 10:23:35,971|'t'|press
2021-11-25 10:23:36,010|Key.backspace|release
2021-11-25 10:23:36,038|'t'|release
2021-11-25 10:23:36,132|'e'|press
2021-11-25 10:23:36,219|'e'|release
2021-11-25 10:23:36,325|'r'|press
2021-11-25 10:23:36,401|'r'|release
2021-11-25 10:23:36,524|'r'|press
2021-11-25 10:23:36,590|'r'|release
2021-11-25 10:23:36,703|'e'|press
2021-11-25 10:23:36,787|'e'|release
2021-11-25 10:23:36,788|Key.space|press
2021-11-25 10:23:36,871|Key.space|release
2021-11-25 10:23:36,920|'e'|press
2021-11-25 10:23:36,981|'e'|release
2021-11-25 10:23:37,159|Key.backspace|press
2021-11-25 10:23:37,230|Key.backspace|release
2021-11-25 10:23:37,283|'p'|press
2021-11-25 10:23:37,362|'p'|release
2021-11-25 10:23:37,370|'r'|press
2021-11-25 10:23:37,444|'r'|release
2021-11-25 10:23:37,563|'è'|press
2021-11-25 10:23:37,673|'s'|press
2021-11-25 10:23:37,679|'è'|release
2021-11-25 10:23:37,752|Key.space|press
2021-11-25 10:23:37,787|'s'|release
2021-11-25 10:23:37,834|Key.space|release
2021-11-25 10:23:37,915|'d'|press
2021-11-25 10:23:37,963|'d'|release
2021-11-25 10:23:38,056|'e'|press
2021-11-25 10:23:38,100|Key.space|press
2021-11-25 10:23:38,133|'e'|release
2021-11-25 10:23:38,196|Key.space|release
2021-11-25 10:23:38,204|'l'|press
2021-11-25 10:23:38,247|'a'|press
2021-11-25 10:23:38,280|'l'|release
2021-11-25 10:23:38,335|Key.space|press
2021-11-25 10:23:38,361|'a'|release
2021-11-25 10:23:38,409|Key.space|release
2021-11-25 10:23:38,566|'r'|press
2021-11-25 10:23:38,652|'r'|release
2021-11-25 10:23:38,663|'o'|press
2021-11-25 10:23:38,756|'o'|release
2021-11-25 10:23:38,843|'u'|press
2021-11-25 10:23:38,890|'t'|press
2021-11-25 10:23:38,922|'u'|release
2021-11-25 10:23:38,957|'t'|release
2021-11-25 10:23:39,056|'e'|press
2021-11-25 10:23:39,130|'e'|release
2021-11-25 10:23:39,137|','|press
2021-11-25 10:23:39,227|','|release
2021-11-25 10:23:39,258|Key.space|press
2021-11-25 10:23:39,321|Key.space|release
2021-11-25 10:23:39,914|'e'|press
2021-11-25 10:23:39,978|'e'|release
2021-11-25 10:23:40,150|Key.backspace|press
2021-11-25 10:23:40,230|Key.backspace|release
2021-11-25 10:23:40,235|'r'|press
2021-11-25 10:23:40,286|'r'|release
2021-11-25 10:23:40,377|'e'|press
2021-11-25 10:23:40,434|'e'|release
2021-11-25 10:23:40,537|'g'|press
2021-11-25 10:23:40,614|'g'|release
2021-11-25 10:23:40,663|'a'|press
2021-11-25 10:23:40,733|'r'|press
2021-11-25 10:23:40,784|'a'|release
2021-11-25 10:23:40,812|'r'|release
2021-11-25 10:23:40,915|'d'|press
2021-11-25 10:23:40,994|'a'|press
2021-11-25 10:23:41,010|'d'|release
2021-11-25 10:23:41,100|'n'|press
2021-11-25 10:23:41,124|'a'|release
2021-11-25 10:23:41,168|'n'|release
2021-11-25 10:23:41,464|'t'|press
2021-11-25 10:23:41,535|'t'|release
2021-11-25 10:23:41,596|Key.space|press
2021-11-25 10:23:41,677|Key.space|release
2021-11-25 10:23:41,987|'n'|press
2021-11-25 10:23:42,124|'n'|release
2021-11-25 10:23:42,265|'i'|press
2021-11-25 10:23:42,319|'i'|release
2021-11-25 10:23:42,359|'a'|press
2021-11-25 10:23:42,427|'a'|release
2021-11-25 10:23:42,898|'i'|press
2021-11-25 10:23:42,962|'i'|release
2021-11-25 10:23:43,046|'s'|press
2021-11-25 10:23:43,131|'a'|press
2021-11-25 10:23:43,167|'s'|release
2021-11-25 10:23:43,217|'a'|release
2021-11-25 10:23:43,393|Key.backspace|press
2021-11-25 10:23:43,473|Key.backspace|release
2021-11-25 10:23:43,532|'e'|press
2021-11-25 10:23:43,599|'e'|release
2021-11-25 10:23:43,658|'m'|press
2021-11-25 10:23:43,738|'m'|release
2021-11-25 10:23:44,130|'e'|press
2021-11-25 10:23:44,207|'e'|release
2021-11-25 10:23:44,227|'n'|press
2021-11-25 10:23:44,288|'n'|release
2021-11-25 10:23:44,346|'t'|press
2021-11-25 10:23:44,388|'t'|release
2021-11-25 10:23:44,398|Key.space|press
2021-11-25 10:23:44,485|Key.space|release
2021-11-25 10:23:44,792|'e'|press
2021-11-25 10:23:44,845|'n'|press
2021-11-25 10:23:44,861|'e'|release
2021-11-25 10:23:44,930|'n'|release
2021-11-25 10:23:44,951|Key.space|press
2021-11-25 10:23:45,019|Key.space|release
2021-11-25 10:23:45,086|'l'|press
2021-11-25 10:23:45,139|"'"|press
2021-11-25 10:23:45,169|'l'|release
2021-11-25 10:23:45,243|'a'|press
2021-11-25 10:23:45,250|"'"|release
2021-11-25 10:23:45,344|'i'|press
2021-11-25 10:23:45,351|'a'|release
2021-11-25 10:23:45,440|'i'|release
2021-11-25 10:23:45,448|'r'|press
2021-11-25 10:23:45,530|'r'|release
2021-11-25 10:23:45,783|Key.shift|press
2021-11-25 10:23:45,871|'.'|press
2021-11-25 10:23:45,879|'?'|press
2021-11-25 10:23:45,913|'?'|release
2021-11-25 10:23:45,937|'.'|release
2021-11-25 10:23:46,157|Key.shift|release
2021-11-25 10:23:46,549|Key.enter|press
2021-11-25 10:23:46,552|Key.backspace|press
2021-11-25 10:23:46,600|Key.backspace|release
2021-11-25 10:23:46,616|Key.enter|release
2021-11-25 10:23:46,689|Key.enter|press
2021-11-25 10:23:46,766|Key.enter|release
2021-11-25 10:23:46,980|Key.enter|press
2021-11-25 10:23:47,064|Key.enter|release
2021-11-25 10:23:47,256|Key.shift|press
2021-11-25 10:23:47,482|'A'|press
2021-11-25 10:23:47,553|'A'|release
2021-11-25 10:23:47,597|Key.shift|release
2021-11-25 10:23:47,875|'l'|press
2021-11-25 10:23:47,952|'l'|release
2021-11-25 10:23:48,039|'i'|press
2021-11-25 10:23:48,092|'c'|press
2021-11-25 10:23:48,119|'i'|release
2021-11-25 10:23:48,175|'c'|release
2021-11-25 10:23:48,255|'e'|press
2021-11-25 10:23:48,343|Key.space|press
2021-11-25 10:23:48,353|'e'|release
2021-11-25 10:23:48,411|Key.space|release
2021-11-25 10:23:48,482|'s'|press
2021-11-25 10:23:48,531|'s'|release
2021-11-25 10:23:48,636|"'"|press
2021-11-25 10:23:48,718|'a'|press
2021-11-25 10:23:48,751|"'"|release
2021-11-25 10:23:48,826|'a'|release
2021-11-25 10:23:48,844|'p'|press
2021-11-25 10:23:48,927|'p'|release
2021-11-25 10:23:48,983|'p'|press
2021-11-25 10:23:49,079|'p'|release
2021-11-25 10:23:49,108|'r'|press
2021-11-25 10:23:49,188|'r'|release
2021-11-25 10:23:49,190|'o'|press
2021-11-25 10:23:49,271|'o'|release
2021-11-25 10:23:49,312|'c'|press
2021-11-25 10:23:49,406|'c'|release
2021-11-25 10:23:49,410|'h'|press
2021-11-25 10:23:49,475|'a'|press
2021-11-25 10:23:49,511|'h'|release
2021-11-25 10:23:49,577|Key.space|press
2021-11-25 10:23:49,612|'a'|release
2021-11-25 10:23:49,659|Key.space|release
2021-11-25 10:23:49,749|'t'|press
2021-11-25 10:23:49,831|'i'|press
2021-11-25 10:23:49,842|'t'|release
2021-11-25 10:23:49,908|'i'|release
2021-11-25 10:23:50,027|'m'|press
2021-11-25 10:23:50,130|'m'|release
2021-11-25 10:23:50,216|'i'|press
2021-11-25 10:23:50,285|'d'|press
2021-11-25 10:23:50,302|'i'|release
2021-11-25 10:23:50,336|'d'|release
2021-11-25 10:23:50,424|'e'|press
2021-11-25 10:23:50,463|'m'|press
2021-11-25 10:23:50,489|'e'|release
2021-11-25 10:23:50,547|'m'|release
2021-11-25 10:23:50,570|'e'|press
2021-11-25 10:23:50,650|'e'|release
2021-11-25 10:23:50,674|'n'|press
2021-11-25 10:23:50,737|'t'|press
2021-11-25 10:23:50,747|'n'|release
2021-11-25 10:23:50,761|Key.space|press
2021-11-25 10:23:50,809|'t'|release
2021-11-25 10:23:50,870|Key.space|release
2021-11-25 10:23:50,927|'d'|press
2021-11-25 10:23:51,004|'d'|release
2021-11-25 10:23:51,078|'e'|press
2021-11-25 10:23:51,138|Key.space|press
2021-11-25 10:23:51,174|'e'|release
2021-11-25 10:23:51,211|Key.space|release
2021-11-25 10:23:51,241|'l'|press
2021-11-25 10:23:51,275|'a'|press
2021-11-25 10:23:51,324|'l'|release
2021-11-25 10:23:51,357|Key.space|press
2021-11-25 10:23:51,383|'a'|release
2021-11-25 10:23:51,421|Key.space|release
2021-11-25 10:23:51,505|'p'|press
2021-11-25 10:23:51,585|'p'|release
2021-11-25 10:23:51,675|'o'|press
2021-11-25 10:23:51,759|'o'|release
2021-11-25 10:23:51,763|'r'|press
2021-11-25 10:23:51,818|'r'|release
2021-11-25 10:23:51,901|'t'|press
2021-11-25 10:23:51,966|'t'|release
2021-11-25 10:23:52,059|'e'|press
2021-11-25 10:23:52,149|'e'|release
2021-11-25 10:23:52,150|Key.space|press
2021-11-25 10:23:52,243|Key.space|release
2021-11-25 10:23:52,253|'e'|press
2021-11-25 10:23:52,321|'e'|release
2021-11-25 10:23:52,420|'t'|press
2021-11-25 10:23:52,448|Key.space|press
2021-11-25 10:23:52,494|'t'|release
2021-11-25 10:23:52,547|Key.space|release
2021-11-25 10:23:52,647|'f'|press
2021-11-25 10:23:52,705|'f'|release
2021-11-25 10:23:52,792|'r'|press
2021-11-25 10:23:52,845|'a'|press
2021-11-25 10:23:52,874|'r'|release
2021-11-25 10:23:52,941|'a'|release
2021-11-25 10:23:52,949|'p'|press
2021-11-25 10:23:53,029|'p'|release
2021-11-25 10:23:53,087|'p'|press
2021-11-25 10:23:53,147|'a'|press
2021-11-25 10:23:53,172|'p'|release
2021-11-25 10:23:53,226|'a'|release
2021-11-25 10:23:53,275|Key.shift|press
2021-11-25 10:23:53,432|Key.shift|release
2021-11-25 10:23:53,500|Key.shift|press
2021-11-25 10:23:53,611|'.'|press
2021-11-25 10:23:53,689|'.'|release
2021-11-25 10:23:53,761|Key.shift|release
